date,AAPL,AMD,AMZN,AVGO,BA,BAC,CAT,COST,CVX,DE,DIS,EEM,EFA,F,GLD,GM,GOOGL,GS,HD,HYG,IEF,INTC,IWD,IWF,IWM,JNJ,JPM,KHC,KO,LIN,LLY,LMT,LQD,MA,META,MSFT,MTUM,NEE,NKE,NVDA,PEP,PFE,PG,QQQ,QUAL,SBUX,SPY,T,TLT,TSLA,UNH,USMV,USO,UUP,V,VNQ,VZ,XLB,XLC,XLE,XLF,XLI,XLK,XLP,XLRE,XLU,XLV,XLY,XOM
2019-12-02,63.5634,38.73,89.08,26.3664,353.0793,28.2435,125.4263,270.6969,86.9471,150.7406,145.1659,36.2738,55.2007,6.4969,137.79,33.6155,63.8356,185.9965,183.0546,60.207,93.8259,50.8614,115.7658,40.5414,146.9832,114.1814,109.8605,22.1143,43.8616,182.3129,108.0838,320.2052,99.4071,275.6271,197.9616,141.0998,113.658,48.7813,84.082,5.1958,109.0571,26.006,103.3781,194.9975,89.4222,72.7163,282.6762,17.8042,112.8839,22.3247,247.7304,57.2,93.36,22.6508,173.2035,70.8822,40.5383,25.9689,48.749,21.6759,26.4193,72.5105,41.0331,51.9132,30.1914,25.4212,88.1877,57.2592,50.7663
2019-12-03,62.43,38.9,88.498,26.01,349.9976,27.745,122.882,269.1313,86.2696,149.1082,143.1997,36.0862,54.9973,6.4103,139.11,33.2876,64.1268,181.3816,180.0095,60.1235,94.6626,49.4589,114.8106,40.3046,146.5152,114.0152,108.4482,22.0071,43.9024,183.5941,108.8893,318.5358,100.1737,276.2237,197.0893,140.8733,113.7414,48.988,83.0935,5.1563,108.72,25.843,103.5718,193.4702,88.819,72.9313,280.7803,17.914,115.2508,22.4133,245.2855,57.0667,94.08,22.6255,173.3083,71.3385,40.66,25.8029,48.6554,21.352,26.049,71.7197,40.6695,51.8296,30.4381,25.4902,87.9918,56.6839,50.3656
2019-12-04,62.981,39.69,88.0345,26.2815,346.7768,28.0069,122.9346,269.905,87.0513,150.7224,142.9106,36.3591,55.5018,6.4536,138.92,33.5405,65.3254,184.5436,181.2455,60.3044,94.2992,49.4148,115.6789,40.5222,147.5246,115.8605,110.5874,22.1715,44.3023,184.2393,109.8707,321.0064,100.0407,275.9832,196.9802,141.3828,114.2702,49.4163,84.2258,5.2,110.1968,25.9041,104.9028,194.4499,89.4679,73.4299,282.5129,18.1764,114.1,22.202,247.4293,57.3421,97.52,22.6001,172.0697,71.6324,40.9236,25.8596,48.9082,21.6722,26.2959,71.9982,40.8348,52.1722,30.5972,25.685,88.811,56.9998,50.937
2019-12-05,63.905,39.62,87.024,26.4063,343.6355,28.1088,123.7506,266.792,86.5972,150.0931,142.101,36.5211,55.396,6.4392,139.0,33.4364,65.7226,185.5692,180.3143,60.3948,94.0795,49.4677,115.9134,40.5749,147.6713,116.0102,111.1891,22.3287,44.2207,185.148,110.8891,322.1416,99.9313,278.8791,197.6245,141.4583,114.4743,49.4795,86.0862,5.1832,110.1927,25.8294,104.9786,194.8342,89.7238,72.6131,283.0208,18.2193,113.545,22.0247,249.8032,57.4399,97.52,22.5494,173.2988,71.671,41.1197,25.9907,49.1142,21.5692,26.4193,72.0162,40.9859,52.1555,30.645,25.7296,88.811,56.9432,50.7589
2019-12-06,65.1394,39.63,87.58,26.8187,351.9957,28.6015,125.2157,268.476,87.8478,150.6677,142.3131,36.7344,55.9006,6.5041,137.62,33.6542,66.3382,191.9531,181.3979,60.4783,93.7921,50.1116,116.938,40.9097,149.3964,116.6918,112.8436,22.2143,44.4084,186.7655,110.7688,322.9095,99.8765,279.4084,199.2998,143.1754,114.7526,49.4437,87.1736,5.2683,111.0171,26.006,104.6163,196.9187,90.4731,74.221,285.606,18.2241,112.9166,22.3927,249.1542,57.6708,98.56,22.6339,173.5655,71.8179,41.3699,26.2572,49.4045,21.9814,26.772,72.8879,41.4391,52.3559,30.6529,25.6525,89.3986,57.4006,51.5751
2019-12-09,64.2275,38.93,87.4755,26.677,349.1328,28.4656,125.3123,268.6671,87.3193,153.1209,140.9156,36.5894,55.6076,6.4969,137.58,33.5026,66.5165,189.5602,183.3026,60.4783,93.8681,49.8647,116.6254,40.7614,149.1119,116.7916,112.3172,22.8145,44.1228,186.5838,111.3243,319.9715,99.8608,278.1191,199.5873,142.8075,114.3908,49.4184,86.8411,5.2683,110.8555,26.0264,105.1892,196.0253,90.3178,74.1866,284.7079,18.1477,113.1614,22.6353,246.7977,57.5376,98.64,22.6086,174.2801,71.9571,41.2482,26.2048,49.2172,21.9556,26.7103,72.6093,41.2219,52.3977,30.6927,25.5632,88.7753,57.4713,51.6863
2019-12-10,64.6028,39.44,86.9605,26.7347,345.8423,28.4826,125.3473,269.2314,87.7585,154.9449,140.8096,36.7173,55.632,6.5401,137.97,33.247,66.5116,189.62,182.7692,60.6244,93.7583,49.9176,116.5473,40.7184,149.2036,116.3676,112.3924,22.7788,43.8779,185.3297,111.7039,320.8896,99.8608,277.6862,199.1214,142.5905,114.2053,49.4563,87.1826,5.3133,110.1361,26.1351,104.6838,195.862,90.199,73.9802,284.3905,18.1573,113.1696,23.256,248.5583,57.4754,99.12,22.5832,173.6513,71.5395,41.3969,26.0475,49.0486,21.9998,26.7191,72.5194,41.255,52.2306,30.4779,25.5592,88.9712,57.3723,51.2411
2019-12-11,65.1539,39.47,87.436,27.1301,347.9299,28.576,126.3387,268.7946,86.5228,154.7625,142.2456,37.2546,55.925,6.569,138.92,33.3701,66.579,189.0303,179.4677,60.7496,94.1471,50.341,116.6775,40.8666,149.1578,117.1905,112.125,22.5787,44.0248,186.8654,111.8242,322.3921,100.252,279.0716,200.4993,143.1283,114.4743,49.7369,87.3354,5.3967,110.807,25.9585,105.0123,196.8994,90.528,74.4531,285.1978,18.2098,114.0593,23.5133,249.4298,57.4665,98.4,22.4987,173.4131,70.8126,41.2955,26.2441,49.2734,21.963,26.6574,72.9777,41.5336,52.3058,30.2471,25.6282,89.0513,57.5185,51.167
2019-12-12,65.3199,42.59,88.0165,27.8157,344.2419,29.4595,128.7778,270.6514,88.4433,158.5198,142.4094,37.9028,56.2994,6.7204,138.43,34.1844,66.789,193.1837,179.5016,60.8888,93.4033,50.7644,117.9974,41.0915,150.4424,117.4898,115.3338,22.8217,44.1799,190.7547,112.676,320.5641,99.7904,281.1498,195.0373,144.5812,114.5764,49.3403,87.8206,5.5638,110.8716,26.1758,104.9365,198.3691,91.2043,75.8461,287.6559,18.2956,112.182,23.9787,252.1952,57.6086,98.96,22.5325,174.0133,69.8537,41.3563,26.6111,49.3296,22.3679,27.1777,73.6248,41.9774,52.2641,29.881,25.5186,89.8793,58.023,52.1909
2019-12-13,66.2078,41.15,88.047,26.7652,339.6492,29.2556,127.6811,265.6724,87.8106,157.316,141.9246,37.8858,56.69,6.6555,139.05,33.7583,66.7087,192.2863,181.2286,60.9514,93.9527,50.9761,117.6327,41.2278,149.8642,117.523,114.3227,22.5787,44.4084,189.9641,112.5186,322.5841,100.4397,284.883,192.4203,145.7983,115.0773,49.9837,87.8656,5.5618,111.4859,26.0332,105.6946,199.0223,91.122,76.2416,287.8282,18.2527,113.4798,23.8927,253.8582,57.7508,99.92,22.5325,176.3952,69.8692,41.1129,26.4058,49.2172,22.1986,27.0807,73.427,42.256,52.4478,29.9129,25.7175,89.817,58.0749,51.3673
2019-12-16,67.3411,42.35,88.4605,27.4194,325.0659,29.4765,127.532,267.1561,88.8527,157.6352,143.9413,38.2072,57.2957,6.7709,139.04,34.1939,67.3937,194.8844,182.456,61.0697,93.5132,50.8967,118.4148,41.5683,150.9206,117.8639,114.7656,22.6788,44.4084,190.8456,113.7407,322.15,100.2129,285.72,196.1971,146.7419,115.6967,50.5153,88.8002,5.5906,110.7747,26.5833,105.7704,201.0203,91.7278,76.3362,289.8056,18.4101,112.4595,25.4333,259.6826,58.0224,100.72,22.4903,177.4433,70.3718,41.3969,26.5194,49.7041,22.4967,27.1777,73.3911,42.6338,52.6316,30.1436,26.0381,90.7875,58.3295,51.9386
2019-12-17,67.4735,42.77,89.533,27.4763,325.0659,29.7653,128.4181,269.0221,88.287,158.5381,143.2336,38.5557,56.9665,6.7709,139.01,34.3833,67.1059,197.5422,184.31,61.2575,93.5216,50.5439,118.5199,41.5371,151.6757,119.3352,115.4675,22.593,44.4084,190.5184,116.0368,322.9347,100.1346,284.7964,196.663,145.9494,115.4825,50.5891,89.5551,5.6686,110.0553,26.4203,105.5598,201.1356,91.6544,75.7773,289.8692,18.3672,112.3045,25.266,258.2955,57.9867,101.76,22.5325,176.7573,69.7068,41.5727,26.5587,49.6573,22.5114,27.2835,73.3192,42.5346,52.5481,29.8174,26.1233,90.6895,58.5888,51.7012
2019-12-18,67.3123,42.3,89.2015,27.7852,328.7242,29.8248,129.0761,265.6724,88.2498,157.4163,141.8083,38.7647,56.8924,6.879,139.02,35.3302,66.9583,196.944,184.547,61.3688,93.2681,50.4292,118.4585,41.5803,151.9705,119.0276,115.3505,22.6859,43.9922,189.3099,119.8791,317.6593,100.0642,283.5842,200.7372,145.6474,115.4359,50.6883,90.3819,5.6989,109.8937,26.4135,104.4647,201.2893,91.7462,75.6569,289.8873,18.4817,111.3822,26.21,260.4563,57.9599,101.92,22.5748,176.1666,70.5564,41.1467,26.5237,49.9944,22.5961,27.1689,73.0137,42.5299,52.4646,30.2391,26.2288,90.8142,58.6454,51.8422
2019-12-19,67.3796,42.83,89.614,27.5018,331.5275,29.6888,127.2337,267.3472,87.9371,157.5531,141.7016,38.7822,56.8924,6.7853,139.38,35.2829,67.1827,196.5081,186.4263,61.3367,93.3408,51.126,118.7125,41.8344,152.6243,120.8232,114.774,22.7931,44.3268,190.2821,121.1475,319.8128,100.163,286.2686,204.2662,146.9117,116.1438,50.7642,90.9032,5.8466,110.2978,26.4679,105.2313,202.5476,92.1225,76.1126,291.0755,18.5723,111.5604,26.936,261.9858,58.1922,102.24,22.5748,177.7291,71.1817,41.1062,26.6155,50.4532,22.5887,27.16,73.2114,42.8368,52.7486,30.5256,26.2369,91.1703,58.8293,51.486
2019-12-20,67.2401,44.15,89.325,27.3432,326.06,29.6973,129.4709,268.3667,89.091,159.2767,142.4094,38.8606,56.9336,6.8358,139.52,35.2734,66.9242,195.645,187.2475,61.246,93.3408,51.9993,119.3869,42.0143,152.8453,121.4133,114.682,23.0218,44.8572,192.7447,122.6104,322.5841,100.1317,287.2691,204.5041,148.5157,116.9914,51.1988,89.8337,5.9437,111.4697,26.6445,105.602,203.3642,92.6458,76.0611,292.3516,18.6773,111.7075,27.0393,260.1806,58.5675,101.04,22.6508,179.1201,71.5725,41.9648,26.7446,50.61,22.8054,27.192,73.5482,43.0855,53.147,30.7613,26.4173,91.8158,58.9191,51.8941
2019-12-23,68.3373,45.46,89.65,27.3886,335.5536,29.8757,130.2869,266.9831,89.5748,159.6416,140.2764,38.9128,57.0241,6.8069,139.95,34.8189,66.895,195.7817,185.5713,61.2738,93.2562,52.2463,119.3431,42.1054,153.1492,121.7292,114.6486,22.8074,44.8082,192.4358,121.4253,327.1164,100.1788,286.0183,204.3851,148.5157,116.535,50.3697,89.9056,5.9301,110.7585,26.7056,105.2145,203.9013,92.6549,75.8633,292.7983,18.6391,111.544,27.948,262.4037,58.3173,101.6,22.6388,178.2436,71.2129,41.5118,26.8193,50.4786,23.0396,27.1299,74.1533,43.2087,52.9196,30.5763,26.1719,92.1824,58.782,52.1538
2019-12-24,68.4023,46.54,89.4605,27.4718,331.0305,29.9182,129.3919,267.8206,89.5823,159.14,140.8678,38.8257,56.9665,6.8286,141.27,34.639,66.5879,196.4825,186.8072,61.3228,93.417,52.4051,119.3956,42.1006,153.4991,121.3053,114.9661,22.8503,44.645,192.2995,121.3883,325.6724,100.2807,286.2204,203.3344,148.4874,116.7214,50.7347,89.9955,5.9251,110.6372,26.6852,105.484,204.0072,92.6274,76.1126,292.8073,18.5866,111.8629,28.35,261.9146,58.3709,102.16,22.6388,178.7104,71.4005,41.4307,26.8501,50.4692,23.0284,27.192,73.8553,43.2229,52.987,30.6165,26.2087,92.0661,58.9144,51.9535
2019-12-26,69.7594,46.63,93.4385,27.2558,327.9687,30.173,130.0412,269.1859,89.7758,159.4135,141.2654,39.1045,57.2134,6.8141,142.38,34.5443,67.4814,197.5935,186.9343,61.4135,93.5524,52.7667,119.6934,42.4052,153.4991,121.2221,116.1862,22.6002,44.898,193.3263,121.416,327.4503,100.4611,287.8753,205.9812,149.7045,117.1032,51.0406,90.5077,5.9393,110.4756,26.7463,105.484,205.8073,92.967,75.7343,294.3661,18.6821,112.1326,28.7293,262.9016,58.5407,103.12,22.6043,180.2254,71.7132,41.4375,26.9687,50.854,23.021,27.3426,74.0269,43.545,53.0375,30.8015,26.2537,92.0035,59.6335,52.0351
2019-12-27,69.733,46.18,93.49,27.1315,328.1874,30.0286,130.0938,267.7114,89.5525,160.3347,141.3138,39.2613,57.3122,6.7492,142.33,34.62,67.0936,197.1234,186.2147,61.3856,93.6879,52.9961,119.6759,42.4004,152.744,121.1556,116.2697,22.593,45.1673,192.881,121.7679,328.5354,100.6023,289.357,206.2885,149.978,117.2802,51.1566,91.2806,5.8817,111.1626,26.7056,106.2169,205.6341,92.9854,75.7773,294.2932,18.7202,112.2553,28.692,263.1862,58.6837,103.28,22.4922,180.4445,71.9399,41.5997,26.8676,50.7601,22.9243,27.2717,73.9637,43.5403,53.2733,30.9141,26.3314,92.0304,59.6287,51.857
2019-12-30,70.1468,45.52,92.3445,26.8683,324.4695,29.8588,129.427,268.649,89.2175,159.5195,139.3941,38.9999,56.8842,6.6699,142.63,34.5064,66.3541,196.3885,183.9629,61.3437,93.6286,52.5903,119.1942,42.1126,152.3572,120.7816,115.8436,22.6573,45.102,192.1813,121.5642,327.1164,100.7827,286.4513,202.6306,148.6855,116.7027,50.8992,90.5886,5.7687,110.5726,26.4271,104.8522,204.2864,92.5356,75.184,292.6706,18.6248,111.8465,27.6467,261.301,58.496,103.12,22.4491,178.9582,72.0102,41.3834,26.7842,50.2346,22.852,27.192,73.6205,43.2892,52.9954,30.89,26.3273,91.4779,59.2455,51.5528
2019-12-31,70.6593,45.86,92.392,27.0878,323.8333,29.9182,129.5674,267.5384,89.7088,158.6951,140.2279,39.0871,57.1476,6.706,142.9,34.6579,66.3382,196.4996,184.8687,61.3995,93.2901,52.7932,119.527,42.1846,152.5691,121.2554,116.487,22.9574,45.1673,193.4626,121.6845,325.013,100.367,287.2884,203.4633,148.7893,116.9542,51.0827,91.047,5.8427,110.4594,26.6105,105.2145,204.6714,92.71,75.5967,293.3816,18.6439,110.7511,27.8887,261.4166,58.6211,102.48,22.3888,179.0248,72.5261,41.5118,26.9818,50.3284,22.9821,27.2806,73.5753,43.4266,53.0459,31.1072,26.4296,91.6578,59.3307,51.7754
2020-01-02,72.2716,49.1,94.9005,27.6338,331.3486,30.275,132.0679,265.3265,90.3937,161.9925,143.6893,39.8798,57.7236,6.7925,143.95,35.3965,67.7889,200.2513,185.9523,61.6579,93.7217,53.6665,120.0087,42.7673,152.6703,121.3385,117.8992,22.5859,44.8735,191.4998,122.4067,333.3516,100.5788,291.9067,207.9538,151.5443,117.3454,50.336,91.8468,5.9571,109.7725,26.5833,103.9593,208.0889,93.5178,76.8263,296.1253,18.5389,112.0018,28.684,260.1006,58.639,102.48,22.4663,182.0928,71.6741,41.2752,26.6655,50.9196,23.1888,27.5465,74.9661,44.2414,52.6248,30.7452,26.0983,91.9008,60.0355,52.6064
2020-01-03,71.5689,48.6,93.7485,26.9309,330.7919,29.6464,130.2342,265.545,90.081,160.7926,142.041,39.1393,57.0076,6.6411,145.86,34.3927,67.4343,197.9096,185.3343,61.5951,94.348,53.0137,119.203,42.4579,152.0717,119.9337,116.3433,22.3215,44.6287,186.5201,121.9993,345.3461,100.9239,289.0587,206.8535,149.6573,117.3268,50.6946,91.5952,5.8618,109.6189,26.4407,103.2601,206.1828,92.9119,76.3792,293.883,18.6343,113.7267,29.534,257.4684,58.6748,105.44,22.4922,180.6446,72.1196,40.8357,26.235,50.5912,23.1199,27.254,74.8216,43.744,52.5406,30.9705,26.1514,91.0999,59.5247,52.1835
2020-01-06,72.1392,48.39,95.144,26.8906,331.7661,29.6039,130.1465,265.6178,89.7758,161.9467,141.2169,39.0435,57.2299,6.605,147.39,33.9382,69.2317,199.9351,186.2062,61.5322,94.2465,52.8638,119.3081,42.7289,152.2744,119.7841,116.2508,22.3715,44.6124,185.7296,122.453,344.8202,100.5866,289.8286,210.7493,150.0441,117.4572,50.9477,91.5143,5.8864,110.0392,26.4067,103.4033,207.5113,93.1322,75.7773,295.0041,18.6534,113.0809,30.1027,259.2558,58.7552,105.28,22.4405,180.254,72.2056,40.7478,26.1208,51.2669,23.2999,27.2363,74.8487,43.8482,52.6501,30.9785,26.176,91.6668,59.6902,52.5841
2020-01-07,71.7999,48.25,95.343,26.798,335.2852,29.4085,128.4269,265.1991,88.6294,159.1348,141.2654,39.0174,57.0735,6.6699,147.97,33.2848,69.098,201.2512,184.9872,61.4763,94.1111,51.9817,118.949,42.6402,151.7679,120.5156,114.2745,21.9786,44.2696,186.1294,122.6845,345.9805,100.3278,288.8471,211.2053,148.6761,117.1684,50.9034,91.4693,5.9576,108.3095,26.3184,102.7631,207.4824,93.0037,75.5452,294.1747,18.725,112.525,31.2707,257.6907,58.5139,105.04,22.5181,179.7776,71.4005,40.2949,26.0901,51.3326,23.2386,27.059,74.6952,43.8293,52.2458,30.6406,26.1392,91.4869,59.5956,52.1538
2020-01-08,72.9549,47.83,94.5985,26.4637,329.4101,29.7058,129.5674,268.2393,87.617,161.1132,140.9745,39.2439,57.2381,6.6699,146.86,32.8114,69.5898,203.1911,187.7554,61.5322,93.891,52.017,119.203,42.9927,152.2374,120.499,115.166,21.8571,44.3512,188.4557,123.7955,343.0841,100.1866,293.9437,213.3465,151.0442,117.7925,50.8802,91.2626,5.9688,108.8672,26.529,103.2011,209.0419,93.3801,76.4222,295.7425,18.7822,111.7811,32.8093,263.124,58.639,101.28,22.5784,182.855,71.6194,40.3692,26.1823,51.6985,22.8558,27.2363,74.9481,44.2983,52.4395,30.7935,26.1269,92.0808,59.7754,51.3673
2020-01-09,74.5045,48.97,95.0525,26.2512,334.3507,29.7568,129.2428,272.5448,87.4756,162.6703,140.4218,39.5052,57.3698,6.6771,146.03,33.2186,70.3204,207.3275,190.6337,61.6928,93.9587,52.3081,119.7284,43.3452,152.4217,120.8564,115.5865,21.8499,45.1591,189.7824,125.8416,346.3394,100.6651,297.7974,216.3997,152.9312,118.8171,51.2789,91.1997,6.0344,108.94,26.4135,104.33,210.8132,94.142,77.8409,297.7477,18.8398,112.1735,32.0893,261.63,59.0054,99.92,22.6215,184.1222,71.5803,40.2019,26.279,51.9707,23.0243,27.4047,75.2641,44.8004,52.8101,30.7854,26.2701,92.4767,60.0923,51.7605
2020-01-10,74.673,48.17,94.158,25.6477,327.9687,29.5105,128.2075,270.5604,86.6791,158.8508,140.2182,39.7143,57.1558,6.6699,146.91,32.8114,70.7745,206.9086,189.8125,61.7137,94.1618,51.9905,119.273,43.2684,151.8507,120.5821,114.4343,21.9357,45.3142,189.9914,127.7673,345.4212,100.9474,299.7917,216.1618,152.2236,118.8171,51.3759,90.6785,6.0666,108.7299,26.821,104.431,210.2741,94.0135,77.5228,296.8909,18.7281,113.1709,31.8767,262.4392,58.9786,99.28,22.6043,184.6176,72.1274,40.2975,26.1735,51.7642,22.8941,27.2008,74.7313,44.6962,52.7764,31.0831,26.3396,92.5037,59.7659,51.3005
2020-01-13,76.2683,48.75,94.565,25.8157,328.2669,29.7823,128.8129,272.9543,86.8428,160.0507,139.5008,40.3328,57.452,6.6627,145.82,33.1239,71.3228,209.558,189.0676,61.7137,94.0518,52.5639,119.9474,43.6617,152.8361,121.1141,115.3846,22.2644,45.8038,192.4631,128.6377,349.7533,100.7043,303.684,219.9783,154.054,119.9255,51.9771,91.8108,6.2568,110.3463,26.7667,105.1976,212.7,94.7937,78.3138,298.9328,18.4999,112.8275,34.9907,254.1872,59.336,97.6,22.6043,186.1039,72.995,40.4068,26.5118,52.2522,22.9018,27.3869,75.3454,45.2552,53.1217,31.4612,26.4991,92.1797,59.9551,51.7902
2020-01-14,75.2384,48.21,93.472,26.4157,330.3843,30.0032,128.69,272.8452,86.5749,159.0707,140.7806,40.1063,57.5097,6.6988,145.69,33.2848,70.8553,209.9425,188.6189,61.7068,94.238,52.4227,120.14,43.5082,153.3979,121.7957,116.7302,22.6716,45.6977,190.791,130.2208,347.3494,100.8298,299.2811,217.1531,152.9689,119.6927,52.2577,92.4939,6.1401,110.6049,27.215,105.0375,211.8625,94.656,78.2364,298.477,18.495,113.4079,35.8613,256.3124,59.3003,98.24,22.6129,186.7899,72.7215,40.3317,26.402,52.1208,22.9056,27.3338,75.3544,45.042,53.1386,31.3083,26.5768,92.7377,59.9362,51.345
2020-01-15,74.916,48.55,93.101,25.9837,327.8494,29.451,127.7162,273.8191,86.4483,158.3837,139.9274,39.7927,57.5097,6.6267,146.54,33.2848,71.2817,209.558,190.1257,61.7207,94.475,51.9905,120.1664,43.6809,154.1346,122.203,114.9809,22.5787,46.2689,192.1359,130.6467,351.3643,101.0494,302.7591,219.2249,153.9596,120.708,53.0699,92.377,6.0977,112.5042,27.6225,106.1074,211.9491,94.9406,78.7093,299.1515,18.3882,114.16,34.5667,263.5775,59.7114,97.44,22.5784,190.3628,73.378,40.3727,26.5821,52.3742,22.7372,27.1831,75.4718,45.0941,53.5176,31.5255,26.949,93.5385,59.799,51.2634
2020-01-16,75.8544,49.77,93.897,26.3189,330.0364,29.4935,129.7341,275.8306,87.0141,160.7193,140.703,40.0453,57.7483,6.6122,146.31,33.6636,71.8245,213.4122,193.7066,61.7417,94.2803,52.6256,121.0421,44.0885,156.1238,123.1922,115.4267,22.6716,46.3668,193.608,130.943,355.3291,101.1905,308.5877,219.8395,156.7807,121.6674,53.2154,92.8983,6.1811,112.8356,27.5817,106.2001,213.9804,95.7116,79.6036,301.64,18.4659,113.8003,34.2327,267.4278,60.1671,98.32,22.6129,191.4585,73.9642,40.762,26.7402,52.7778,22.7754,27.4224,76.2214,45.7005,53.6608,31.8071,27.1167,94.0244,60.3336,51.0631
2020-01-17,76.6942,50.93,93.236,26.468,322.2328,29.485,130.5646,277.3326,86.0389,161.3879,139.937,40.2718,57.9211,6.605,146.58,33.711,73.2787,213.19,196.3225,61.6928,94.2042,52.5727,121.2698,44.2588,155.7002,123.9986,116.2256,22.1715,46.4648,194.5531,129.2302,355.2956,101.1749,311.825,220.2062,157.6581,122.3753,53.4538,93.9408,6.1898,114.1692,27.5138,106.4865,215.0393,95.9778,80.4978,302.5789,18.6358,112.8275,34.0333,265.4093,60.4263,98.64,22.6905,195.0314,74.0346,41.0763,26.8588,53.1907,22.63,27.5022,76.2304,46.0084,53.7534,31.8473,27.3048,94.0244,60.5465,50.8702
2020-01-21,76.1745,51.05,94.6,26.4063,311.5166,29.1027,128.8595,285.1425,84.3491,158.054,139.1905,39.2526,57.4603,6.6411,146.74,33.1333,73.4139,209.9767,197.2029,61.5601,94.5766,53.4107,120.7618,44.2348,154.4109,124.0817,115.0818,22.1572,46.6524,192.3994,130.4616,355.7046,101.6612,310.1583,219.5123,157.092,123.0087,54.19,93.9857,6.1565,114.6541,27.3983,106.2169,214.943,95.7208,79.5606,301.9864,18.7038,114.0128,36.48,267.2411,60.5782,97.92,22.6733,197.499,74.738,41.2061,26.5689,53.1437,22.2242,27.2717,75.3906,45.9895,53.9387,32.1691,27.5543,94.1234,60.362,50.143
2020-01-22,76.4464,51.43,94.373,26.8263,307.1724,29.1877,126.0145,283.8955,84.0439,156.7716,139.6268,39.5749,57.5755,6.605,146.79,33.0576,73.4941,211.1304,197.1605,61.6718,94.5935,55.3336,120.8057,44.266,154.3096,123.2338,114.9473,21.9142,47.0115,191.8088,131.0634,354.2606,101.7161,312.4512,219.3934,156.3372,123.2975,54.8249,93.9048,6.2104,115.8826,27.2965,106.4022,215.511,95.7759,79.5606,302.0228,18.9563,114.4134,37.9707,267.2945,60.6854,95.2,22.656,198.0802,74.2378,41.3154,26.4635,53.1156,22.0099,27.3515,74.9932,46.1553,53.9808,31.9116,27.6402,94.2404,60.3336,49.8537
2020-01-23,76.8145,51.71,94.229,27.3989,315.9104,28.9838,126.1206,284.7966,84.1927,157.596,137.8719,39.1655,57.4356,6.5906,147.12,33.0292,73.5348,209.8741,197.7954,61.4833,94.8305,55.8541,120.8494,44.3427,154.2083,123.4665,114.8296,21.9214,47.191,190.4821,130.7394,357.9,101.8494,313.0967,217.847,157.2996,123.5303,54.8629,92.5837,6.2787,116.1008,27.6496,105.9158,216.2041,95.6841,80.6096,302.3692,18.7572,115.2145,38.1467,266.2896,60.8284,93.28,22.7164,196.7654,74.8631,41.3359,26.4327,52.8997,21.9257,27.2806,75.806,46.3732,53.9303,32.2173,27.8856,93.7635,60.4235,49.542
2020-01-24,76.5931,50.35,93.082,27.7718,321.1393,28.4911,124.0267,282.6394,83.2622,155.819,135.8164,38.8518,57.1887,6.4897,147.98,32.4894,72.6175,206.7463,196.3986,61.225,95.1691,60.3968,119.7722,43.9422,152.3112,123.292,111.9786,21.7285,47.0686,190.8183,128.758,361.005,102.022,311.8346,216.0428,155.7145,122.9807,55.6307,91.694,6.2196,115.5108,27.0452,106.0429,214.3847,94.6927,79.1307,299.6802,18.6941,116.1465,37.6547,260.3762,60.5424,91.44,22.7508,195.3172,74.6051,41.1787,26.2438,52.2616,21.673,26.9349,75.4538,46.1553,53.5597,32.1691,27.9592,92.1977,59.5814,49.2081
2020-01-27,74.3409,49.26,91.417,26.4886,314.7275,27.905,119.9184,281.6745,82.1754,149.5541,131.7636,37.5103,56.0036,6.4103,148.99,31.6372,70.9117,203.5159,195.7129,60.8131,95.8123,57.9446,118.0907,43.1869,150.5799,123.6494,111.0367,21.6856,46.9054,186.1749,128.0544,360.9048,102.2181,304.2234,212.9995,153.1104,121.8909,56.2678,90.0854,5.9643,114.8804,27.2761,106.509,209.9565,93.1231,76.2932,294.8765,18.5727,117.953,37.2013,252.6222,60.1135,88.8,22.7853,192.1636,74.2456,40.926,25.6771,51.4452,21.0721,26.5184,74.0269,45.0562,53.3913,32.0323,27.8897,91.4958,58.6921,48.0358
2020-01-28,76.444,50.53,92.6625,27.284,314.6877,28.2363,120.8107,282.9487,82.7188,149.2793,134.1585,37.8239,56.5303,6.468,147.66,31.855,71.8414,207.3104,197.9732,61.3367,95.4907,59.3736,119.0366,43.7288,151.8323,124.2729,113.0551,21.5284,46.5219,188.9009,128.9339,364.903,102.1632,308.5589,215.8941,156.1108,122.9621,56.0716,90.2381,6.1573,115.1229,25.9041,106.7971,213.1814,93.9584,76.1814,297.9666,18.7329,117.0293,37.7933,254.205,60.4709,90.0,22.7853,193.2687,74.5426,41.4657,25.9671,52.0364,21.1678,26.8286,74.5055,45.9184,53.4586,32.1127,28.0042,91.9458,59.2645,47.969
2020-01-29,78.0441,47.51,92.9,27.2155,320.1154,28.0409,119.9625,281.7928,82.1605,146.6963,131.9188,38.0069,56.5385,6.4974,148.46,31.8171,72.1485,205.208,198.1087,61.3018,95.9478,58.5092,118.5286,43.8247,150.9666,125.1374,112.8868,21.164,46.5219,189.219,129.545,362.1235,102.4926,308.607,221.2868,158.545,122.5802,56.0611,89.7259,6.0969,114.549,25.5238,105.9751,213.5279,94.0869,74.5649,297.7205,17.99,118.1737,38.7327,251.5639,60.2654,89.28,22.8198,195.1838,74.2691,40.6664,26.0505,51.9519,20.9458,26.7843,74.9029,46.0369,53.1891,31.9438,28.0778,91.6938,59.2314,47.5684
2020-01-30,77.931,48.78,93.534,27.0175,321.3878,28.4401,119.6003,281.6926,82.9273,147.5665,133.6155,37.4406,56.4892,6.4827,148.47,31.5614,72.0271,208.6349,197.0674,61.3646,96.0409,58.6327,119.0716,43.9087,150.9666,124.9877,114.2829,21.3926,48.0315,189.219,132.0911,363.843,102.5553,312.5958,207.706,163.0172,123.4464,56.9407,88.243,6.1036,116.2463,25.4346,106.7293,214.2884,94.2154,73.8083,298.6867,18.1745,118.1901,42.7207,249.8567,60.739,88.64,22.7508,198.3755,74.3238,40.5503,25.888,51.4264,21.1142,27.121,74.9842,46.4348,53.8208,32.0162,28.3396,91.0279,59.132,48.0729
2020-01-31,74.4757,47.0,100.436,26.1569,316.3876,27.888,116.0486,278.0972,79.7561,145.2492,134.1003,36.6828,55.5345,6.468,149.33,31.6182,70.9637,203.1826,193.0971,61.1133,96.5233,56.3921,116.9697,43.1389,147.8355,123.7491,111.3142,20.8639,47.6562,184.5846,129.2858,357.349,102.8221,304.3873,200.1524,160.6112,121.332,56.5758,86.5445,5.8707,114.7834,25.5512,105.6023,210.8902,92.0767,72.9398,293.2632,18.2668,119.2691,43.3713,242.2715,59.9973,86.72,22.656,189.572,73.4171,40.6049,25.3169,50.5912,20.4558,26.5538,73.2502,45.1605,53.2144,31.5577,28.2128,89.2103,59.2834,46.0918
2020-02-03,74.2712,48.02,100.21,26.1629,314.131,28.0069,114.6527,274.8931,79.1159,144.9836,137.0187,37.0922,55.6662,6.5854,148.36,31.9307,73.4313,204.2594,196.0092,61.1034,96.4411,56.8244,117.4952,43.6545,149.4839,124.8298,112.1636,20.8282,47.803,190.3185,130.5449,353.7932,102.741,312.6535,202.4125,164.5268,122.487,56.2826,89.2136,5.9676,115.1795,25.7365,106.0175,214.0766,92.9946,73.9545,295.4417,17.9463,119.1726,52.0,243.6676,60.319,83.92,22.7681,191.3251,73.6594,39.6554,25.8484,51.1918,20.1879,26.7399,73.2231,45.7574,53.2144,31.5899,28.3028,90.0201,59.7044,45.0605
2020-02-04,76.7231,49.45,102.4835,26.7089,316.0595,28.5591,117.957,277.5328,79.5402,150.6074,140.3249,38.0504,56.5962,6.732,146.43,32.5462,71.5893,206.7634,198.9383,61.4681,95.8817,57.7417,118.7914,44.5201,151.7402,126.0185,113.7783,20.8282,48.0152,194.0078,132.804,359.5693,102.4894,317.0853,208.0034,169.9424,124.0054,55.8037,91.1098,6.1364,115.7533,25.86,106.4836,218.9766,94.3623,75.9923,299.9445,18.2717,117.5676,59.1373,249.7321,60.7301,83.52,22.8026,193.9452,74.4176,39.8193,26.3053,51.7267,20.2606,26.997,74.6049,46.9559,53.5344,32.0001,28.0206,91.6038,60.7924,44.4965
2020-02-05,77.3487,49.84,101.9935,27.2043,327.6009,29.485,121.4292,281.2193,82.0935,154.1979,137.0671,38.2682,57.1393,6.094,146.61,33.1712,71.621,208.7802,201.571,61.7205,95.4664,59.4001,120.6393,44.7024,154.0793,128.0052,115.7126,20.9854,48.0234,196.9521,136.4241,363.2503,102.4265,316.3145,208.281,169.7349,123.9215,56.2615,90.355,6.2266,116.6262,26.1893,107.4581,219.6986,95.5097,75.6381,303.4083,18.3591,116.2821,48.98,262.9729,61.2037,85.6,22.8888,193.2306,74.4645,40.3931,26.7929,51.8112,21.0223,27.5376,75.8511,47.2307,53.964,31.976,28.1351,93.3675,61.0999,46.5444
2020-02-06,78.2535,49.32,102.5115,27.4023,339.4106,29.451,121.2613,283.3264,81.5054,154.665,138.3566,38.3031,57.2957,6.05,147.4,32.5084,73.1029,206.6608,202.189,61.7696,95.5342,59.471,120.6568,44.9686,153.7294,127.6228,115.7294,20.7639,48.1376,196.9611,136.3778,366.4054,102.3793,317.2587,209.0146,173.2541,124.5456,56.6032,90.1123,6.3132,116.6504,26.2511,107.7377,221.595,95.8493,74.4201,304.4293,18.665,116.8061,49.9307,260.065,61.2752,85.92,22.9319,193.4498,74.7146,40.6049,26.7798,52.4587,20.808,27.5022,76.0949,47.6617,54.0567,32.1127,28.1433,93.4485,60.9627,45.9137
2020-02-07,77.1898,49.73,103.964,27.02,334.7583,29.4,117.8333,286.0811,81.096,153.3735,136.7278,37.7717,56.7525,5.9474,147.79,31.8455,73.2584,203.3962,200.8853,61.6784,95.9919,58.5225,119.9124,44.7767,151.8415,126.2596,115.3594,21.1068,48.3008,194.6076,135.5538,366.5724,102.7725,315.0428,210.4817,173.4994,124.0705,56.8584,89.3664,6.2472,117.4909,26.107,106.8395,220.642,95.216,74.6533,302.8068,18.6698,118.2636,49.8713,257.1839,61.1143,84.64,22.9836,193.1639,74.6989,40.9465,26.3976,52.4211,20.6625,27.4047,75.5441,47.2259,54.124,32.1288,28.0533,92.7197,60.6978,45.6095
2020-02-10,77.5564,52.26,106.6955,26.9318,342.6315,29.468,118.6726,286.2271,81.7288,154.0971,138.25,37.9807,56.8677,5.9107,148.17,32.4326,74.722,202.8493,203.6874,61.7625,96.1784,58.8505,120.324,45.2587,152.698,126.2346,115.8388,21.214,48.7578,195.7707,134.7205,367.0648,103.0163,318.2029,211.2053,178.0376,125.3373,57.3225,89.8876,6.5297,117.7253,25.9423,106.9157,223.3085,95.6749,75.6122,305.0673,18.6164,118.5911,51.4187,255.2364,61.4718,83.36,23.0181,196.2604,75.5353,41.1514,26.3844,52.7308,20.5591,27.4844,75.9685,47.8655,54.3514,32.4989,28.1596,93.2146,61.3838,45.1278
2020-02-11,77.0885,53.8,107.54,27.4426,342.3829,29.5359,120.3248,283.3903,82.7858,155.9473,136.7181,38.4773,57.2545,5.94,147.66,33.1523,74.7913,202.0801,204.5593,61.8046,95.9495,59.7546,120.8494,45.2851,153.7571,126.3427,116.0574,21.4427,48.6272,196.4795,133.554,367.14,102.8669,318.8195,205.3864,174.0183,125.4398,57.409,89.8876,6.6519,118.0648,26.1344,105.2125,223.347,95.8493,75.5949,305.596,18.5339,117.9934,51.6253,258.58,61.579,84.0,22.9922,194.3072,76.1059,40.0926,26.5294,52.6745,20.7888,27.5819,76.2575,47.7044,54.1493,32.893,28.2619,93.7724,61.8663,45.5568
2020-02-12,78.9192,53.89,108.0,27.8318,345.395,29.6634,123.3287,287.4402,83.4037,157.3854,137.5325,38.9999,57.452,6.0427,147.54,33.6068,75.2158,203.9517,204.517,61.9658,95.7037,59.799,121.2873,45.6736,154.816,125.5945,116.0574,21.4641,48.4804,197.37,132.8688,364.4272,102.8197,321.941,208.9253,174.2731,125.7658,57.0103,92.5657,6.7674,118.0648,25.8943,104.6108,225.5227,96.4276,76.5106,307.5649,18.4707,117.3957,51.1527,269.8643,61.6684,86.48,23.0526,197.642,76.5592,39.7783,26.6743,53.3596,21.0682,27.5997,76.971,48.2207,54.124,33.1022,28.2823,93.8894,62.5002,46.1138
2020-02-13,78.3572,54.53,107.4935,27.7692,342.82,29.6549,123.4435,290.2497,83.1208,156.4053,136.6114,38.486,57.0488,6.05,148.38,33.4174,74.9562,203.6953,205.1688,61.9869,95.7885,59.7812,121.3136,45.6376,155.2213,124.7633,115.9565,19.8421,48.6436,201.0594,131.9661,362.8413,102.7489,323.5596,211.2846,173.3296,126.6321,58.1094,92.8983,6.7237,118.38,25.3385,105.8904,225.2339,96.1981,77.6854,307.2367,18.6018,117.8461,53.6,268.7261,61.9633,86.72,23.0784,197.89,77.0204,40.0652,26.5777,53.369,21.0032,27.5908,76.5375,48.0928,54.4441,33.3033,28.5973,93.4485,62.3914,45.8579
2020-02-14,78.3765,55.31,106.7435,27.2378,340.49,29.6039,121.9151,290.3501,82.9024,153.9414,135.2928,38.5034,56.95,5.94,149.0,32.9155,75.2207,202.61,207.4291,61.9799,96.0258,59.6305,121.2786,45.803,154.6227,124.7966,115.6033,19.2062,48.921,202.3134,131.3332,365.4706,103.0005,328.4828,212.3155,174.877,127.489,58.7527,93.051,7.1957,118.8003,25.0504,106.8903,225.8788,96.3817,77.1239,307.7289,18.5727,118.3619,53.3353,265.6849,62.2582,87.6,23.0698,200.6475,77.8176,39.9696,26.5821,53.4347,20.8922,27.6262,76.4382,48.3013,54.5704,33.6894,28.7895,93.5205,62.2968,45.6472
2020-02-18,76.9414,56.89,107.7835,26.636,338.88,29.1112,120.6693,293.7615,83.0229,152.3202,134.905,38.2508,56.5879,5.9107,150.91,32.5841,75.2559,199.3027,206.5064,61.8537,96.1784,58.6289,120.6831,45.7935,154.2911,123.9736,114.0727,19.5278,48.5783,203.1403,131.2309,363.5508,103.1971,328.7621,215.904,176.6507,127.3865,59.4953,91.667,7.364,117.6769,24.92,105.8141,225.9655,96.1155,77.0807,306.936,18.5776,119.1726,57.2267,268.6728,62.2135,87.6,23.156,201.5158,77.7316,39.5597,26.5162,53.7913,20.7199,27.3869,76.0047,48.1213,54.3767,33.6573,29.0308,93.1876,62.292,45.0676
2020-02-19,78.0557,58.9,108.511,27.0595,338.3,29.4935,120.9167,294.6464,83.3994,151.0654,136.9993,38.5295,56.7772,5.8667,151.79,33.067,75.5248,202.8237,206.2525,61.8817,96.1614,59.4887,121.0334,46.11,155.0831,123.8074,115.6285,19.5135,48.7741,202.168,131.0634,362.6576,103.0556,331.9607,215.5967,177.1805,127.6846,57.9406,92.0805,7.8142,117.6202,24.8582,106.2971,228.1315,96.4368,77.8668,308.4034,18.665,119.1644,61.1613,271.4916,62.1867,89.44,23.1991,203.529,76.6843,39.7715,26.5865,54.0352,20.9955,27.5908,75.9776,48.6945,54.3178,33.1826,28.7159,93.6195,62.5711,45.4138
2020-02-20,77.2549,57.27,107.655,26.5066,336.28,29.6039,120.9786,295.6132,82.6991,151.8897,136.0976,37.9285,56.4398,5.8887,152.41,33.4174,75.1345,198.8925,209.1138,61.9869,96.4411,58.0172,121.0596,45.8246,155.4607,123.3335,115.6285,19.5921,48.7333,201.0048,132.1522,355.5544,103.4016,331.8548,212.7121,174.4748,127.1537,58.4384,92.1434,7.6652,117.3212,24.5975,107.2632,226.0136,96.1431,76.5365,307.1365,18.7475,120.0978,59.9607,268.6639,62.0616,90.24,23.2681,201.7543,77.5987,39.6827,26.6304,53.4816,20.9726,27.5376,75.8692,48.1876,54.3599,33.5527,28.8181,93.0166,62.5948,45.0526
2020-02-21,75.5062,53.28,104.7985,26.1003,330.38,29.1877,121.2259,293.6703,82.0966,162.5145,134.7402,37.7107,56.1764,5.786,154.7,32.8114,73.4739,197.0892,207.6916,61.9308,96.831,57.0333,120.4728,45.1052,153.886,124.6303,114.2157,19.4777,49.0679,198.406,132.1894,357.0818,103.6061,327.2785,208.3504,168.9591,125.9987,58.5565,90.0943,7.302,117.8789,24.5083,107.3649,221.672,95.216,75.4653,303.9735,18.7184,121.2196,60.0667,268.0414,61.8829,89.28,23.1302,199.2354,77.8254,39.7578,26.5074,52.6651,20.7237,27.2717,75.4899,47.1075,54.4525,33.7296,28.7649,93.0706,61.6392,44.5032
2020-02-24,71.9197,49.12,100.4645,24.9946,317.9,27.803,116.7731,286.0721,78.8582,157.4128,128.9616,36.2995,53.9297,5.5514,156.09,31.3342,70.3238,191.8933,202.917,61.2647,97.5853,54.7463,116.9785,43.4723,149.2537,122.0621,111.146,19.0276,47.8602,191.3272,128.5692,350.0287,103.6218,312.7981,198.9727,161.6743,122.869,57.7866,86.194,6.7857,115.2845,23.7879,104.4837,213.1236,91.9298,73.012,293.8921,18.4756,123.0292,55.586,247.02,60.6318,85.92,23.1388,189.6748,76.7624,39.6144,25.7606,50.9009,19.7668,26.3854,73.3405,45.1605,53.1975,33.2792,28.4296,90.1371,59.5199,42.4184
2020-02-25,69.4836,47.57,98.637,24.23,304.14,26.4014,113.9724,278.0905,75.8457,152.6408,124.2883,36.012,53.0409,5.302,153.3,30.0653,68.6626,185.9708,200.9531,60.837,97.8565,52.9468,113.3265,42.1726,143.9492,121.008,106.1841,18.6275,47.1829,183.2397,126.0192,334.1779,103.724,291.8145,195.0571,159.0064,119.4598,57.0251,83.4889,6.5069,114.0399,23.2802,102.8991,207.3284,89.1209,70.9993,284.9865,18.1357,123.6843,53.3273,234.215,59.1126,83.2,23.0698,179.7612,74.6833,39.0201,24.6492,49.5401,18.8941,25.4902,70.3513,43.7156,52.2374,32.4426,27.8324,87.4016,57.9305,40.7927
2020-02-26,70.5859,47.49,98.9795,24.5043,305.59,26.0192,113.3097,278.8386,73.835,152.8881,119.6053,36.2995,53.1067,5.2874,153.97,30.302,68.8682,184.4069,199.1753,60.9001,97.8056,52.8759,112.1091,42.1774,142.2823,120.1965,106.5037,18.3202,47.0033,184.839,124.2696,334.6286,103.3387,287.1419,195.4833,160.9932,118.7612,56.8437,82.6801,6.6459,114.7511,23.8222,101.8229,208.3969,88.9282,69.6862,283.9383,18.0143,123.0292,51.92,233.8682,58.9071,81.52,23.0871,178.6258,73.8783,39.0337,24.5657,49.4463,18.3237,25.3041,69.8185,43.9146,51.9426,32.161,27.5502,87.3926,57.4716,39.897
2020-02-27,65.9718,44.01,94.215,23.4817,287.76,24.745,108.9099,267.3819,70.8903,146.5407,114.4472,35.4284,51.5348,5.1114,154.0,29.0804,65.1278,175.7839,190.2443,60.0798,98.2803,49.4897,107.3624,40.2494,137.2725,116.3818,102.0717,17.8415,44.8245,177.1514,120.2306,321.0231,102.7882,275.3686,188.0982,149.6498,113.545,54.2525,79.5796,6.276,110.217,23.3968,96.1793,197.9617,85.1463,67.6302,271.1861,17.3491,124.3639,45.2667,225.794,56.2888,78.24,22.9491,171.7559,69.9467,37.6128,23.4147,47.4943,17.3438,24.2228,67.2266,41.5459,49.8285,30.343,26.311,84.4231,55.1489,37.4962
2020-02-28,65.9332,45.48,94.1875,23.3677,275.11,24.2098,109.7669,256.445,70.2953,143.3257,114.0691,35.2977,51.2221,5.104,148.38,28.8816,66.3313,172.6284,184.4115,60.3252,99.3821,49.2149,106.1013,40.2782,134.7584,112.5002,97.648,17.6986,43.6495,173.5712,117.3828,310.6668,103.9442,279.6367,190.7945,153.2733,112.6136,53.5972,80.5484,6.71,106.7093,22.9302,95.9505,198.1157,84.4028,67.7512,270.0467,17.1015,127.1725,44.5327,226.7188,54.7518,75.6,22.8715,173.4257,68.2585,36.998,23.1599,47.6351,17.3285,23.567,65.9984,41.8633,48.843,29.5949,25.4316,83.3343,54.7941,38.7154
2020-03-02,72.0716,47.46,97.6975,24.4263,289.27,24.9488,112.7354,281.9855,72.7429,150.1403,116.3282,36.0643,51.8805,5.28,149.2,29.7528,68.6626,180.1089,194.6548,60.783,99.3142,51.5728,110.0685,42.1222,139.0867,117.1348,102.1978,18.6275,45.6324,180.0593,123.6274,320.3092,103.8409,295.5236,194.73,163.4719,118.044,56.9031,83.5223,6.8681,111.1949,23.932,101.3145,208.3392,88.1388,71.1634,281.7415,18.0532,126.2369,49.5747,242.8583,57.7812,79.36,22.7508,183.511,71.1739,39.1567,24.1527,49.2868,18.029,24.7723,68.3193,44.2841,51.454,31.067,26.9285,87.2396,56.6769,40.5518
2020-03-03,69.7827,46.75,95.4495,23.5074,280.62,23.5727,109.8906,276.1386,71.0861,144.5164,112.9056,35.8204,51.4608,5.1114,153.89,28.9005,66.2555,174.9155,192.9617,60.5224,100.4682,49.6138,107.2398,40.8489,136.2504,113.4288,98.3629,18.2202,45.7467,177.5513,121.2729,316.9914,105.0237,281.3226,184.2718,155.6384,115.7526,56.2245,81.9452,6.6062,109.5785,23.534,100.1366,201.6583,85.4951,67.898,273.6747,17.6259,128.1967,49.7007,232.4455,56.7803,79.12,22.656,177.2137,71.0098,38.05,23.9419,47.6633,17.4778,23.8417,66.6486,42.6023,50.755,31.0429,26.5973,85.071,55.305,38.6101
2020-03-04,73.0195,50.11,98.7915,24.4674,283.12,24.1164,112.5587,292.5666,74.204,149.3617,115.5525,36.4563,52.9997,5.192,154.16,29.8569,68.4288,179.4812,204.0853,61.3534,100.2476,52.0161,111.5223,42.6186,140.1274,120.0292,100.7933,18.899,48.0805,186.7655,130.6446,337.679,105.1734,291.3038,190.0907,161.3527,121.0526,59.8442,84.5226,7.0688,115.0825,24.9749,105.5006,210.072,88.8272,68.8224,285.178,18.5387,126.8354,49.9667,257.3618,59.336,78.88,22.7336,185.3811,73.6907,39.7032,24.9347,49.3806,17.8912,24.6305,69.403,44.4309,53.2481,32.2495,28.1065,89.9751,57.2161,39.453
2020-03-05,70.651,48.11,96.2015,23.4894,260.37,22.8939,107.7613,288.0241,73.1948,145.698,110.5108,35.6897,51.5925,4.9427,157.49,28.8505,65.1184,170.9258,198.7775,60.5787,101.1386,50.4914,107.6864,41.2086,135.6701,118.7995,95.8483,19.0419,46.3016,179.4096,130.4305,323.1229,105.134,280.0991,183.5581,157.3035,117.6807,58.5591,81.6298,6.79,112.3689,24.3299,103.0686,203.6895,86.0275,65.8162,275.6981,18.0532,129.9927,48.3027,251.6173,57.8705,76.88,22.5612,178.3872,72.1118,39.0474,24.144,47.5788,17.2366,23.4429,66.0074,43.0287,52.2458,31.5094,27.6729,87.8875,55.0827,37.7144
2020-03-06,69.7127,48.59,95.0545,23.096,262.33,21.9791,107.2665,283.9923,71.7865,150.2502,111.7615,34.958,50.8189,4.7593,157.55,27.499,64.1763,165.8185,193.4442,59.8956,102.1653,49.4365,105.6108,40.5755,132.981,118.8162,90.8948,18.5989,45.0938,172.7357,131.6497,321.2499,105.8673,276.5152,179.5136,152.857,116.06,57.6389,79.6292,6.6099,111.6853,24.028,103.094,200.2528,84.77,65.0819,271.1406,17.9803,136.758,46.8987,252.4265,57.3522,69.84,22.4319,175.9065,70.8691,38.8493,23.5158,46.753,16.2682,22.6452,65.4294,42.1191,51.8331,30.9705,27.448,87.4196,54.2359,35.893
2020-03-09,64.199,43.27,90.0305,21.2334,227.17,18.7477,91.9465,275.4544,60.7534,137.3904,101.1739,32.5711,46.8768,4.3267,157.81,23.6651,60.2165,148.5874,178.1641,57.3181,103.0817,45.0753,96.2224,37.698,120.0513,114.1399,78.5826,17.1198,42.3193,158.0641,126.3077,295.6824,103.2969,252.4293,168.0245,142.4974,108.1426,55.4039,75.7991,6.0981,105.9083,23.1635,98.3486,186.3424,78.8035,61.186,249.9659,16.8441,140.4646,40.5333,243.1518,53.885,52.16,22.1905,163.2831,65.4055,38.1388,21.3149,43.6373,12.9916,20.2167,59.3967,38.9215,49.5758,28.7824,25.9551,82.8754,50.8204,31.5052
2020-03-10,68.8227,45.38,94.591,22.5346,231.01,20.1839,94.0846,282.2227,63.9993,141.961,108.0675,34.2262,48.605,4.5907,154.48,25.9942,63.1575,158.5099,191.0654,58.1984,101.1895,47.8498,100.54,39.7674,123.7994,118.49,84.6883,17.5057,43.7882,160.8761,131.3984,308.3989,100.9709,270.3106,176.6389,152.242,112.7999,54.227,79.5751,6.4867,109.1467,23.733,102.1534,196.4888,82.8791,64.6759,262.9005,17.4074,133.2646,43.022,248.9852,55.6186,57.92,22.5181,174.2271,68.1688,38.6102,22.1803,45.8615,13.6079,21.4044,62.4763,41.5175,50.9992,30.1821,26.1964,85.7189,53.6304,32.6718
2020-03-11,66.4325,45.7,91.043,21.0834,189.08,19.3803,88.9603,271.3041,62.5308,133.6168,102.2986,32.6321,46.1279,4.3267,153.93,24.9207,59.9743,147.7964,181.4269,56.9308,100.1797,45.7933,95.1452,37.909,115.9256,110.2583,80.702,16.9055,42.6049,158.7854,130.3095,299.7979,97.6515,259.8959,168.758,145.3451,107.1739,51.1587,75.7,6.1237,105.5746,22.0726,94.5607,187.9308,78.8035,59.0005,250.0845,16.7616,128.3608,42.282,247.011,53.1969,55.52,22.5526,165.0196,64.0727,37.4557,21.126,43.8908,12.8882,20.2433,58.8097,39.5563,48.4977,28.5652,24.8795,82.4435,50.6974,31.5955
2020-03-12,59.872,39.01,83.8305,18.7528,154.84,17.5337,81.5123,255.2683,57.4322,119.4289,89.0156,29.3654,41.0583,3.9233,147.79,22.0836,55.0536,129.5594,162.4226,54.656,100.2306,40.3683,85.6079,34.4488,103.1156,104.9126,74.0497,14.5797,38.484,144.269,117.2804,261.539,92.9916,232.6693,153.1253,131.5608,97.5705,44.2947,66.8683,5.3743,93.8495,20.5974,86.2987,170.6992,71.4234,53.6446,226.157,15.2126,129.1562,37.37,222.6728,48.2016,52.32,22.7939,152.7398,57.582,34.976,19.092,39.771,11.2805,18.0541,52.7228,35.6954,43.941,26.1117,22.3682,76.2886,45.5742,27.9829
2020-03-13,67.0451,43.9,89.25,20.0762,170.2,20.6541,88.0326,275.719,62.8245,127.2785,99.3996,31.4822,43.5437,4.1287,143.28,23.6843,60.1412,152.3363,175.274,56.3744,99.5772,48.2487,93.0696,37.5301,110.0225,112.3413,87.3879,17.4215,39.8999,161.1409,129.7046,275.9942,97.0207,260.1367,168.7977,150.2647,105.3854,46.9813,68.1119,5.9838,103.7032,22.4431,96.6623,185.1583,77.8948,60.3999,245.4905,16.7373,126.2369,36.4413,242.9548,51.4097,55.68,23.656,167.7676,62.6076,37.0048,20.4319,43.3464,12.3217,20.4294,56.8409,39.8831,47.6807,28.4043,23.587,81.5796,48.3936,28.6903
2020-03-16,58.42,38.71,84.4575,16.0785,129.61,17.4739,82.5284,258.3057,52.4918,109.9581,92.1182,27.5535,39.0503,3.674,141.64,20.1283,53.1443,132.9815,140.5805,53.2758,102.2077,39.5439,82.1836,33.106,95.4259,106.3515,74.3104,16.0042,37.2574,144.5703,120.4074,241.8509,95.6409,227.0332,144.739,128.1172,92.3543,42.7001,60.1905,4.8797,92.0188,20.7072,91.9423,162.9786,69.964,50.6126,218.6279,15.4457,134.4127,29.6713,200.9798,46.2267,48.4,22.8974,145.0398,51.5087,34.8325,18.1827,38.4572,10.6451,17.6287,50.3928,34.3737,44.4464,23.8593,20.9081,73.535,42.2628,25.9583
2020-03-17,60.9887,41.88,90.392,17.1011,124.14,18.7904,88.5274,280.0244,53.2374,116.0583,90.6832,29.4525,40.9514,3.674,143.56,19.4765,55.3761,136.4294,147.9777,53.7758,99.6451,44.3927,87.5346,35.0315,99.8002,114.2653,78.8518,17.3198,38.838,149.6191,133.269,267.7964,91.7222,229.1816,148.1193,138.6659,98.7907,47.0237,62.9391,5.3982,103.9229,22.0657,100.1959,175.3392,73.0114,50.9495,230.4321,16.3828,125.4496,28.68,218.1091,48.6484,45.68,23.3026,150.6501,54.4863,37.1005,19.3073,40.1276,10.7179,18.5859,52.7138,36.7139,48.1945,25.3073,23.5829,78.1512,43.8902,27.7044
2020-03-18,59.4957,39.12,91.5,14.389,101.89,17.7731,88.4567,280.4896,41.4587,104.6091,86.0972,26.9088,38.6059,3.3,140.7,16.1026,54.0452,120.3936,132.6294,51.4025,98.2619,42.2032,81.5267,33.3985,92.0645,112.9018,70.5511,17.218,36.9199,143.8034,133.1666,280.0428,87.1333,219.5954,145.6807,132.8286,93.472,44.6658,61.317,5.0392,98.3899,22.203,99.5265,170.006,69.8721,48.6603,218.7647,15.9507,118.3727,24.0813,193.853,46.4054,37.68,23.656,141.6716,49.3031,37.1073,18.0728,38.795,9.1791,17.0083,48.8305,35.3306,46.9563,23.5295,22.5563,75.5597,41.3688,24.9272
2020-03-19,59.0398,39.82,94.0465,16.6673,97.71,18.1236,91.01,278.4099,43.221,109.6009,92.0406,27.1179,39.2066,3.278,138.04,16.9748,55.0596,128.5362,137.3165,50.2475,98.5844,40.7229,81.3866,33.552,95.6561,106.2846,71.7369,16.1932,34.4339,140.608,123.8602,263.9076,82.8283,218.844,151.797,135.014,92.848,43.9151,63.3897,5.2914,95.4769,20.8719,93.9167,171.0264,69.8905,53.0486,219.2295,15.1252,121.5954,28.5093,196.3,45.6012,42.96,24.2164,145.2688,49.4764,36.6291,18.5341,39.4895,9.803,17.3805,48.8666,35.4585,45.3897,23.1595,21.2434,74.0119,42.8116,25.9131
2020-03-20,55.2916,39.61,92.3045,16.7563,95.01,16.8156,84.3749,264.9098,44.7272,102.246,83.3631,27.3183,38.7211,3.1753,140.11,17.387,52.9071,119.0092,129.6637,49.1207,101.0961,40.6254,78.0761,32.1276,93.3814,100.2948,70.2231,16.1932,31.5281,138.1338,113.9115,244.6059,84.1608,203.6892,148.4266,129.9431,87.3803,40.6602,60.7853,5.112,84.5655,19.9044,86.7986,164.3263,66.1454,50.1288,209.782,13.8142,130.7388,28.502,184.5023,43.2063,39.52,24.1474,140.0973,47.0108,35.3858,17.8707,37.744,9.8987,16.7601,46.4192,33.8336,42.4502,21.8483,19.5584,71.1684,41.5391,24.6412
2020-03-23,54.117,41.64,95.1415,16.8652,105.62,15.4563,81.1501,260.4494,40.8336,101.8063,83.1497,26.6649,38.2685,2.9407,146.3,16.8694,52.2097,116.0514,138.3903,48.332,102.2926,43.9495,74.5905,31.5641,92.0,92.975,66.4639,15.0957,30.9189,136.9469,110.7938,232.494,90.3818,195.8661,146.8108,128.647,84.1668,38.5206,56.5947,5.2844,85.5826,19.5477,82.7904,164.445,63.5935,48.8503,204.4182,12.9985,136.1265,28.9527,174.0264,41.6514,39.04,24.113,129.5159,44.8289,34.368,16.9597,37.9444,9.224,15.7849,44.386,33.5246,41.194,20.6342,18.5603,67.472,41.6075,23.6703
2020-03-24,59.5463,46.22,97.005,18.5468,127.68,17.9783,89.5346,259.9113,50.1195,115.408,95.1336,28.6685,41.511,3.63,153.4,20.2337,55.9679,132.0701,157.4202,50.325,101.5968,46.4492,82.2624,34.4464,100.4173,99.7009,74.3693,16.7092,32.4747,150.4681,114.3675,242.6656,92.2347,228.4013,159.5786,140.3404,93.1274,43.7943,65.1831,6.191,92.6291,20.3779,87.5104,177.1792,70.1842,56.0461,222.9392,13.6394,133.5926,33.6667,196.3,45.2616,39.84,23.8371,147.4443,48.862,34.1494,18.9542,40.2783,10.7033,17.7424,50.0014,36.958,43.2948,22.4334,20.5556,72.6713,45.5101,26.6733
2020-03-25,59.2183,44.63,94.292,18.9643,158.73,18.0381,92.4766,256.1896,52.168,117.6886,97.6641,29.679,42.8607,3.9527,151.3,20.5979,54.5618,133.3856,154.8977,51.7405,101.6562,45.4387,84.1905,34.7098,101.6653,99.8849,77.1445,16.6874,34.2528,150.9155,113.4834,268.502,96.6501,247.1015,154.8502,138.997,95.284,44.5873,71.203,6.1026,91.5387,20.4122,85.5191,175.8671,71.6793,56.8495,226.2767,13.7899,133.2892,35.95,209.4194,46.0556,40.64,23.6129,154.3618,51.4929,34.1152,19.3965,39.6572,11.2082,18.2251,52.6316,36.9104,43.1762,23.4303,21.0802,73.6388,46.3087,28.0657
2020-03-26,62.3346,47.5,97.7745,21.1977,180.55,19.423,97.6275,266.6248,57.5226,127.3976,102.1532,30.8027,44.7782,3.85,153.24,21.6235,57.5979,142.5514,166.3599,54.1068,101.9023,49.2326,89.3133,36.7781,107.9888,105.883,82.5185,18.003,36.4589,159.0319,125.0328,294.2544,96.729,253.5565,161.9181,147.6914,101.5715,49.0043,75.9703,6.3913,97.8529,21.7844,90.9932,185.1284,75.703,60.3826,239.4889,14.8582,133.9453,35.2107,228.0849,49.2656,38.64,23.2336,161.1362,55.1243,36.5745,20.3075,41.9158,11.893,19.3692,55.9535,39.1961,45.5395,25.2295,22.8772,78.5305,48.2244,29.2172
2020-03-27,59.7538,46.58,95.005,20.1098,162.0,18.4656,93.1569,259.3547,51.7989,123.7521,93.4659,29.0518,43.5026,3.806,152.25,20.4925,54.9897,136.1457,162.3885,54.2476,102.6575,46.4226,86.7607,35.5299,104.0597,103.0304,76.6399,17.6178,35.2406,152.778,124.8094,292.6165,96.5318,238.5944,155.4251,141.6271,99.5879,49.1845,75.0061,6.2792,98.0156,21.2012,93.3574,178.7613,73.3497,57.3073,232.3556,14.4891,137.5205,34.2907,216.5284,48.2406,35.76,23.044,154.1519,55.1794,36.0485,19.5734,40.2406,11.0868,18.7792,53.5963,37.4247,45.3278,25.2943,23.0011,76.8487,46.6082,27.8098
2020-03-30,61.459,47.86,98.1975,20.9309,152.28,18.8417,98.6965,265.5484,54.1863,130.0894,96.7624,29.5309,44.3832,3.6887,152.92,20.435,56.7752,137.2463,167.1183,54.7124,102.895,49.1883,89.225,36.7517,106.3524,111.2705,78.6331,18.2937,37.0434,161.4148,128.8391,293.0113,97.7066,243.9896,164.5054,151.5892,102.7597,52.1659,76.9436,6.5987,102.1003,22.4156,97.4503,185.2634,76.0906,58.6204,239.9015,14.6785,136.389,33.4753,224.4143,49.7871,33.84,23.1474,157.9781,56.3846,37.4147,20.1969,41.7087,11.2003,19.1368,54.379,39.0009,47.0982,25.9508,23.8521,80.4475,47.5827,28.2237
2020-03-31,61.3336,45.48,97.486,20.6685,149.14,18.1492,102.5221,260.0845,54.5704,127.2616,93.6598,29.7313,43.9964,3.542,148.05,19.9174,57.5499,132.9213,159.1161,54.2758,103.0817,47.9739,87.5998,36.2321,105.8162,109.6977,75.7149,17.9812,36.426,157.9455,129.0997,284.696,97.3834,232.7271,165.348,149.2051,99.6253,51.023,74.5645,6.5493,97.7226,22.3951,93.2134,183.6813,74.7894,56.789,236.3256,14.1541,135.282,34.9333,222.7174,48.5643,33.68,23.1302,153.7321,55.0219,36.7043,19.9183,41.6335,11.3725,18.6094,53.7055,38.2723,46.141,25.1241,22.8896,80.0948,46.6225,28.5774
2020-04-01,58.1064,43.66,95.385,19.4943,130.7,16.9011,98.3785,261.5896,51.6333,123.1258,92.0309,28.4594,42.0459,3.2267,149.45,18.4605,54.5856,124.9249,152.2302,52.7859,103.5014,45.9883,83.4839,34.6713,98.6053,107.757,70.9464,17.2107,34.6726,146.871,126.9592,284.3348,95.9685,220.2506,158.2107,143.9071,94.7695,46.2752,71.4013,6.0392,96.1116,21.7844,92.6456,175.8768,71.6701,54.0938,225.6898,13.62,137.1772,32.104,211.9468,46.703,35.04,23.2767,146.0894,51.4063,36.1509,19.0206,39.9772,10.809,17.4743,51.2846,36.4485,45.3617,23.6005,21.514,77.0476,44.5404,28.2463
2020-04-02,59.076,44.49,95.9415,20.6651,123.27,17.585,103.1405,265.8768,57.3268,128.3853,94.0185,29.4177,42.8689,3.1973,151.9,17.4349,55.325,128.9146,154.5141,53.1964,103.5184,48.1778,85.5065,35.3206,99.539,111.3876,73.5956,17.9085,36.1791,149.8109,132.3197,297.3034,96.2214,230.1451,156.813,146.8872,96.2852,48.0182,72.2213,6.3473,100.7821,22.5529,96.9419,179.4462,73.3589,56.1498,230.8978,13.9647,138.0478,30.298,214.7332,47.746,40.88,23.3974,150.1731,51.5796,37.7426,19.308,40.4853,11.7991,17.9122,51.9672,37.3008,46.5222,23.949,22.1873,79.1816,44.7068,30.4064
2020-04-03,58.227,42.59,95.3295,20.421,124.52,17.1234,101.3117,263.2955,56.5661,124.8299,91.0226,28.8601,41.8896,3.1093,152.65,17.2911,54.12,126.335,152.2899,52.0569,103.5948,47.9828,84.1287,34.7747,96.7193,112.2409,71.4202,18.4027,36.0803,148.0214,129.9745,294.3972,95.7235,228.3627,152.8379,145.5344,94.573,46.9983,71.0679,6.0601,101.3761,23.0812,97.5182,176.8994,72.2238,54.4653,227.5603,13.3335,138.3763,32.0007,204.954,47.0716,47.2,23.5267,144.8872,50.8312,37.3669,18.8437,39.6666,11.6739,17.5547,51.2755,36.7247,46.8864,23.7463,21.3942,78.4672,43.9272,29.5107
2020-04-06,63.3066,47.52,99.8795,22.0058,148.77,18.286,106.4007,278.3186,60.5426,132.1712,96.5491,30.4369,44.1116,3.322,156.88,18.7385,58.6019,136.0511,163.0533,53.3238,103.1276,51.7944,89.4899,37.3096,104.1244,116.9172,76.0173,18.8315,38.4181,160.6113,131.7893,309.054,97.6126,256.2155,164.1089,156.3574,101.3375,49.7273,76.2677,6.6686,106.7219,23.7193,99.8315,189.5468,77.0596,58.5599,242.8446,14.2949,138.0149,34.416,221.7887,50.0389,43.84,23.5354,161.6707,54.5965,38.7332,20.2456,42.2828,12.2922,18.815,54.825,39.8581,48.6314,25.4645,23.0465,82.5814,47.5827,30.459
2020-04-07,62.5734,47.56,100.58,22.0781,141.58,18.9272,107.7171,276.9596,60.9417,131.554,98.1586,30.5937,44.3585,3.454,156.04,20.4158,58.5707,142.7492,163.8714,53.3238,102.6688,51.7679,90.0729,37.2327,104.3925,115.0099,77.02,19.3403,38.2864,164.2815,132.0405,298.4122,97.7628,249.6064,167.3603,154.6734,100.561,48.4508,75.8442,6.4357,106.1686,23.0606,95.5607,189.4696,77.2903,59.3546,243.0922,14.6057,136.5695,36.3633,221.5207,49.958,40.72,23.3198,160.8596,55.1007,38.9244,20.7851,42.5934,12.5544,19.0027,54.6975,39.5009,48.0723,25.4726,22.7574,81.9032,48.291,31.0386
2020-04-08,64.1749,48.79,102.15,22.7607,146.87,20.0471,112.5587,279.0941,64.7524,135.1924,97.9937,30.9073,44.7206,3.6887,154.65,22.1698,59.7811,152.1558,166.0275,54.7111,102.5414,52.282,93.7383,38.3871,109.1536,119.8452,80.13,19.8563,39.3648,170.6724,136.0796,303.5609,99.5255,261.446,172.7629,156.225,103.4053,49.5132,76.8715,6.6325,107.9018,23.7399,97.5351,193.4925,79.8744,61.8252,251.2525,14.8534,135.5759,36.5893,239.1948,51.7923,42.96,23.406,166.9184,58.8581,39.4846,21.8022,43.5062,13.3919,19.834,56.6816,40.5628,48.7839,27.3853,23.9967,85.2759,49.8121,33.0029
2020-04-09,64.638,48.38,102.138,22.1679,151.84,21.2525,110.4648,273.6575,63.4947,134.2529,101.3194,30.794,45.7329,3.938,158.69,23.0612,59.7598,158.4325,171.7458,58.2924,102.7623,50.6509,96.1761,38.7166,114.3769,118.147,87.3188,20.4305,40.3362,172.9913,135.6235,311.6159,104.205,259.9504,173.6649,156.2345,104.2286,52.0111,78.2143,6.5331,108.7317,24.2819,97.1622,193.7722,80.6957,63.8207,255.0758,15.2708,135.8222,38.2,235.8904,53.195,39.84,23.2336,165.7258,62.1586,39.6607,22.7398,43.8262,13.2705,20.8976,57.5371,40.5724,49.2413,28.7955,25.1285,85.7461,50.7105,32.461
2020-04-13,65.9067,50.94,108.4435,22.6578,147.33,20.4489,100.8434,273.3018,63.9466,128.7722,100.3498,30.8376,45.2967,3.784,161.41,22.0548,59.95,154.0645,169.4108,57.4572,102.5414,52.0338,94.1535,38.6108,111.2799,116.9256,83.4355,20.2997,38.6321,169.9146,134.4044,310.7255,103.1932,254.103,173.2684,156.5845,104.659,50.0878,76.1145,6.7046,106.5022,24.1104,98.2554,195.8657,79.4037,61.9894,252.747,15.0025,134.5821,43.3967,235.3367,52.089,39.44,23.1991,161.2412,59.5434,39.129,22.24,43.8921,13.2275,20.1379,55.8534,40.6628,48.8771,27.4744,24.3313,84.9956,50.6962,32.1826
2020-04-14,69.2352,54.93,114.166,23.3299,141.0,20.2865,102.9108,286.5464,63.7207,127.234,102.8028,31.5432,46.1032,3.8793,162.68,22.0261,62.6652,153.2477,176.5523,57.6979,102.6773,53.7712,95.9994,40.1067,113.5357,122.1625,81.1497,20.6776,40.2703,173.32,140.6305,319.2005,102.6873,261.2241,176.619,164.3328,108.7383,51.3962,78.8271,7.0549,112.6129,25.0023,102.5008,204.384,81.9047,63.6393,260.2012,15.4696,134.5493,47.326,241.5794,53.5816,37.28,23.0698,166.6131,61.2133,40.144,22.5275,45.1908,13.1649,20.2272,56.9182,42.3676,50.9525,28.3903,25.0459,87.8167,52.6785,31.9342
2020-04-15,68.6032,54.99,115.384,22.4416,145.98,18.9699,98.5375,283.0162,62.1241,124.6364,100.2237,30.733,44.663,3.6887,161.85,20.7609,62.2724,153.4971,169.1466,57.16,103.5948,52.1845,92.9169,39.5752,108.904,123.526,77.1474,20.3869,39.1919,165.3862,140.6955,314.4549,103.375,248.1204,175.4295,162.611,107.3443,50.302,76.6372,6.9776,109.8709,24.6799,102.7212,202.0398,80.0128,62.6718,254.6724,14.9528,138.1134,48.6553,251.564,52.2689,35.44,23.2422,158.3502,58.7872,39.3085,21.4927,44.7673,12.5466,19.3513,55.3437,41.4438,50.1477,27.2961,24.2197,87.3646,51.5233,30.4666
2020-04-16,69.1483,56.95,120.4095,22.5157,134.24,18.3117,100.0306,293.3146,60.2413,119.6992,98.9148,30.8986,44.6877,3.6227,161.71,20.0037,62.2789,152.2245,170.3141,57.1034,103.7053,53.8864,92.5548,40.0466,108.0812,125.2075,74.2074,21.2445,38.7721,167.1939,143.9994,317.3946,102.8612,238.1045,174.7157,167.4927,109.0752,50.3571,77.7727,7.322,110.3672,24.6181,102.9584,205.725,80.1789,63.5011,255.901,14.9876,139.6821,49.6807,266.5232,52.5386,34.88,23.3457,154.9725,58.1176,39.8126,21.3688,44.9461,12.0104,19.0116,54.8523,41.9486,50.4781,27.1178,24.2239,89.2725,52.1413,29.4656
2020-04-17,68.2101,56.6,118.75,23.1774,154.0,19.9018,103.6952,289.9943,65.6487,127.5379,103.3845,31.5867,45.8728,3.7547,158.57,21.5468,63.3472,157.7705,178.4698,57.3935,103.4334,53.5053,96.2026,40.7633,112.8423,127.1735,80.8778,21.3172,39.5624,172.1423,146.3819,337.2423,103.2011,250.8512,177.6797,168.9686,110.8622,52.2189,81.026,7.2629,111.9213,25.3248,105.6616,207.693,82.4953,66.6023,262.8143,15.5193,137.8096,50.2593,259.4947,54.0672,33.68,23.2853,161.766,59.953,40.3649,22.2268,45.5578,13.2862,20.0127,57.4279,42.5057,51.2489,27.9931,25.0046,91.1261,53.6814,32.5288
2020-04-20,66.7943,56.97,119.6805,22.5149,143.61,19.2349,102.1794,284.6672,62.9375,126.4695,99.1475,31.186,45.1897,3.652,159.7,21.451,62.4631,155.1136,175.5978,56.5301,103.7053,52.4593,94.2065,40.239,111.511,126.8806,77.9292,21.2009,38.3029,168.9012,146.8472,321.8715,102.6162,242.9002,176.6884,165.6195,109.674,50.3847,79.2146,7.1319,109.4803,24.7553,102.1958,205.233,80.991,65.0647,258.1841,15.395,138.9183,49.7573,251.9749,52.8893,30.0,23.3629,156.69,57.7238,40.1371,21.6784,45.1437,12.8714,19.6641,55.8989,41.8248,50.2409,26.9557,24.0586,90.4028,52.745,30.9934
2020-04-21,64.7297,52.92,116.406,21.5882,136.33,18.4998,97.9442,274.8616,61.4839,123.485,97.4799,30.3236,44.3091,3.498,158.61,20.3583,60.0367,149.4473,170.9617,55.4967,103.9942,49.9595,91.8305,38.8248,108.8485,125.2158,75.6689,20.6921,37.3562,163.3138,142.0823,313.6653,102.2526,236.744,169.3132,158.7699,105.5666,49.9203,76.7814,6.6961,106.5429,24.4397,101.4162,197.66,78.5916,62.8187,250.3447,14.8434,140.6675,45.7813,244.8748,51.5675,22.48,23.3974,153.1692,56.6761,39.2326,21.1433,43.7227,12.6444,19.0295,54.5792,40.0723,49.1736,26.5586,23.662,87.654,51.376,30.8278
2020-04-22,66.5941,55.92,118.1745,22.6622,134.97,18.6365,98.6486,282.241,63.5926,125.4654,97.9162,31.1512,45.058,3.498,161.73,20.4158,62.3274,151.3131,173.9956,55.9851,103.6713,53.2748,93.2967,39.8878,110.1705,127.9849,75.9153,20.9029,37.6032,165.7971,145.8421,319.5113,102.3158,247.8986,180.6932,164.1625,108.3828,52.4119,79.9986,7.1096,107.9099,24.872,101.1789,203.5255,80.4004,66.9046,255.901,14.6447,139.2303,48.8073,247.4022,52.5026,20.08,23.4664,158.9513,57.5426,40.0404,21.559,44.899,13.0944,19.2351,55.1526,41.6152,49.6479,27.0206,24.3519,88.9922,52.4836,31.7084
2020-04-23,66.336,55.9,119.9725,22.5715,137.74,18.6964,100.6726,278.5741,65.37,126.2944,97.9259,31.0379,44.9181,3.586,163.34,20.6267,62.9594,150.5135,172.4191,55.9568,103.7392,52.3352,93.2967,39.8446,111.2522,130.093,75.9578,20.7357,37.101,165.5232,148.8388,316.4287,102.7505,246.8854,183.5184,162.1758,108.0928,51.1332,78.7189,7.0564,105.9896,25.1739,101.8536,203.0913,80.3173,64.9178,255.8826,14.6596,139.9695,47.042,254.8238,52.107,21.12,23.475,158.7509,57.0621,39.7642,21.7094,45.219,13.5171,19.1547,55.5895,41.3295,49.2075,26.7126,23.9429,89.4805,52.4693,32.7019
2020-04-24,68.2511,56.18,120.511,23.0841,128.98,18.9614,101.6801,283.2717,65.5281,127.6946,98.1101,30.9944,45.4366,3.5713,162.64,21.0388,63.2283,152.1901,180.8219,55.433,103.7647,52.5302,94.4008,40.4891,113.1659,129.5492,77.0795,21.2445,37.3974,165.6784,151.6307,320.6619,102.6794,249.6836,188.4154,165.137,109.6646,50.8279,79.6381,7.195,109.3257,25.6473,101.3248,206.2942,81.5909,65.2893,259.4494,14.7639,140.2979,48.3433,260.1466,52.5836,20.56,23.4233,159.6478,57.3063,39.999,22.0499,45.793,13.5484,19.4317,56.0354,42.2057,49.7326,26.8099,24.0917,90.6831,53.3582,32.9126
2020-04-27,68.2993,56.49,118.8,23.4014,128.68,20.0642,102.7144,281.6572,67.5615,128.6802,102.8319,31.6216,46.0374,3.7913,161.56,21.5181,62.944,157.8134,185.5772,55.6595,103.2125,52.7163,96.6,40.9365,117.6496,129.0724,80.4019,21.9422,38.5087,168.5178,150.1044,317.9742,101.8494,255.8205,185.8678,164.664,111.0587,51.6549,80.5394,7.3811,109.4071,26.2991,100.1902,207.9535,82.9937,67.1551,263.1902,15.1764,137.6864,53.25,262.549,53.4198,17.52,23.3629,163.8842,59.2677,39.9161,22.6381,46.1695,13.8419,20.0932,57.4279,42.5676,49.8766,27.5879,24.3437,91.8495,54.3564,33.0707
2020-04-28,67.1922,55.51,115.704,23.0771,131.3,20.4232,102.9462,278.1636,67.7122,130.3934,102.9773,31.6826,46.383,3.9453,160.84,21.2593,61.0486,160.797,185.4664,55.8294,103.6628,52.0781,97.3861,40.4242,119.3599,126.6464,80.9712,22.1167,38.4757,170.6176,146.3911,323.1482,102.1261,255.3188,181.3177,160.6526,109.674,50.7431,80.0257,7.239,110.9205,26.0109,99.7125,204.0367,83.0029,67.9758,261.9799,15.2311,139.2714,51.2747,257.5299,53.4108,17.04,23.3371,163.3976,59.7561,39.9299,23.0582,45.3319,14.1589,20.3077,58.5018,42.001,50.1562,27.6122,24.4345,89.9958,54.5704,33.8459
2020-04-29,69.3992,53.66,118.6355,24.0613,139.0,21.1841,107.0476,280.1156,71.2593,135.4964,108.8335,32.6059,47.5434,3.8573,161.73,22.7929,66.4764,163.3938,189.0286,56.8132,103.6119,54.7817,99.6384,41.6147,125.2303,125.6844,83.1551,22.1894,38.7886,172.2701,144.3996,325.8192,102.798,273.7391,192.4996,167.8616,112.3405,49.8588,79.3678,7.4154,108.512,26.155,99.8746,211.2721,85.1809,66.395,268.8382,15.6187,138.5487,53.3673,256.8958,53.9233,18.0,23.2422,173.4543,60.6541,40.1302,23.6463,47.5246,15.2077,20.8976,59.6212,43.7248,49.9444,27.6852,24.2115,90.5926,55.773,35.7199
2020-04-30,70.8632,52.39,123.7,23.6777,141.02,20.56,103.7665,277.0163,69.2862,133.6173,104.8583,31.9178,46.5558,3.7327,158.8,21.3647,66.7003,157.7103,187.3413,56.9264,103.3655,53.1684,97.395,41.5546,120.4693,125.5171,81.3706,22.044,37.776,167.9791,143.9156,326.7851,102.1024,265.325,202.928,169.5457,111.2832,49.0085,78.5658,7.2619,107.6414,26.3197,100.5485,211.1853,83.9719,66.2827,266.3351,15.1416,136.9309,52.1253,261.2004,53.1141,19.12,23.0957,170.5251,59.953,39.6676,22.9432,47.3176,14.8712,20.3703,58.4381,43.5296,49.3515,27.4906,23.6538,90.1767,55.426,34.9748
2020-05-01,69.7224,49.88,114.302,22.6386,133.37,19.7308,98.8626,276.029,67.3582,127.2892,102.2889,30.7679,45.5436,3.608,159.78,20.0324,65.2451,152.2761,186.2675,55.9445,103.5084,50.9435,94.5156,40.4651,115.6897,124.0531,79.2378,21.3535,37.5373,164.6376,142.9757,322.0898,101.6982,259.3136,200.5092,165.1559,108.5606,48.1455,77.0878,7.0258,105.892,25.8257,99.6528,205.233,81.9601,63.743,259.2843,14.8584,138.1035,46.7547,254.0915,52.0261,18.86,23.1215,167.5195,57.9286,39.2395,22.4612,46.6588,14.0298,19.7178,56.6725,42.3343,48.8093,26.6478,23.0837,88.4587,53.3534,32.4686
2020-05-04,70.7088,52.56,115.7995,22.8618,131.46,19.6026,96.0451,278.3785,68.8644,122.4534,100.0395,31.0989,45.5271,3.564,160.34,19.8886,65.5215,151.3561,189.0542,55.8662,103.5254,51.4044,94.4008,40.809,116.1889,124.0363,78.2946,21.0265,37.1587,166.7648,142.65,319.3097,101.8567,259.8153,203.4732,169.1956,110.0201,48.7901,77.277,7.2373,106.5266,25.812,98.7571,207.6255,82.2184,62.1017,259.9994,14.7093,137.4539,50.746,256.7976,52.1789,19.67,23.2509,168.0729,57.645,38.8321,22.5408,46.9318,14.515,19.539,55.9535,42.8962,48.7839,26.6316,23.2572,88.4135,53.6434,33.7781
2020-05-05,71.7701,52.19,115.89,23.0893,125.4,19.3717,97.1061,281.5145,69.9564,124.489,97.9841,31.2731,45.6094,3.6447,161.02,20.3775,66.8152,153.3079,192.267,56.3497,103.4488,52.0781,94.8159,41.3597,117.0857,125.0653,78.1756,21.0337,37.3727,166.1714,146.9402,327.8266,101.722,264.3698,205.2674,171.0121,111.7604,48.7922,78.5838,7.2981,107.1369,26.4226,98.9618,209.9794,83.0029,62.9742,262.4016,14.7788,136.574,51.214,261.7096,52.7184,21.51,23.2681,170.2579,57.9286,39.0185,22.5982,47.1764,14.5268,19.4764,56.1719,43.4867,48.8263,26.8018,23.4472,90.3304,53.8383,33.7405
2020-05-06,72.5106,52.16,117.563,23.0292,121.86,19.1067,96.0005,282.4012,67.8176,121.7073,97.8095,31.1773,45.3131,3.5713,158.95,20.9813,66.6374,152.1213,190.8268,56.0298,103.0661,52.7556,93.3232,41.403,116.2259,123.8774,76.7056,21.3681,36.8376,163.3777,145.8141,317.9825,100.5809,262.8839,206.6552,172.6961,111.7323,47.2146,79.7012,7.3988,106.4127,26.4226,96.4795,211.2721,82.5784,63.026,260.6231,14.3068,134.3703,52.172,257.8961,52.053,20.85,23.3802,170.5824,56.8888,38.4178,22.2091,47.0447,14.1472,19.0563,55.3983,43.8248,48.2926,26.3074,22.65,89.4353,53.8288,33.1083
2020-05-07,73.2607,51.95,118.3805,23.3404,128.65,19.5256,95.6617,278.8448,69.7682,125.272,102.3568,31.4299,45.9962,3.5713,161.39,21.5085,67.8187,156.7644,195.5395,56.172,103.6955,52.7467,94.5421,41.9442,117.816,123.4674,77.5043,20.9538,36.7141,168.7095,142.3615,316.2692,100.8504,268.7023,209.421,173.699,112.537,47.6005,79.8094,7.5747,107.0393,25.6118,95.6861,213.9926,83.5105,66.0231,263.7679,14.3565,136.6152,52.0027,254.5292,52.6645,20.47,23.3112,174.3416,57.7001,38.3764,22.6646,47.9293,14.515,19.5032,56.0445,44.482,48.1571,26.5424,22.7408,89.4262,54.6749,33.2965
2020-05-08,75.0044,53.19,118.9805,23.975,133.44,20.1497,99.9593,279.7043,71.8994,126.1931,105.8375,32.092,46.778,3.8427,160.42,22.9366,68.5646,159.4042,199.7835,56.7053,103.3552,53.1924,96.7943,42.5045,122.3645,124.396,78.7704,21.4843,37.9571,172.0145,142.864,317.8314,100.367,272.533,210.5015,174.7207,113.8188,48.7138,81.5216,7.7642,109.2199,25.792,98.9106,216.9253,84.904,67.6476,268.1322,14.8037,134.839,54.628,256.3152,53.3928,21.47,23.3026,176.603,59.0707,39.3569,23.2085,48.8045,15.1764,19.9233,57.437,45.1344,49.2329,27.0287,23.1994,89.8874,55.7397,34.7566
2020-05-11,76.1847,55.74,120.45,24.0072,128.91,19.3033,96.8386,283.7177,70.3179,124.2496,104.4898,31.8829,46.7369,3.7547,159.42,21.8535,69.518,157.4867,201.5987,56.4493,103.0661,53.6025,95.8758,42.8292,121.7543,124.7391,76.4506,21.3172,37.4879,170.5993,147.5545,316.2858,99.4875,271.3655,211.3242,176.6696,115.4,48.2155,81.9452,8.0157,109.342,26.4018,98.3647,218.8644,85.0424,65.9101,268.1872,14.6,133.7865,54.086,257.8247,53.231,21.17,23.3888,175.1432,58.2121,38.9426,22.8547,48.8327,14.9103,19.539,56.718,45.4344,49.1651,26.7045,23.1002,91.4336,55.6161,34.4254
2020-05-12,75.314,53.76,117.8475,23.4014,125.22,18.6964,93.6199,278.6985,68.6084,119.7914,101.3775,31.761,46.1443,3.652,160.04,21.6235,68.1109,152.3707,198.4796,56.3782,103.4063,52.0514,93.7119,41.9754,117.3815,123.091,73.9524,21.3535,36.8952,167.1574,146.782,311.7082,100.4462,262.5653,208.271,172.6677,113.3697,48.3321,79.539,7.7543,108.1702,25.889,97.7164,214.282,83.169,64.5897,262.8418,14.3565,135.1597,53.9607,256.9404,52.3228,20.97,23.3457,171.2407,55.5654,38.2935,22.5054,47.8822,14.6481,19.0295,55.1253,44.4963,48.75,25.5699,22.8978,90.0411,54.3992,33.85
2020-05-13,74.4047,52.18,118.396,22.9394,121.5,17.8415,93.1562,276.2301,66.8009,115.895,99.7874,31.7,45.7905,3.4613,161.58,20.5692,66.781,147.719,196.0935,56.0796,103.6189,51.4719,91.4596,41.3477,113.4525,123.0827,71.4032,20.9029,36.1708,163.2225,146.9774,305.8875,100.676,259.7188,203.3146,170.0566,112.2656,48.7965,77.5204,7.7319,108.1865,25.6742,97.1789,211.6001,81.877,63.9555,258.1932,13.9589,136.1054,52.7307,248.2775,51.5765,20.6,23.3888,169.2528,54.2184,37.8723,22.0322,47.0635,13.9828,18.4664,53.7419,43.7296,48.3095,25.1646,22.7037,89.0646,53.4628,32.1698
2020-05-14,74.8618,54.51,119.4425,23.2401,122.52,18.5596,94.6809,274.0359,67.8176,116.7977,102.6864,31.8219,45.3543,3.586,163.01,21.3839,67.2035,149.9976,199.8261,55.8876,103.7805,52.6665,92.7756,41.7854,113.8223,123.5093,74.3688,20.932,35.9733,163.6516,148.0901,299.252,101.5081,267.5829,205.0097,170.7945,113.22,49.2439,77.998,7.9809,108.2842,26.2771,97.0851,214.0022,82.8644,64.4507,261.2831,14.2024,137.4375,53.5553,259.5392,52.071,21.45,23.4147,172.8941,54.4075,37.9138,22.302,47.5717,14.1393,18.9401,54.3062,44.2867,48.1909,25.1971,22.9474,90.0411,54.2614,32.4536
2020-05-15,74.4192,54.2,120.489,22.7005,120.0,18.3288,96.2234,273.5513,67.1473,116.07,105.7309,31.3864,45.3954,3.5933,163.93,21.6906,68.0059,147.7792,203.9594,55.9658,103.7125,51.9533,92.7314,42.1221,115.6342,125.8517,72.9922,21.2227,35.6111,166.701,148.885,302.7125,101.8646,269.1558,209.0443,173.2827,114.5766,48.3151,78.3945,8.4383,110.6194,26.1662,97.7676,215.3914,83.492,64.4246,262.4842,14.0682,137.0839,53.278,259.8519,52.2958,22.39,23.4319,175.3696,54.1948,37.7757,22.4965,48.2304,14.0845,18.815,54.1151,44.5105,48.6145,25.1079,22.6417,90.8006,54.8936,32.2235
2020-05-18,76.1726,54.59,121.313,23.8442,135.44,19.6026,102.5539,276.7969,70.7236,127.0221,113.2935,32.6147,47.2307,3.894,162.69,23.7801,68.6062,156.3861,209.0896,56.9542,103.0746,53.4153,96.9445,43.0818,122.6603,125.9186,76.8585,22.4365,37.0187,175.5203,147.6974,317.109,102.4431,279.7314,211.3342,174.9383,115.69,49.9267,82.0443,8.6962,110.2696,26.381,99.1324,219.4046,86.076,66.2229,270.4795,14.6347,134.0743,54.242,261.9952,53.7345,24.31,23.2422,182.9103,57.4008,38.4731,23.5225,49.2468,15.2351,19.7803,57.6827,45.601,49.3853,26.3317,23.5712,91.5511,56.9709,34.786
2020-05-19,75.7324,55.47,122.4665,23.7065,130.44,18.987,99.9325,278.5065,68.4846,125.4101,110.8889,32.3533,46.5805,3.8867,164.26,23.6651,68.0722,152.9038,202.9111,57.0252,103.3638,53.7451,95.3635,42.8268,120.2382,124.6638,75.346,21.7387,36.6647,173.6944,146.5193,312.019,102.5224,280.5322,214.992,173.7273,115.1567,48.877,82.4679,8.7511,107.1857,26.1108,95.9165,218.8548,85.0701,65.9015,267.7012,14.3912,134.5759,53.8673,258.1461,53.1141,24.44,23.225,180.9797,56.6288,37.5478,23.297,49.2374,14.8085,19.2977,56.9455,45.4344,48.479,25.8211,23.1829,90.448,56.7665,33.7119
2020-05-20,77.2052,56.39,124.897,24.2932,133.32,19.5855,103.1513,278.7625,71.0675,131.0842,116.27,32.7802,47.5516,4.026,164.65,24.4223,69.7939,156.0078,202.9878,57.6296,103.3893,56.2501,97.0947,43.5604,123.8806,123.5428,77.6063,21.9786,37.776,178.9349,143.1812,304.4848,103.6476,288.3192,227.9681,176.1371,116.2888,49.3626,83.7656,8.9146,106.8033,26.0761,96.633,223.2249,86.4267,67.552,272.249,14.7043,134.9787,54.3707,257.1994,53.5816,25.34,23.1474,185.2806,57.133,37.465,23.6685,50.602,15.3995,19.7267,58.0103,46.4296,49.055,26.0642,23.3109,90.5565,57.508,34.809
2020-05-21,76.6297,54.65,122.337,23.9549,139.0,19.5769,101.6979,276.0747,70.3339,131.5448,114.2436,32.4056,47.0002,4.1287,162.25,24.729,69.6745,154.8556,205.2803,57.6154,103.4573,55.2516,96.5559,43.2814,124.1025,122.7313,76.6206,21.5934,37.1833,176.8168,142.3864,309.7848,103.5683,283.9385,229.3757,174.0214,115.2129,48.5378,84.9462,8.721,105.9489,25.8197,95.217,220.7938,85.9099,67.804,270.3694,14.7938,135.3159,55.1733,256.2349,53.222,26.6,23.1991,182.1839,57.1802,37.2647,23.4429,50.2444,15.1529,19.6641,58.1469,45.782,48.5128,25.9346,23.0755,89.8874,57.7124,34.1876
2020-05-22,77.123,55.17,121.844,24.1162,137.53,19.3717,100.2803,276.4952,68.989,129.6105,114.4278,31.7348,46.8686,4.1433,163.21,24.9015,69.9959,154.7094,206.1325,57.7576,103.6529,55.5012,96.5117,43.4569,124.7034,121.611,76.0258,21.7678,37.0681,174.2604,141.3392,309.936,103.5683,284.5656,232.8651,174.0973,115.7555,49.5874,84.4865,8.9705,106.1686,25.986,96.0529,221.5559,86.076,67.4304,270.8828,14.8484,136.13,54.4587,258.9409,53.4108,25.57,23.2681,182.4133,57.9522,37.3545,23.4075,50.5455,15.059,19.5926,58.1014,45.9487,48.6823,26.5019,23.3316,90.0773,57.6269,34.2183
2020-05-26,76.6006,53.19,121.093,24.5843,144.73,20.7567,104.6849,278.662,71.2968,136.3531,117.2687,32.4317,48.21,4.2827,160.89,26.2626,70.3986,168.5785,206.6438,58.1914,103.3808,55.5726,99.1968,43.5387,128.2996,121.771,81.4216,21.9604,37.9407,176.205,138.3471,312.6238,103.4257,292.6903,230.1787,172.2568,114.8854,49.6849,87.073,8.6639,105.5746,25.9791,95.5667,220.9578,87.4603,67.552,274.2202,15.3155,134.3045,54.5913,263.3617,54.0132,25.66,23.0957,184.6689,60.1184,37.4926,24.0488,50.6867,15.4777,20.6116,60.5404,45.9011,48.9449,27.3448,23.4844,89.9145,58.5395,35.2233
2020-05-27,76.9344,52.74,120.5195,25.0699,149.52,22.21,109.1519,279.7682,71.7553,141.2626,117.831,32.5363,48.7943,4.422,161.18,26.6364,70.3446,180.2722,210.8026,58.3122,103.4658,56.6601,101.4755,43.8995,132.2841,122.049,86.1376,22.5528,38.4675,176.3237,136.2339,333.5549,103.8536,289.2551,227.1453,172.4845,115.7181,51.1311,90.0018,8.4726,106.4371,25.9237,97.1534,222.1637,88.457,68.2818,278.3004,15.8274,134.0578,54.682,271.2922,54.6876,25.0,23.0871,184.2866,61.3157,38.0726,24.292,51.0443,15.6773,21.5054,62.5609,46.163,49.6818,27.9283,23.7653,90.8458,59.5425,35.4765
2020-05-28,76.9683,51.74,120.055,24.682,149.82,21.2525,107.654,283.0138,69.4398,141.0784,113.1965,32.3098,49.2552,4.29,161.72,25.5725,70.2436,173.0153,208.9107,58.3691,103.3723,55.002,100.9191,43.974,129.1502,123.8011,84.8545,22.376,38.7639,182.6324,140.8624,334.6637,103.9408,291.6964,223.4973,172.0956,115.9988,53.3004,88.7312,8.4346,107.6414,26.4573,99.0044,221.8743,88.1986,68.2296,277.787,15.4348,133.5645,53.7207,271.4709,55.1822,25.03,22.9664,185.6629,61.6072,38.4731,24.5176,50.5643,15.239,21.1658,61.9693,46.0725,50.1223,28.2444,24.4676,92.0303,58.82,34.5558
2020-05-29,76.8933,53.8,122.1185,25.3907,145.85,20.6199,107.1101,282.0173,70.0741,140.1204,113.7298,32.8673,49.0824,4.1873,162.91,24.8057,71.0004,170.0043,211.757,58.6037,103.7039,56.0985,100.7954,44.33,128.4106,125.3005,82.6877,22.4349,38.4264,184.7323,143.0129,328.2415,104.6143,290.3359,223.1306,173.8507,117.8139,54.191,89.0609,8.8207,107.0393,26.4642,98.885,225.1254,88.6878,67.7518,279.0247,15.3354,134.5183,55.6667,272.2569,55.407,25.88,22.9319,186.5995,60.9928,39.6192,24.522,50.8372,15.1686,20.9244,61.5871,46.6534,50.1731,28.0823,24.6576,93.1425,59.0339,34.8857
2020-06-01,77.8389,53.63,123.552,25.2791,151.39,21.0388,107.44,281.8528,70.907,137.3755,115.155,33.6251,50.1769,4.3047,163.66,25.8217,71.0673,172.9806,210.7429,59.047,103.6631,55.1447,101.3342,44.6114,129.6402,123.9865,83.7839,22.4018,38.6815,187.3616,142.5454,328.6809,104.5683,290.828,229.8912,173.4522,118.4501,54.5087,89.9282,8.7519,108.2109,24.5724,100.0196,225.8007,88.9831,68.0385,280.1524,15.3702,133.6126,59.8733,273.2213,55.5958,26.22,22.8026,185.7489,62.4028,38.5145,24.69,51.4207,15.4347,21.1658,61.7236,46.6392,50.5204,28.6415,24.9509,92.2202,59.5948,35.5072
2020-06-02,78.1993,53.54,123.6205,25.9826,153.31,21.2354,109.9543,280.7556,72.359,140.8849,115.1356,34.4266,50.646,4.3267,162.6,26.2722,71.4357,176.6232,215.3619,59.6324,103.4928,55.3765,102.3676,44.8928,130.7126,124.8793,84.0643,23.1418,38.6075,189.199,143.8638,329.3653,104.9019,292.9412,230.6942,175.4255,118.5718,54.7112,91.0123,8.7707,107.918,25.0575,100.7106,227.3153,89.6752,67.5694,282.4722,15.4,133.1269,58.7707,273.5607,55.7486,27.07,22.7767,187.6699,62.9069,38.9426,25.1367,51.6278,15.8652,21.3356,62.5245,47.0773,50.656,28.8279,25.112,92.7537,60.1034,36.2974
2020-06-03,78.6298,52.73,123.92,26.9824,173.16,22.2185,113.3158,280.3442,74.2617,145.859,118.4612,35.228,51.8558,4.5393,159.6,27.8633,71.2842,182.1865,215.1819,59.9108,102.8799,55.2071,104.7082,45.2824,133.865,125.2163,88.6019,23.0534,39.4306,195.2805,142.6202,340.2324,104.8383,296.2991,228.1564,175.8524,118.4221,55.3466,94.0569,8.7153,108.0726,25.0575,101.1115,228.3379,91.0134,69.1331,286.2314,15.6584,131.3567,58.864,272.7034,56.2342,27.12,22.6388,188.1574,64.9235,39.2395,25.7072,51.7877,16.3309,22.1311,64.9636,47.4439,50.7237,29.5168,25.4136,92.5729,61.2395,37.7782
2020-06-04,77.9526,52.63,123.03,26.9266,184.3,23.0535,114.9831,284.1017,73.574,148.4289,119.9253,34.7315,51.6336,4.818,161.28,27.9495,70.0484,185.8636,213.4244,59.7252,102.4713,56.1342,105.3088,44.8014,133.6709,123.5989,90.4458,23.186,39.4471,194.9779,140.9185,341.1112,104.5206,290.799,224.3201,173.5376,117.0841,53.707,91.5002,8.7163,107.0665,24.9535,98.9959,226.7364,90.4966,68.4034,285.4796,15.8025,129.4547,57.6253,266.2107,55.8026,27.5,22.5526,185.0703,64.2775,39.5088,25.8,51.4019,16.3348,22.6138,65.6553,47.0535,50.4781,28.9657,24.9592,91.8405,60.9305,37.6708
2020-06-05,80.1727,53.1,124.15,27.6406,205.43,24.1985,120.4754,285.2811,77.0356,153.5688,121.0209,35.6461,52.5224,5.3827,158.01,29.3393,71.3223,188.5457,218.5253,60.2891,101.9605,57.3554,108.4355,45.7971,138.8388,124.0791,94.516,24.018,40.4102,202.9766,139.5159,347.094,105.0608,300.9404,228.7611,177.5981,118.4314,54.2379,92.7921,8.8689,108.5999,24.9397,100.9409,231.232,92.7669,71.357,292.7962,16.2846,128.5326,59.044,278.5084,56.9535,28.87,22.5957,190.7761,66.7116,39.8678,26.459,52.2395,17.548,23.454,68.0671,48.2916,51.1812,30.0274,25.2772,93.3234,62.3899,40.7243
2020-06-08,80.6468,52.97,126.203,27.6789,230.5,24.5686,122.7936,280.8469,78.8926,155.4938,123.406,35.8639,53.2055,5.522,159.72,29.4064,71.7195,191.0461,220.1285,60.3605,102.0711,56.7582,110.5288,46.1891,141.529,123.6327,96.4024,25.012,41.0359,198.5277,139.5159,350.0938,105.4103,299.5219,229.3857,178.6986,119.3764,55.5385,94.2196,8.7546,108.4113,25.3554,101.5551,233.0264,93.6067,72.5906,296.3354,16.5131,129.0266,63.328,276.3917,57.556,28.37,22.5353,190.7666,68.3658,40.1095,26.4943,53.2182,18.3385,23.9009,69.4322,48.5344,51.7318,30.6838,25.9547,93.9653,63.3406,41.9979
2020-06-09,83.1934,56.39,130.043,27.4872,216.74,24.2932,119.6462,279.3476,77.5858,151.8094,120.1192,35.62,52.5142,5.3094,161.26,28.6205,71.9196,188.7015,220.1199,59.8893,102.4372,56.1966,108.356,46.2348,138.9127,122.9504,93.9297,24.3714,40.3362,196.5097,139.4411,345.2434,105.1878,300.5641,236.5924,180.0647,119.8348,55.1526,92.7198,8.9942,109.0345,25.0921,100.9494,234.7146,92.6746,71.5569,294.1257,16.21,130.4922,62.7113,276.1507,56.9535,28.42,22.4663,190.2695,67.2315,39.9507,26.1715,53.0864,17.6497,23.3914,67.703,48.763,51.3082,30.3272,25.4342,92.9888,62.8462,41.0619
2020-06-10,85.3338,57.44,132.3725,27.4628,203.41,22.8986,118.0859,280.975,74.5674,148.2999,118.4612,35.8813,52.399,4.994,163.57,27.5566,72.5447,184.7388,218.1395,59.8036,103.2034,56.9365,105.9624,46.4945,135.1408,124.5003,90.1229,23.9296,40.0233,195.7117,141.1896,341.1957,105.8789,302.1658,234.6692,186.7436,121.6032,54.7517,92.2591,9.3131,109.9856,24.8912,101.7086,237.5316,92.1208,68.638,292.4846,15.9715,132.4271,68.3367,273.0607,56.6838,28.43,22.3543,191.6076,65.5221,40.0819,25.8752,52.9264,16.7809,22.5154,66.083,49.5773,51.1642,29.7599,25.2855,92.8442,62.2568,38.86
2020-06-11,81.2369,52.83,127.898,25.6069,170.0,20.6001,108.3762,275.0324,68.2936,139.1717,109.2116,34.0084,49.5926,4.4953,162.39,25.4,69.4343,167.9624,205.2972,58.2689,103.5694,53.2192,99.0819,43.9692,124.8328,118.6627,82.6027,22.9577,37.4879,182.6404,134.7192,324.3882,104.6159,281.0341,222.4763,176.7157,115.952,52.9479,85.9802,8.7459,104.8279,23.0756,99.1751,225.7621,86.6574,63.0433,275.6231,14.9925,134.9299,64.856,253.3949,53.8424,26.36,22.5784,180.521,61.3157,38.9771,23.8763,50.4891,15.1999,20.6742,61.4415,46.7344,49.2244,27.9202,24.2982,87.6811,58.9959,35.4305
2020-06-12,81.9382,53.5,127.251,26.1735,189.51,21.3318,109.8028,273.0851,70.6014,142.7456,111.9749,34.7315,50.4485,4.7373,162.62,26.7993,69.9801,174.5813,207.852,58.8471,103.3396,52.8893,100.8308,44.4166,127.8281,119.741,84.863,23.4142,37.8783,185.2363,134.2143,322.6897,105.1243,287.3446,226.5902,178.1103,116.4198,52.6451,87.1185,8.8814,105.7791,23.3874,98.6291,227.5565,87.5896,66.3532,278.9239,15.1565,133.6291,62.352,254.6631,54.1841,26.43,22.6388,183.7514,63.5135,39.0323,24.3407,50.9314,15.5834,21.2998,62.6337,47.3392,49.2329,28.8036,24.2362,88.2507,59.5806,36.19
2020-06-15,82.9516,54.68,128.634,26.5082,190.94,21.6503,110.2129,271.6954,69.7149,143.2062,113.5165,34.416,50.6555,4.7667,162.33,26.6172,70.3674,178.5007,206.9175,59.4182,103.2544,53.5757,101.7248,44.8918,130.7835,118.9828,86.0357,23.6498,38.4598,186.4288,132.3256,315.4309,106.6177,286.7463,230.4761,179.2488,118.1705,52.9991,88.3924,9.1212,106.9927,23.1172,99.5419,230.3252,88.363,66.857,281.5278,15.1565,133.7033,66.06,255.6723,54.5745,26.98,22.5439,183.2735,64.4115,38.77,24.5972,51.7501,15.6304,21.5948,63.2526,47.7963,49.8004,29.1683,24.4015,88.4497,60.1462,36.167
2020-06-16,85.15,54.46,130.7635,27.0862,197.77,22.2099,116.0084,275.5169,71.8546,145.8129,114.8351,34.6351,51.2815,4.8033,162.25,26.6268,71.6418,181.3386,214.2817,59.6609,103.0416,53.8432,103.431,45.8195,133.9281,121.6868,86.7239,24.099,38.8502,191.0519,153.0739,323.4502,106.3238,293.7999,233.5986,183.6413,120.3473,52.9138,89.4765,9.0166,107.9685,23.1449,100.7703,234.2805,90.0119,67.6215,286.9466,15.2957,131.6531,65.4753,261.6738,55.3697,27.64,22.6129,184.3439,65.6797,39.3016,25.1101,52.1736,16.0804,21.9344,64.4903,48.8154,50.5797,29.6546,24.513,90.6288,61.4107,36.9803
2020-06-17,85.0315,54.55,132.049,27.3233,192.54,21.5212,114.3322,273.917,69.9518,143.243,114.0691,34.968,51.4735,4.642,162.56,26.0326,71.9424,178.3969,215.0533,59.3825,103.2034,53.9234,102.3646,45.846,131.5071,121.3162,84.5316,24.1505,38.6924,190.3181,149.5768,322.8925,106.1172,293.1051,233.4797,184.277,120.6944,53.0908,89.6301,9.1831,108.0423,23.2558,100.5997,235.0233,89.6136,66.9787,285.7546,15.0373,132.1965,66.1193,261.3165,55.2251,27.28,22.6301,184.9939,64.7266,39.1152,24.9023,52.2395,15.5325,21.6037,64.0262,48.8059,50.5035,29.3061,24.4387,90.5384,61.249,35.7757
2020-06-18,85.0653,54.04,132.699,27.7827,192.29,21.5557,113.7615,273.8805,70.2575,142.6535,114.7672,34.9856,51.198,4.642,162.24,25.9655,71.0301,176.3636,213.6473,59.3611,103.4332,53.5579,102.2668,45.9304,131.4607,120.8023,84.0728,24.4303,39.033,190.9418,150.6054,319.749,106.3555,294.157,233.8861,186.2503,120.7132,53.0758,88.9435,9.1652,108.8787,23.034,101.7513,235.66,89.5487,66.2924,285.8647,15.082,133.5962,66.9307,260.3163,55.2523,27.89,22.7164,185.3283,64.0176,39.2809,24.92,52.4089,15.7243,21.5769,63.7895,49.0249,50.7661,28.9414,24.4345,90.231,61.0256,35.9982
2020-06-19,84.5792,54.23,133.7505,26.6651,187.02,21.7364,113.6456,274.1821,69.2564,142.6535,110.8696,34.9768,50.9476,4.5687,164.03,25.4862,70.5606,174.4515,211.4526,59.1613,103.4673,53.1478,101.396,45.8292,130.7835,121.1561,83.1126,24.6512,38.2272,190.8409,149.5488,314.5183,106.435,286.0998,236.7113,185.1403,121.5951,51.643,86.5313,9.2082,107.6487,23.1588,101.4442,235.6215,89.03,65.5018,284.231,15.0621,133.7033,66.7267,261.2222,54.9088,28.23,22.7422,183.694,63.0881,38.7769,24.8448,52.2677,15.4856,21.4339,63.0068,48.6868,50.5035,28.6496,23.7488,91.099,60.5503,35.277
2020-06-22,86.7921,54.76,135.691,27.6136,188.52,21.1941,112.1566,274.685,69.99,142.368,112.3918,35.4061,51.5569,4.6053,165.09,25.2754,71.8493,176.0002,213.6044,59.1184,103.3736,53.5668,101.3249,46.3352,132.0914,120.7855,82.2119,24.4082,37.9946,192.6021,150.0257,317.6956,106.3317,293.7614,237.1375,190.2823,122.6647,52.6729,89.9011,9.4722,107.4601,22.9439,100.4461,238.4471,89.6321,65.5018,286.0543,14.9627,133.7197,66.288,262.5048,55.0263,28.98,22.6215,186.3319,63.0251,38.4316,24.9369,52.3827,15.5573,21.3278,63.1129,49.6041,50.3592,28.5679,23.9804,90.7494,61.1725,35.6146
2020-06-23,88.6447,53.99,138.2205,27.4163,187.88,21.3404,112.5668,275.453,69.8754,141.8153,113.0414,35.7478,51.8407,4.51,166.48,25.1603,72.509,177.1769,214.5904,59.204,103.3396,53.4153,101.396,46.6557,132.648,120.339,83.2145,23.856,37.9116,194.8036,148.9878,314.0958,106.1331,296.1158,240.1313,191.5535,122.8711,51.8562,92.0784,9.3959,107.7143,22.7083,100.4291,240.4766,90.1231,65.58,287.3713,15.0323,132.8057,66.7853,266.9267,54.9902,28.72,22.5439,189.2087,62.7651,37.9345,24.9947,52.7222,15.5732,21.4267,63.122,49.9623,50.2824,28.4618,23.7388,91.1399,61.6537,35.8294
2020-06-24,87.0799,52.39,136.72,27.035,176.69,20.4968,108.8309,272.4633,66.9716,138.619,108.6589,35.2747,50.5136,4.3633,165.9,24.2306,70.9598,171.3281,211.0068,58.5973,103.5354,52.6754,98.41,45.5328,128.3439,117.7783,80.4359,23.6572,37.0892,189.0247,146.8278,304.0569,105.8392,283.6971,231.9829,187.6923,120.5255,51.5279,90.4161,9.1826,106.2383,22.3064,99.3116,235.519,87.6961,63.9729,280.0408,14.6198,134.2301,64.0567,259.3745,53.8335,27.25,22.6474,182.939,60.977,37.2371,24.2654,51.5341,14.7091,20.6711,60.9281,48.8353,49.4372,27.7349,23.5222,88.7608,60.2958,34.1415
2020-06-25,88.236,51.93,137.729,27.2005,174.88,21.2802,111.1937,274.758,68.1713,142.2666,107.9706,35.4236,51.2314,4.422,165.8,24.1827,71.3758,179.1842,210.3639,58.6187,103.5524,52.1583,99.4587,46.0557,130.2826,117.6519,83.24,23.4731,37.3218,191.8408,152.2791,306.5919,105.9504,287.5569,233.6284,190.0641,121.9704,50.9927,91.6086,9.4357,107.7553,22.3965,100.5656,237.761,88.4927,64.1553,283.0429,14.7689,134.6171,65.732,265.6889,54.3486,27.94,22.6819,185.3953,61.7558,37.4788,24.5678,51.7604,14.9905,21.2198,61.6045,49.4609,49.7873,28.0289,23.2306,89.6325,60.3768,34.6556
2020-06-26,85.5248,50.1,134.6435,27.0737,170.01,19.9286,109.1251,271.1286,66.0699,137.2833,105.7793,34.9943,50.4886,4.334,166.54,23.4446,67.4848,163.6884,206.6175,58.0619,103.8333,51.258,97.1837,44.9809,126.7762,116.0851,78.6769,22.7516,36.1921,189.7127,152.2511,301.471,106.0457,279.1909,214.199,186.2598,119.5779,50.3659,84.625,9.1026,105.7217,22.2025,98.2965,232.1463,86.214,62.1746,276.3203,14.4509,136.058,63.9827,257.3116,53.5171,27.36,22.7164,180.8937,60.5705,36.7055,24.2298,49.4783,14.4713,20.3113,60.4618,48.4868,48.7714,27.5471,22.9849,88.5429,58.9618,33.4664
2020-06-29,87.4959,50.28,134.019,27.2824,194.49,20.1353,111.6752,275.7273,66.9945,142.3107,108.1257,35.152,50.8976,4.4073,166.63,24.2498,69.2,167.3914,210.9983,57.7336,103.9355,51.9444,98.9788,45.434,130.9226,117.1212,79.0253,23.2964,36.8483,193.8038,152.1481,310.5467,106.5382,282.655,218.7193,188.2616,120.4129,50.7966,86.6126,9.1473,107.4847,22.6183,100.3693,234.6783,87.5016,63.8339,280.3815,14.8633,135.6299,67.29,259.8947,54.1407,28.27,22.725,182.9103,61.7399,37.7619,24.7012,50.393,14.6655,20.5362,62.4455,49.0168,49.6933,28.0207,23.4181,89.3419,60.0814,34.0034
2020-06-30,88.2263,52.61,137.941,27.7959,183.3,20.4452,112.7897,277.2083,68.1866,145.4956,108.116,35.0381,50.8058,4.4587,167.37,24.2498,70.2342,170.9821,214.7618,58.2618,103.7482,53.335,100.0807,46.2557,132.815,118.4606,79.9261,23.4805,37.1141,194.5651,153.5133,308.3665,106.8401,285.3279,225.0934,193.0715,122.9086,51.2081,88.5821,9.4434,108.4523,22.6598,101.9987,239.2782,88.854,63.9295,283.973,15.0223,134.9711,71.9873,264.5499,54.7914,28.06,22.6905,184.6211,62.4718,38.0657,25.0569,50.9588,15.0024,20.815,62.8021,49.8954,50.0604,28.4291,23.5055,90.8674,60.8485,34.3103
2020-07-01,88.0594,52.58,143.935,27.5422,180.32,20.0233,112.3974,278.6163,66.9563,145.2178,109.5703,35.4324,50.9977,4.3853,166.62,23.9239,71.4204,170.9388,212.7386,58.4432,103.5863,52.4258,99.9563,46.9039,131.5535,118.25,79.2463,23.3185,37.2304,197.0051,152.6905,304.5639,107.2621,290.606,235.4821,194.2004,124.5787,52.5066,87.9949,9.4755,108.5343,23.3805,102.3484,242.0712,89.3264,64.3117,285.9622,14.8584,134.709,74.642,267.0433,55.0263,28.35,22.6388,185.2041,63.9117,37.7481,25.1103,52.2224,14.6377,20.6351,62.5187,49.9766,50.1031,29.205,24.0554,91.5667,61.4632,33.5354
2020-07-02,88.0594,52.34,144.515,27.7836,180.81,20.0492,113.8774,279.5213,67.4836,146.19,108.7656,36.2385,51.5569,4.4367,166.98,24.1923,72.8037,170.7917,213.0386,58.8733,103.7141,52.711,100.4629,47.1256,132.0914,118.747,79.5037,23.4216,37.2803,202.9582,153.2235,305.899,107.5248,291.8123,231.388,195.6804,125.5357,52.5364,88.9254,9.5572,108.9361,23.9141,103.1161,243.714,89.8729,64.0945,287.537,14.9478,134.8491,80.5773,267.5186,55.198,28.75,22.656,187.0105,63.7287,37.8309,25.5816,52.0527,14.8003,20.6621,63.058,50.2679,50.3592,29.1069,24.1179,92.2568,61.7061,33.8193
2020-07-06,90.415,53.4,152.852,28.0759,187.91,20.3677,115.4021,284.7783,67.6823,148.3379,110.9471,37.7981,52.3999,4.5393,167.98,24.6619,74.2757,179.4091,213.9388,59.2962,103.5608,53.0765,101.4937,48.1233,133.0469,120.4401,81.5115,23.5615,37.571,206.0679,156.0473,306.3976,107.8035,294.8517,238.1883,199.8927,128.1628,52.6558,90.2986,9.7829,109.3051,23.9141,103.7559,249.7056,91.1698,65.5366,291.9758,15.1516,134.2969,91.4387,271.5997,55.4963,28.96,22.5353,189.008,63.6969,38.1416,25.9462,53.0994,14.8439,21.0579,63.963,51.1465,50.6068,29.1396,23.8221,93.192,63.1689,34.0571
2020-07-07,90.1345,52.93,150.006,27.5766,178.88,19.8081,113.4138,289.1118,65.9552,146.9306,110.1715,37.1672,51.6321,4.488,169.04,24.0868,73.7938,172.4875,212.0528,58.902,103.8931,51.98,100.0807,47.7715,130.6908,120.3306,79.212,23.5983,37.5544,205.9577,155.9163,298.522,107.9468,289.3902,238.7633,197.5684,127.7218,52.6046,87.6967,9.8152,109.5265,23.5815,104.2593,247.9854,90.0582,64.5028,288.9644,15.0671,136.1845,92.6573,266.0746,55.1077,28.79,22.587,185.6055,62.432,38.0035,25.9551,52.9485,14.3722,20.6261,62.7381,50.6117,51.0678,28.6659,23.7263,92.3839,62.1778,33.1748
2020-07-08,92.2337,53.43,154.0555,28.1446,180.08,19.8856,114.243,289.1941,65.9858,146.6343,113.1092,38.131,52.0661,4.466,170.09,23.9047,74.4714,174.9879,213.6131,59.0597,103.7312,52.2475,100.3829,48.4293,131.6648,120.6844,80.0528,23.4584,37.4381,203.1968,158.1418,295.9531,107.7717,290.0086,241.4596,201.9134,129.1949,54.0012,89.2958,10.1575,110.0595,23.3874,104.8308,251.2518,90.5584,64.4072,291.1747,15.1366,135.6404,91.0587,267.6083,55.2161,29.18,22.4663,186.4371,62.3445,38.2383,25.5861,53.42,14.3603,20.842,62.7381,51.4378,50.9397,28.6496,23.9387,92.393,62.8401,33.0981
2020-07-09,92.6304,57.26,159.1315,28.3146,173.28,19.6015,112.1031,297.6234,63.2272,145.9585,113.2547,38.131,51.4735,4.2827,169.63,22.4478,75.2173,170.2985,212.5757,58.9306,104.0635,52.0781,98.8811,48.6342,129.0025,120.0274,78.3196,23.0976,36.4745,203.5912,155.6358,287.2746,108.3767,284.6364,242.3716,203.327,130.0674,53.7283,87.6245,10.4489,108.8213,23.1865,104.481,253.3682,89.9378,63.9121,289.5169,15.0189,137.8002,92.952,261.1505,54.8908,28.41,22.5439,183.7036,61.9547,37.6623,25.3459,53.486,13.6508,20.4013,61.376,51.624,50.5385,28.5516,23.618,91.6665,62.7687,31.7324
2020-07-10,92.7924,55.88,160.0,28.1332,178.44,20.6776,114.136,298.2542,65.1299,147.2917,115.7077,37.8857,52.0244,4.4733,169.19,23.3775,76.2252,177.8517,214.4189,59.1313,103.859,53.0676,100.7028,48.7763,131.0803,119.9263,82.6011,23.7676,37.5045,207.2603,152.7466,295.1248,108.1777,285.6896,242.9366,202.7103,130.8836,55.3508,88.5279,10.4193,110.2563,23.4429,105.6838,255.0981,90.8549,64.5376,292.4731,15.3189,137.1077,102.9767,261.2133,55.3155,29.03,22.5095,184.0286,62.1456,38.0463,25.7862,54.4101,14.0868,21.1029,62.1713,51.6097,51.469,28.5843,24.0637,91.4486,63.5167,32.7222
2020-07-13,92.3643,53.59,155.2,27.4172,175.65,20.8239,116.4185,295.228,65.2598,151.6802,112.6826,37.6316,51.6905,4.444,169.4,23.828,74.8988,180.7242,213.9988,58.8088,103.9698,52.2207,100.5873,47.7907,129.42,122.3186,83.7852,23.937,37.5876,207.1411,151.5498,298.3444,107.891,280.3754,236.9194,196.4489,128.1815,54.6344,87.1456,9.9947,110.6253,24.3992,105.8203,249.8506,90.086,63.1129,289.9406,15.1308,137.5611,99.804,268.8192,54.9269,28.5,22.475,180.6547,61.4058,38.0183,25.7862,53.3163,14.0115,21.1928,62.4273,50.5401,51.3922,28.1351,24.0887,91.9662,62.7115,32.7298
2020-07-14,93.8928,54.72,154.2,27.7492,179.96,20.7809,122.0447,299.8725,67.5141,156.9852,115.0484,37.6842,52.45,4.664,170.19,24.5757,75.3262,185.1627,221.0029,59.3106,103.9612,52.5773,102.0891,48.3305,131.5627,124.6013,84.2657,24.526,38.1026,213.8464,153.2328,300.5415,108.52,288.8492,237.6431,197.6632,129.9172,55.9798,87.4167,10.3176,111.1255,24.413,106.7075,251.6191,91.3644,63.1824,293.6979,15.2325,137.7589,101.12,276.7211,55.7945,28.88,22.4319,184.774,61.9229,38.7096,26.4354,53.8444,14.503,21.3008,63.7802,51.1226,52.1434,28.4128,24.3136,93.7913,63.3356,33.8116
2020-07-15,94.5386,55.34,150.4435,27.6347,187.94,21.1769,123.3643,298.6839,67.9268,159.6053,117.2202,37.7981,53.0426,4.9427,170.34,25.7642,75.1291,187.6632,221.0115,59.6475,103.9271,52.6219,103.8576,48.545,136.3863,124.8877,85.5698,24.4082,38.5429,217.9742,154.7008,308.0623,108.735,295.3904,238.1883,197.3691,130.1893,55.2229,89.0248,10.1687,109.6249,24.7526,106.2042,252.1313,92.5593,65.6843,296.3963,15.2579,137.116,103.0673,272.7298,56.2011,29.29,22.3715,187.8515,62.5275,38.4443,26.88,54.165,14.8161,21.7236,65.4074,51.3996,52.1861,28.5434,24.2178,95.0081,64.2409,34.2413
2020-07-16,93.3752,54.92,149.995,27.4198,178.7,20.6001,123.5426,298.2909,67.5218,160.5589,115.7949,37.2636,52.7004,5.0307,168.73,25.7354,75.032,185.7338,221.2516,59.7048,104.0038,52.7199,103.7687,48.1956,135.5792,125.7217,85.8101,25.3286,38.3352,219.13,154.2801,309.1777,109.0376,289.2357,238.8327,193.4604,129.5513,57.2229,87.8684,10.0767,109.7807,24.6694,106.426,250.4111,92.1147,64.6244,295.42,15.4511,137.7673,100.0427,275.4923,56.2463,29.16,22.4491,184.9365,61.7797,38.947,26.969,54.2593,14.7487,21.7236,65.4257,50.7645,52.2971,28.2086,24.5261,94.8538,64.0694,33.9727
2020-07-17,93.1866,55.04,148.0985,27.5405,175.66,19.9889,122.9766,296.9378,66.6277,163.4198,115.0387,37.4739,53.0093,4.9867,170.12,25.352,75.1276,182.9132,223.2233,59.8697,103.9783,53.4866,104.1863,48.357,135.9781,125.8059,84.2228,25.7777,38.8918,222.5331,155.1777,311.3917,109.3322,293.7866,239.9231,192.4738,130.3207,58.7154,86.983,10.1431,110.4203,25.1198,107.1681,250.701,92.5223,64.4246,296.2765,15.3799,137.4787,100.056,274.9362,56.8157,29.1,22.3543,186.4562,62.5832,39.3101,27.1958,54.1367,14.5426,21.5436,65.8188,51.0128,52.5788,28.6006,25.0801,96.1522,63.7692,33.3897
2020-07-20,95.1504,57.46,159.842,27.9298,174.42,20.2988,120.9375,298.5103,65.1605,160.92,114.2048,37.9558,53.268,4.884,170.94,24.9303,77.455,183.1728,223.0433,60.2281,104.0465,54.5117,103.511,49.5692,135.3937,126.0165,83.4849,25.1224,38.3103,220.4417,156.1875,308.882,109.6347,301.4196,243.2836,200.7465,133.4356,58.4915,86.4138,10.4506,109.1493,25.2931,106.8354,257.8136,92.9484,65.1196,298.671,15.1765,137.8167,109.5333,272.1827,56.8518,29.12,22.3198,189.6865,61.8354,39.0098,26.9601,54.7873,14.3008,21.4447,65.0143,52.3164,52.0495,28.3311,24.751,96.1341,64.7888,32.6071
2020-07-21,93.8372,57.0,156.9145,27.684,178.63,21.0219,122.0514,299.6347,69.8372,162.6236,115.0096,38.3063,53.3765,4.8987,173.0,25.0645,77.0627,183.441,224.9722,60.5076,104.1572,54.1106,104.7729,49.1113,137.3138,126.1345,85.2953,25.4243,39.2074,223.8173,154.5605,316.9857,109.7781,297.2069,239.6455,198.0427,132.0752,58.9179,88.8621,10.2694,110.2317,25.4247,106.6904,255.127,93.3282,65.5366,299.3063,15.3799,137.899,104.5573,273.6626,56.9422,29.72,22.1819,187.7846,61.9865,38.9889,27.1958,54.5233,15.1649,21.8675,65.8736,51.7911,52.502,28.3392,24.8635,96.0705,64.8889,34.2566
2020-07-22,94.1008,61.79,154.9955,27.6365,179.79,20.9272,123.0485,300.1468,69.5697,162.4755,115.4071,38.1398,53.5184,5.016,175.63,25.2083,77.505,178.2325,227.3298,60.6295,104.1913,54.4226,105.3683,49.4125,137.3881,126.3618,84.6775,25.6967,40.2707,225.0464,154.1304,333.0074,110.1363,302.782,237.7819,200.8888,132.685,59.79,89.3591,10.379,111.5272,26.7206,107.6032,256.0258,94.0785,67.1003,301.0099,15.3342,138.3112,106.1553,275.0977,57.4934,29.75,22.1215,190.0593,62.9332,38.926,27.5115,54.5799,14.9786,21.8675,66.4038,52.2066,52.9203,28.6823,25.2467,96.9332,65.4464,33.4587
2020-07-23,89.8177,59.57,149.3275,27.2728,176.45,21.1252,122.7072,298.1445,69.5468,163.6235,114.5248,37.8331,53.0927,5.1187,177.18,25.6492,75.1226,175.6542,226.1639,60.5865,104.2935,53.8432,105.2527,48.3088,137.5272,126.0249,84.9263,25.6673,40.1045,225.6335,151.0262,327.5486,110.2159,299.4292,230.5752,192.1512,130.0298,59.9073,88.8079,10.0718,112.4046,26.6166,108.2994,249.3384,93.041,65.4671,297.4184,15.202,139.9269,100.8713,271.7432,57.2043,29.41,22.0784,188.6926,62.6707,38.9959,27.427,53.6935,14.9509,21.8855,66.2027,50.8504,53.1081,28.5353,25.2758,96.4973,64.4648,33.5278
2020-07-24,89.5952,69.4,150.4455,26.931,173.76,20.9617,123.5875,297.8429,68.8744,162.3458,114.0303,37.7981,52.8006,5.0454,178.7,25.1603,74.6997,174.3131,227.4498,60.6439,104.2424,45.0981,104.293,48.0317,135.505,124.7698,84.3257,25.5348,40.279,223.8815,149.1748,326.357,109.969,296.5499,228.7016,190.9749,128.5662,59.7538,88.9254,10.1361,111.5683,26.0969,108.1277,246.9708,92.0869,65.8319,295.5029,15.0342,139.9187,94.4667,269.7878,56.8608,29.44,21.9836,186.5135,62.2093,39.6941,27.3336,53.6086,14.8676,21.8315,65.6725,50.2344,53.0398,28.4209,25.1092,95.4349,64.5792,33.3206
2020-07-27,91.7186,68.97,152.7605,27.5378,170.21,20.7809,125.6626,299.5068,69.5697,162.9476,112.7699,38.3851,53.4934,5.082,182.23,24.6332,75.7507,175.6542,229.2587,60.7872,104.0805,44.1888,104.4352,48.7498,136.915,123.978,83.1417,25.6526,40.2707,226.4407,150.0724,322.8756,109.6347,298.4243,231.4674,193.3941,130.6116,59.1951,87.8232,10.3619,112.8885,26.0138,108.4367,251.3774,92.7446,66.4227,297.6579,14.8918,139.3994,102.64,267.8236,57.0597,29.72,21.8198,188.1956,62.798,39.7081,27.7294,53.9764,14.8835,21.6516,65.9468,51.0271,53.3045,28.7558,24.8051,96.1522,64.9794,33.8116
2020-07-28,90.2119,67.61,150.0165,27.0684,170.84,20.9703,123.9917,299.4792,68.0949,162.7532,112.6439,38.0697,53.1511,5.1407,183.75,25.237,74.4738,174.4428,227.4241,60.6295,104.3276,43.8947,104.0975,48.2751,135.5514,123.6832,83.502,25.9544,40.0215,223.5421,152.0827,326.7373,109.5232,295.9797,228.1168,191.6579,129.4012,59.709,86.974,10.157,112.6507,27.0393,109.7758,248.1787,92.0406,64.8416,295.7701,15.0952,140.3638,98.4327,269.0165,56.9151,29.35,21.8543,188.0332,64.0469,40.134,27.1202,53.42,14.6298,21.5976,65.4897,50.4302,53.5008,29.3356,25.18,96.0433,64.3362,33.4127
2020-07-29,91.9411,76.09,151.6765,27.2005,166.01,21.7537,126.2375,298.172,68.8285,166.8824,112.0912,38.683,53.7104,5.0747,185.13,24.8153,75.4575,175.2734,226.8926,60.9664,104.4639,42.8517,105.4927,48.9185,138.5383,123.4389,85.5269,26.1901,39.8885,224.4686,151.2412,327.2782,110.1204,298.8494,231.2592,193.5932,130.9118,60.0075,87.6064,10.4056,113.1017,27.2057,110.145,251.0393,93.0132,67.2567,299.4076,15.0291,140.1248,99.9407,275.0708,57.4483,29.57,21.7508,189.7917,65.2879,40.113,27.3425,53.9104,14.935,22.0024,66.4861,51.1608,53.5776,29.891,25.2967,97.0512,64.9889,33.7809
2020-07-30,93.0536,78.2,152.594,27.4868,161.95,21.3835,122.824,297.6039,65.9246,164.8363,112.1397,38.1924,52.9174,4.9427,183.76,24.1539,76.1935,172.6346,228.3071,61.0955,104.6088,42.7804,104.4263,49.0751,137.991,123.6916,83.2446,25.3212,39.6144,222.0011,143.0597,322.5629,110.001,298.5595,232.4587,193.4415,130.9118,60.1994,87.4709,10.5532,112.9048,27.1077,112.8147,252.3535,92.5871,66.5791,298.3393,15.0342,141.048,99.166,273.7703,57.2133,28.93,21.6646,185.4717,64.8663,40.0083,26.8133,54.0612,14.3484,21.6066,65.8188,51.4473,53.5776,29.646,25.2967,96.3792,64.9366,32.1237
2020-07-31,102.7952,77.43,158.234,27.8963,158.0,21.4179,119.3655,298.2544,64.1441,163.2346,113.3807,37.9295,51.7907,4.8473,185.43,23.8568,73.6962,171.2762,227.6041,61.2101,104.6344,42.5486,104.0886,49.8535,136.6924,122.7819,82.9186,25.3139,39.2406,224.8355,140.5257,320.239,110.1522,298.1054,251.4618,194.4945,131.531,59.8497,88.1846,10.554,112.8802,26.9258,112.5572,256.857,93.2541,66.4835,300.6968,15.0393,140.9573,95.384,271.5727,57.2946,29.07,21.7939,181.9737,64.747,40.134,26.84,54.8156,14.281,21.6156,65.572,52.7318,53.5264,29.6133,25.3383,95.8254,65.2748,32.2848
2020-08-03,105.3855,77.67,155.5945,28.2908,162.27,21.5126,118.3774,301.7268,64.809,164.4475,112.8087,38.1924,52.8006,4.906,185.64,24.5757,73.4392,172.5134,228.1957,61.2252,104.5832,43.0567,104.4263,50.4969,138.9186,124.1212,82.4553,25.6157,38.4598,224.1016,142.91,318.659,110.2998,302.0284,249.7667,205.4331,133.1729,59.1866,88.8351,10.9472,112.0931,26.8348,112.7031,260.3263,93.5783,65.5887,302.7874,15.0596,140.2476,99.0,272.3172,57.3488,29.34,21.7939,182.2509,63.8878,39.9664,26.6888,54.8628,14.3325,21.6786,65.8462,54.0307,53.3813,29.1396,25.0634,96.8151,65.1367,32.4153
2020-08-04,106.0892,85.04,156.9415,28.9214,165.07,21.5298,118.1438,311.3196,66.0928,164.9012,113.7201,38.7005,53.0927,5.0307,189.59,24.729,72.9706,174.4602,229.6445,61.2037,104.9413,43.7966,104.9062,50.6511,139.8741,124.0117,81.9834,25.8293,38.7838,223.6797,144.7895,319.411,110.7068,303.7675,247.6552,202.3498,133.7171,60.7772,87.9316,11.1635,112.7244,26.8628,114.8492,261.2926,93.9211,65.2673,303.9569,15.2579,141.5845,99.1333,273.1156,57.6019,29.78,21.7163,183.7801,64.8424,40.4342,27.0668,55.2117,14.6813,21.5886,66.0107,54.1692,54.0472,29.5725,25.3383,96.3883,65.6608,33.3513
2020-08-05,106.4737,85.31,160.2515,29.0227,174.28,21.857,121.243,311.4846,66.6353,169.2618,123.726,39.1211,53.268,5.104,191.35,25.237,73.2574,176.952,229.3102,61.3116,104.5918,43.6094,105.6882,50.9451,142.6569,125.0057,83.4077,25.6084,39.224,227.7341,144.3126,324.067,110.5552,316.9176,246.9514,202.0178,133.9141,60.5064,91.193,11.2221,111.7241,26.9048,114.5487,261.9401,94.8381,65.8319,305.8448,15.1765,140.3466,99.0013,280.264,57.5567,30.23,21.6215,187.4215,64.5163,40.1759,27.4626,55.1268,14.8359,21.8855,67.2723,54.3697,53.9362,29.352,25.0134,96.8333,66.4612,33.6428
2020-08-06,110.1885,86.71,161.25,28.9893,172.2,21.9258,120.722,314.5446,66.8417,167.8175,126.8383,39.2438,53.3264,5.082,193.89,25.515,74.5382,176.7183,230.9305,61.4484,104.7111,43.5914,105.857,51.4174,142.6013,124.2897,83.4334,25.9765,39.44,226.2572,142.9475,320.8898,111.0259,318.9854,262.9707,205.2529,134.3832,60.2996,90.7503,11.2706,111.4042,26.7788,113.9221,265.4095,95.4032,66.0853,307.8893,15.1715,141.1306,99.3053,281.6902,57.7013,30.18,21.6215,189.9733,64.6197,40.3783,27.3469,56.579,14.717,21.8765,67.5282,55.1337,53.9277,29.4091,25.1592,96.3157,66.7852,33.4817
2020-08-07,107.6833,84.85,158.373,28.7048,170.02,22.4768,121.1981,312.3457,66.3297,169.8914,125.9753,38.4377,53.1094,5.0307,190.81,25.6108,74.2123,180.1964,232.8766,61.2973,104.4894,43.1068,106.9856,50.9162,144.8646,125.1742,85.2695,26.0722,39.7058,225.0189,142.9942,325.8585,110.7148,316.9369,266.1032,201.5814,133.2667,61.3593,92.0242,11.1354,112.1259,26.9048,114.6432,262.346,95.6626,66.1988,308.1103,15.263,140.1898,96.8473,284.354,58.1351,29.85,21.7508,187.6699,65.5425,40.8671,27.4403,56.513,14.7368,22.3442,68.68,54.3124,54.2179,29.8093,25.6132,96.6244,66.8853,33.3283
2020-08-10,109.2485,82.24,157.408,28.8307,179.41,22.8641,127.5759,311.512,68.5687,175.826,124.87,38.5341,53.2847,5.1994,190.15,26.8185,74.1356,181.1568,235.5256,61.326,104.3785,44.1748,107.9631,50.656,146.3673,124.694,86.3507,25.6157,39.6394,223.2119,143.0597,328.9344,110.4754,311.9706,260.7105,197.5684,132.2159,60.4766,95.2314,11.1011,111.5027,26.8628,115.1153,261.225,95.8941,67.6662,309.0312,15.3545,139.5626,94.5713,286.2107,58.0718,30.16,21.7853,188.0809,65.6459,41.1883,27.7071,56.3244,15.1927,22.5061,70.3712,54.1596,54.4996,29.7603,25.6049,96.2975,67.6857,34.1492
2020-08-11,105.9994,76.88,154.0335,28.5374,180.13,23.1741,128.034,304.5763,68.4846,178.8906,126.5183,38.4289,53.4767,5.302,179.94,27.3361,73.3292,182.6104,235.6885,60.7719,104.0204,43.2504,107.8565,49.9041,145.5232,123.8011,89.0791,25.4979,39.8138,224.597,140.8437,331.2159,109.7812,317.4395,253.9004,192.9482,129.5513,59.2293,94.9694,10.7879,110.7975,26.4429,114.3685,256.277,95.4124,68.889,306.4802,15.3545,137.904,91.626,283.0266,57.5386,29.82,21.8198,189.0176,64.6992,40.8531,27.6582,55.4851,15.1411,22.767,70.746,53.1855,54.124,29.1886,25.0509,95.6892,67.5523,34.5021
2020-08-12,109.5223,82.61,158.112,29.3838,175.44,23.0105,128.07,308.5434,69.3252,178.048,127.7787,38.9459,54.6619,5.214,179.1,26.8664,74.6516,183.5362,241.3981,60.7863,103.7134,44.1479,108.5497,50.9451,146.1169,126.067,88.3241,26.0133,40.2291,228.0643,142.6389,331.6216,109.5099,316.56,257.6276,198.4601,133.0603,60.6791,95.0598,11.3748,112.9951,26.8208,116.2827,262.7229,96.6074,69.2559,310.7532,15.3443,136.6497,103.6507,289.0539,58.126,30.56,21.7508,189.9446,65.3515,40.916,27.8227,56.1452,15.2917,22.704,70.9746,54.3936,54.824,29.5561,25.4133,97.2964,68.448,34.4943
2020-08-13,111.4605,81.84,158.051,29.0121,174.73,22.6834,126.3633,307.5723,68.6374,175.4464,126.974,38.8319,54.4198,5.1554,183.33,26.4064,75.1177,180.3003,241.4666,60.6207,103.5002,43.5825,107.8654,51.2054,145.8108,124.6687,87.835,26.1901,40.1876,228.6238,141.3705,328.9175,108.5205,315.1687,259.0254,197.9953,133.7546,60.6386,96.2342,11.3775,113.2411,26.7088,116.5574,263.3221,96.3758,69.0201,310.1916,15.207,135.1889,108.0667,288.3813,58.0176,30.4,21.7422,189.1214,64.5481,40.8601,27.8183,56.4281,14.9945,22.5601,70.5998,54.4175,54.7814,29.2131,25.3716,97.1693,68.4195,33.6493
2020-08-14,111.3612,81.3,157.401,28.8712,178.08,22.7867,125.7255,308.1038,69.0425,176.9556,126.5571,38.7619,54.086,5.1627,182.54,26.7035,74.5224,179.9369,240.515,60.5128,103.5513,43.8786,107.9454,51.109,145.718,124.8709,87.8693,26.2048,40.2457,227.9451,141.0228,330.7597,108.0418,315.7582,258.9659,198.185,133.6514,59.8071,96.1529,11.4978,112.7982,26.6319,115.9737,263.0128,96.3295,68.4523,310.2008,15.2579,134.6608,110.0473,290.3365,58.0266,30.33,21.7077,188.2217,64.556,41.0486,27.8494,56.4187,15.1372,22.6501,70.874,54.3793,54.7728,29.2866,25.1509,96.9786,68.4147,33.798
2020-08-17,111.0705,82.42,159.1205,29.0914,172.01,22.296,124.6116,311.4753,69.3634,178.6776,125.4324,39.2525,54.4949,5.1187,186.5,28.7642,75.0974,175.6974,247.1077,60.8726,103.7219,43.9145,107.7321,51.6319,146.4693,125.5027,85.5527,26.4551,40.0464,227.8809,142.3759,328.6809,108.2653,319.0722,258.8866,199.4942,136.0814,60.338,95.4573,12.2664,113.0935,26.8348,116.3171,266.0666,96.6259,68.9589,311.1861,15.1765,134.9992,122.376,287.4753,58.2977,30.77,21.6129,190.8922,65.0811,41.0417,27.9739,56.4847,15.05,22.2723,70.5449,54.7422,55.0801,29.548,25.1176,97.5506,69.2961,33.3599
2020-08-18,111.996,81.66,165.6245,28.9434,170.23,21.9775,124.2972,312.1991,67.9293,177.8814,124.9961,39.2087,54.4616,5.0527,188.18,28.6013,77.0558,174.1746,244.33,60.9662,103.901,43.6632,107.35,52.056,145.0687,126.4293,84.3601,26.2563,40.2208,226.4591,143.8604,329.7795,108.5764,319.8162,260.0562,200.6421,136.9634,60.3508,96.6408,12.1906,113.2492,26.8418,117.1841,268.6276,96.6723,68.9938,311.8584,15.146,135.9647,125.806,284.1567,58.2977,30.6,21.4922,190.4902,64.7708,41.321,27.8583,56.9939,14.8597,22.1283,70.161,54.9475,55.3021,29.5153,25.0051,97.5234,69.7249,33.1956
2020-08-19,112.1365,81.09,163.024,28.9937,169.27,21.9516,123.9827,312.3365,66.9681,177.7518,123.8811,38.7268,54.2195,5.038,182.24,28.007,76.5025,175.6542,242.4954,60.7935,103.7645,43.376,106.8523,51.8102,145.078,126.682,84.5574,26.087,39.3486,226.7893,143.09,329.6019,108.2891,321.169,260.3041,199.4249,136.2785,60.1994,97.9236,12.069,111.8881,26.7718,116.5488,266.8203,96.3758,67.806,310.5599,15.1155,135.1146,125.2353,282.8921,57.873,30.66,21.6646,192.3854,63.6332,41.2302,27.7783,56.8336,14.6893,22.1193,69.9782,54.8807,54.8667,28.9109,24.9301,97.2056,69.3962,32.8279
2020-08-20,114.6248,82.77,164.8685,28.9602,169.58,21.6073,123.4977,312.3091,65.7433,176.9278,124.2204,38.6042,54.0442,5.016,183.5,27.6332,78.0696,174.6418,240.6264,60.9949,104.063,44.1299,106.3724,52.391,144.4843,127.5496,83.5449,25.6599,39.332,225.0189,142.1973,327.7682,108.6721,325.9226,266.6683,204.0658,137.8734,60.1504,97.5804,12.0715,112.1095,27.0937,117.476,270.5217,96.5981,67.4478,311.5268,15.085,136.3361,133.4553,281.0354,57.873,30.52,21.6042,195.4102,64.2378,41.1673,27.6804,57.5408,14.3722,21.9125,69.6033,55.6113,54.7557,29.2213,24.7093,96.8968,69.2914,32.3272
2020-08-21,120.5317,83.81,164.236,29.065,167.5,21.504,124.351,315.7357,65.9526,184.7048,123.5611,38.7969,53.7688,4.884,182.03,27.3744,78.0359,175.1437,242.8126,60.9878,104.1398,44.2287,106.4435,52.6609,143.4176,128.6783,83.502,25.4464,39.2739,224.0925,140.243,329.1964,108.8716,325.7102,264.6857,202.5822,138.5678,60.2143,99.1523,12.6109,111.8963,27.2057,117.9824,272.3965,96.8853,67.3168,312.632,15.0952,137.153,136.6653,281.762,57.8007,30.18,21.7077,195.3911,64.3413,41.1883,27.5204,57.2862,14.281,21.8675,69.8867,56.318,54.8923,29.3193,24.751,96.9967,69.6487,32.0846
2020-08-24,121.9733,83.08,165.373,29.4155,178.27,22.1152,127.2705,315.2959,67.596,190.1673,126.7122,39.2262,54.4782,5.1187,181.0,29.0518,78.5104,179.3918,245.8304,61.2684,103.9948,44.103,108.0342,52.9091,144.9203,129.0175,85.853,25.8366,39.847,228.3211,140.4872,333.8187,108.6801,332.0292,269.0275,203.2194,138.1174,60.2612,101.0315,12.6474,112.8639,27.1777,118.901,274.0973,97.9506,68.7231,315.7998,15.2681,136.9301,134.28,277.0082,58.1712,30.35,21.7422,197.5734,64.7549,41.5933,28.005,57.9841,14.6734,22.3892,71.1483,56.805,55.3619,29.3601,24.9676,96.5518,70.7065,33.0313
2020-08-25,120.9726,86.35,167.3245,29.604,174.73,22.3821,126.7944,315.8274,66.7666,190.3525,125.8396,39.6205,54.5116,5.0893,181.22,28.4575,79.5357,178.2325,245.2988,61.3332,103.7475,44.3633,107.9543,53.3115,145.078,128.9412,86.2305,26.0428,39.7972,229.3944,140.6376,333.6496,108.2094,335.9134,278.3754,205.8631,139.0275,59.9798,100.7424,12.677,112.5851,26.8768,119.3731,276.2524,98.2841,72.2518,316.905,15.202,135.8822,134.8893,280.0398,58.2796,30.92,21.6646,199.191,64.922,41.4885,27.8939,58.531,14.4673,22.4522,71.0568,57.0915,55.2423,29.4499,24.7302,97.2056,70.9399,31.9829
2020-08-26,122.6177,86.02,172.0925,29.9149,171.9,22.0033,127.4052,315.4242,65.7201,195.3612,128.1568,39.7257,54.8288,5.0013,183.36,28.2563,81.4316,179.288,250.2711,61.326,103.7048,44.471,107.741,54.4176,144.1689,129.1447,85.0207,25.9986,40.0048,231.9628,140.243,334.1567,108.2493,339.1598,301.2644,210.3139,141.5514,59.4872,100.7604,12.6999,113.5444,26.6249,118.798,282.1474,99.1826,71.981,320.0822,15.2477,135.3622,143.5447,276.9903,58.4333,30.93,21.6387,201.2586,64.3253,41.5165,28.1874,60.5301,14.1621,22.3442,71.0934,58.2519,55.3106,29.2458,24.4553,97.0875,71.6403,31.3023
2020-08-27,121.1519,83.8,170.0,29.8682,174.2,22.4251,128.7886,317.3391,65.8208,194.2687,129.6597,39.3927,54.2696,5.0674,181.24,28.4575,80.6585,181.823,247.442,61.2325,103.3382,44.3364,108.5052,54.355,144.5214,129.7213,87.8179,25.8869,40.063,230.174,139.9705,333.8018,107.3875,343.9716,290.6675,215.4778,141.3918,59.7615,100.1371,12.556,113.4871,26.4919,118.6434,281.2679,99.266,72.8545,320.782,15.202,133.0599,149.25,279.5465,58.7044,30.67,21.6646,201.9956,65.272,41.4955,28.1118,59.7946,14.1899,22.722,71.3494,58.2997,55.6521,29.6378,24.5344,97.8503,71.2544,31.091
2020-08-28,120.9557,85.55,170.09,30.3684,175.8,22.6403,129.0222,319.1807,66.379,194.3336,131.4146,39.9096,54.6535,5.0893,184.39,28.7738,81.1988,179.7119,245.4359,61.2828,103.5087,45.2608,109.2517,54.6417,145.7458,130.281,88.1782,25.9763,41.3921,232.5957,138.4389,334.2834,107.7147,353.7496,291.1037,217.6936,141.9923,59.9051,101.6718,13.0725,114.7498,26.5269,119.1242,282.6982,100.2479,74.2433,322.8541,15.2731,132.9608,147.56,281.9682,58.9755,30.72,21.4922,206.4753,65.7016,41.3768,28.4453,59.936,14.4435,22.812,72.0258,58.8106,56.1473,29.8665,24.6052,98.0682,71.7213,31.8343
2020-08-31,125.0575,90.82,172.548,30.5736,171.82,22.1582,127.8364,318.5302,65.0611,194.4817,127.8563,39.0247,54.2362,5.0013,184.83,28.4,80.7085,178.328,244.3643,61.1965,103.6196,45.7275,108.3364,54.9237,144.1782,130.086,85.9645,26.0954,41.1428,229.0825,139.4255,331.7924,108.1934,346.0876,290.6476,214.4792,144.0001,59.8237,101.3096,13.298,114.8482,26.4429,118.7465,284.9692,99.6551,73.7803,321.6846,15.1562,133.8438,166.1067,280.3357,58.858,30.58,21.4663,202.9145,65.0333,41.3838,28.0095,59.6531,14.1304,22.5421,71.13,58.9968,55.9851,29.6051,24.6802,98.3043,71.5117,31.2475
2020-09-01,130.0389,92.18,174.956,31.6648,172.1,22.1324,131.1961,321.9385,64.4022,201.5459,129.4852,39.6906,54.2946,5.0087,185.05,28.5534,81.974,178.8416,245.1359,61.5296,103.9592,45.5839,108.6829,55.784,145.8294,128.4833,85.9217,25.4252,40.8023,235.6869,138.4014,328.8593,108.8771,344.8411,292.8682,216.134,145.6702,59.3865,103.9807,13.746,114.1348,25.8062,118.6177,289.8398,100.3591,75.1604,324.7143,14.9833,135.3747,158.35,280.5869,58.8399,30.61,21.5094,204.2163,65.0811,41.307,28.7965,60.1435,14.0353,22.6051,71.8522,60.1238,56.0448,29.5561,24.3969,97.4235,72.2597,30.8485
2020-09-02,127.3447,90.22,176.5725,33.0273,174.78,22.3993,134.0886,328.7918,64.4875,201.0089,131.2691,39.5855,55.0208,5.0967,182.62,29.6748,85.0601,182.8281,247.5146,61.6018,104.1043,46.8942,110.4247,56.3479,146.9888,130.4421,87.2172,25.8497,42.5218,239.6028,140.5154,338.4323,109.3089,348.5127,299.8667,220.2993,146.721,61.7716,105.7553,14.2687,117.4968,26.0301,120.6178,292.5844,102.045,77.1693,329.411,15.1003,136.6635,149.1233,287.2332,59.9696,29.86,21.587,207.2123,66.2903,42.2636,29.4502,61.4259,13.9679,22.9289,73.0405,60.6586,57.0607,30.2176,25.155,99.3758,73.2603,30.6607
2020-09-03,117.1494,82.54,168.4,31.0087,168.77,22.2433,131.8338,319.1165,63.7821,195.176,129.1846,38.8319,53.7771,5.0013,181.14,28.2563,80.7075,180.6694,236.6814,61.2189,104.2408,45.2249,108.1409,53.5911,142.6476,126.8128,86.9427,24.9858,41.932,230.598,140.0175,328.4171,109.069,332.2224,288.5858,206.6525,139.3465,60.128,102.1788,12.9449,115.1042,25.4703,118.6864,277.7503,98.6454,75.536,318.0746,15.0443,137.0519,135.6667,283.6365,58.5327,29.64,21.5956,200.0143,65.4948,42.3194,28.6365,59.3419,13.8648,22.5781,70.9929,57.2014,56.079,29.7113,24.8718,96.6698,70.9352,30.5981
2020-09-04,117.2269,82.01,164.731,31.9651,171.05,23.0061,133.1094,317.5315,63.5108,195.6668,127.9726,38.8495,53.8523,5.06,181.64,28.7547,78.3153,183.6115,232.3983,61.0527,103.6605,44.9467,107.9898,52.7621,141.7386,125.9988,88.8217,24.9262,42.3972,228.066,141.7933,327.3375,107.9096,323.6906,280.2688,203.7519,137.4043,59.4273,101.7714,12.554,114.6004,25.4423,118.4288,274.049,97.7561,75.3526,315.4776,14.9579,134.4494,139.44,279.8425,58.1712,28.51,21.6301,195.8983,65.1527,42.2287,28.6543,58.2575,13.8212,22.749,71.1574,56.4039,55.9509,29.6051,24.7302,95.9797,70.1157,30.5747
2020-09-08,109.3381,78.69,157.492,30.8722,161.08,22.0872,133.4149,310.4675,61.2162,194.6483,130.1154,38.1748,53.1929,5.1554,181.29,31.0359,75.4619,176.2476,232.0535,60.7131,103.8824,43.8966,105.9903,50.803,139.0114,124.871,85.7329,23.6527,41.3754,223.7846,140.2899,323.2651,108.0135,318.7341,268.7996,192.7299,131.5967,59.5537,102.0611,11.8484,111.9493,25.1414,116.6948,260.8771,95.4217,74.6014,306.8578,15.0037,135.2755,110.07,275.582,57.2404,26.75,21.7422,191.5527,64.3572,41.8656,28.1162,56.7205,13.3178,22.1643,69.8227,53.854,54.7728,29.2295,24.5927,94.3997,69.1961,29.8705
2020-09-09,113.6992,81.91,163.4305,31.708,160.78,22.1132,137.1608,317.4032,62.0379,199.5368,129.3009,38.7443,54.1861,5.1114,183.05,30.6237,76.6323,176.0212,238.7584,61.19,103.8312,44.5338,107.2789,52.232,141.1171,126.94,86.548,23.5708,41.6911,231.2425,142.7892,327.5244,108.0855,328.1643,271.3373,200.937,135.6686,60.5094,104.035,12.646,113.2377,25.3164,118.5919,268.5406,96.9502,74.9944,312.9174,14.9325,134.912,122.0933,279.8604,58.126,27.41,21.7077,195.324,64.9936,41.9214,28.841,57.3994,13.409,22.3892,70.9014,55.6113,55.5667,29.548,24.9176,96.0705,70.5016,29.6906
2020-09-10,109.9874,78.98,158.7555,31.4482,157.69,21.7925,134.6186,311.0815,60.5806,199.1572,129.1652,38.1223,53.5518,5.0674,182.46,28.9176,75.5833,174.0976,235.0181,60.9009,103.9592,43.9415,105.6971,51.2102,139.2804,124.5742,85.6557,23.4665,41.5333,227.6885,137.3866,322.3128,108.1654,321.6327,265.7563,195.307,133.248,59.3394,103.9354,12.2449,111.2969,24.9455,117.3472,263.1867,95.3569,74.1385,307.4841,14.6986,135.5977,123.78,273.2052,57.3127,26.79,21.7508,192.9119,64.1981,41.5653,28.5698,56.5507,12.9175,22.0744,69.9964,54.3554,54.8838,29.1314,24.4886,94.5995,69.4915,28.9474
2020-09-11,108.5434,76.34,155.811,31.6789,160.23,22.1046,138.1848,310.7149,60.224,199.9441,127.7399,38.4902,54.086,5.1333,182.45,29.1956,75.0736,174.8897,238.1465,61.0237,104.1214,44.2287,106.2925,50.9789,138.3528,125.3119,86.7196,23.6155,42.4138,230.3402,139.1437,331.1037,108.2454,318.995,264.2892,194.0327,132.7883,59.6051,106.8419,12.0985,112.164,25.2394,118.5834,261.3603,95.431,74.4791,307.6406,14.7444,135.8869,124.24,271.521,57.4844,27.04,21.7077,192.0887,63.8401,41.7469,28.9344,56.3715,12.9294,22.2273,70.9471,53.9399,55.1911,29.0334,24.5469,94.9718,69.5963,28.8691
2020-09-14,111.7998,77.9,155.1485,31.8991,165.35,22.3213,137.8974,314.1873,59.9139,202.1384,127.2552,39.1123,54.3781,5.2213,183.89,29.8857,74.7304,175.2553,241.8696,60.9587,104.0275,44.3453,107.7943,51.8247,141.9983,125.7953,87.9208,23.7346,42.464,231.3346,139.9987,334.7595,108.5172,327.1595,263.8331,195.3451,135.7343,60.413,108.0008,12.8024,112.8743,25.8972,119.004,265.912,96.6815,75.667,311.6926,14.8156,135.8787,139.8733,277.9065,58.2887,26.94,21.656,196.2046,65.3993,42.1169,29.3524,56.5884,13.0285,22.5331,71.907,55.0717,55.5497,29.744,24.8843,96.3339,70.3348,28.6814
2020-09-15,111.9742,78.93,157.8065,32.3139,163.49,21.9139,133.4867,315.0943,59.1853,199.7682,127.2455,39.5241,54.7287,5.1627,183.45,30.2691,76.0325,172.348,246.1183,61.1249,103.9763,44.8749,107.7143,52.4006,142.2673,126.2532,85.1837,23.8091,42.7487,230.8558,141.0134,333.7392,108.6372,327.6812,270.0485,198.55,137.9016,63.3659,107.9918,12.9205,112.0071,25.8622,119.004,269.6809,97.2095,76.6103,313.2673,14.8054,135.5482,149.92,276.6996,58.5598,27.52,21.6732,196.5971,66.1869,42.3124,29.4947,57.5974,12.9334,22.2273,71.9527,55.616,55.4728,30.136,25.0509,96.461,70.9113,28.3762
2020-09-16,108.6694,76.66,153.905,32.3253,167.46,22.1912,135.7414,314.9295,60.8984,199.4257,128.0696,39.4716,54.7287,5.148,183.97,30.4704,74.8919,174.6808,242.7142,61.1249,103.9165,45.2069,108.3986,51.7404,143.6124,125.8377,85.5441,23.3548,42.531,229.1156,141.8403,336.3153,108.7092,330.2996,261.226,195.0027,136.1565,60.0765,107.3761,12.4466,111.4786,25.7362,118.2056,265.3805,97.0613,77.1955,312.0241,14.8664,135.1433,147.2533,276.0602,58.5508,28.7,21.6991,196.3482,66.5369,42.1518,29.5169,56.9751,13.4526,22.4792,72.684,54.7565,55.2253,30.332,25.0176,96.2975,70.5159,29.5811
2020-09-17,106.9347,76.55,150.4365,32.2267,167.53,21.9745,138.2207,310.4858,61.0767,203.6289,126.2565,39.3139,54.8038,5.3387,182.96,30.595,73.6512,169.5887,241.2749,61.0599,103.9507,45.1621,107.9276,51.0608,142.5642,124.7947,84.566,22.8186,42.33,230.5428,143.259,336.6215,108.7332,327.9614,252.6018,192.9676,134.721,59.8987,105.3569,12.3959,110.0085,25.7642,118.0511,261.2346,96.1999,75.7718,309.2798,14.78,135.5565,141.1433,274.6732,58.2435,29.23,21.6215,196.4822,65.2402,42.3055,29.7348,55.9284,13.4724,22.2453,72.8303,54.3029,54.8753,29.6623,24.8135,95.9797,69.5248,29.5733
2020-09-18,103.5427,74.93,147.7455,31.6816,161.14,21.8532,136.8912,307.8105,60.6271,205.5084,124.7149,39.0072,54.3614,5.302,183.2,30.1924,71.8706,169.6148,237.164,60.9081,103.8568,44.7761,106.9056,50.5258,142.1931,126.4991,84.3858,22.1483,42.2463,226.5928,144.8564,335.9413,108.5333,323.9323,250.3317,190.571,134.1862,59.3415,103.8177,12.1231,108.5797,25.6313,117.9224,257.9006,95.3013,74.1996,305.7191,14.7088,135.1351,147.3833,277.4111,57.7103,29.06,21.6474,193.9361,63.7685,42.1379,29.2234,55.3908,13.3218,22.2003,72.0167,53.3669,54.3716,29.0743,24.3761,95.8344,68.5576,29.096
2020-09-21,106.6827,77.94,148.0235,31.2647,156.35,21.2117,130.5493,311.118,59.1465,198.3239,121.5929,38.648,52.9842,5.038,179.52,28.7547,70.833,168.8662,234.7165,60.4168,104.0445,44.6236,104.4618,50.562,137.2118,123.0394,81.7774,22.0813,41.1074,219.54,142.047,322.7379,108.4293,316.7727,245.9898,192.6157,134.6647,59.1872,102.6497,12.4493,108.3897,25.2044,117.3558,258.5191,93.7728,73.2738,302.3166,14.5563,135.8209,149.7967,269.4586,57.0325,28.29,21.8025,188.997,61.8513,41.6212,28.2397,54.7426,12.8802,21.6441,69.6261,53.8106,53.9568,28.2962,24.2244,94.064,67.5673,28.5014
2020-09-22,108.3593,77.7,156.4495,32.1357,156.8,20.7523,132.1842,315.5892,58.5496,201.444,123.3381,38.3588,52.9675,4.972,178.65,28.2179,72.303,166.7945,235.5438,60.6264,104.0445,44.83,104.7462,51.3693,138.2693,122.2847,80.8851,21.7685,41.5848,219.3467,140.8067,330.228,108.4933,323.9807,252.5324,197.2566,135.7249,59.5858,105.8187,12.5692,109.1413,25.3653,118.4288,263.3221,94.7733,73.3262,305.3956,14.4952,135.7134,141.41,265.0185,57.4211,28.17,21.8801,191.9738,62.5911,41.7678,28.2933,55.801,12.7473,21.4632,70.3144,54.6624,54.2745,28.6331,24.3757,93.8634,68.995,27.7973
2020-09-23,103.8141,74.73,149.993,31.247,151.18,20.1628,129.6959,315.7542,55.7744,198.6387,119.5277,37.763,52.5251,4.8693,174.79,28.1221,69.8052,162.0071,229.7179,60.0121,104.0445,43.8158,102.6182,49.9719,134.1499,122.4797,79.5723,21.426,40.3706,214.6693,140.7598,325.8241,107.7096,313.5648,246.8523,190.7612,131.9648,58.5679,115.0904,12.058,108.1915,25.1904,117.0124,255.2818,93.1656,72.4876,298.3131,14.1699,135.8952,126.7867,263.1091,56.3068,28.03,22.0008,187.0061,60.7057,41.1324,27.4623,54.4686,12.1712,20.9838,69.0571,52.9587,53.4587,27.8115,24.0018,92.8971,67.8634,26.9054
2020-09-24,104.8801,75.82,150.9895,31.3296,146.05,20.2322,130.3786,317.9254,55.6582,200.4626,118.7618,37.5878,52.4751,4.884,175.44,27.9016,70.4724,169.8324,228.9854,60.0483,104.0958,44.121,102.797,50.1433,134.1499,122.6748,79.5037,21.4781,40.7809,215.9123,139.8202,322.0153,107.4378,317.1205,247.3578,193.2339,132.1716,59.4744,112.9536,12.281,108.6705,25.0225,117.5361,256.4704,93.2959,72.5313,299.1083,14.2563,136.4157,129.2633,263.5774,56.3795,28.5,21.9663,187.1496,61.0319,41.3279,27.6589,54.5725,12.1671,21.029,69.1581,53.2554,53.8537,27.9429,24.2707,92.4322,67.8348,26.8506
2020-09-25,108.8148,78.06,154.7565,31.71,156.03,20.3622,131.0703,313.8759,55.6814,202.9901,120.2258,37.6228,52.6504,4.774,174.94,27.7962,71.2748,169.6931,231.4416,59.9399,104.1811,44.821,103.9772,51.2203,136.3288,123.5143,80.1987,21.6941,40.7976,214.301,141.1825,328.7657,107.3258,320.5699,252.6018,197.637,135.3292,60.3915,112.4827,12.8039,110.2976,25.2254,118.1369,262.433,94.6077,73.6319,303.9439,14.2563,136.4157,135.78,272.4396,57.1605,28.35,22.0267,188.8056,62.2906,41.4676,27.9046,55.3001,12.1591,21.2461,70.1951,54.5284,54.1371,28.4852,24.6698,93.9181,68.718,27.101
2020-09-28,111.4121,79.48,158.7025,32.6432,166.08,20.8823,132.6603,320.326,57.3093,205.4436,122.1553,38.0434,53.4433,4.906,176.7,28.2179,72.2455,173.2794,234.6992,60.3301,104.164,46.1583,105.6671,52.0823,139.6902,124.7438,82.5067,22.2154,41.2665,218.2602,139.153,332.0049,107.8695,326.9565,254.5844,199.1776,137.2464,60.8887,112.5642,12.9643,113.9479,25.4633,118.4717,267.8834,96.1614,75.1779,308.9923,14.4292,136.0274,140.4,273.0971,57.7962,28.69,21.9577,191.7441,63.5652,41.4466,28.3558,56.0372,12.4451,21.7526,71.4615,55.5717,54.7469,28.9782,24.7328,94.766,70.1553,27.6252
2020-09-29,110.5689,81.77,157.244,32.373,163.6,20.6049,132.4177,322.6349,55.7357,204.5518,121.5832,38.0171,53.3849,4.84,178.19,27.547,72.6101,171.2947,234.5096,60.3806,104.2408,45.9429,104.8535,51.9471,139.057,124.7014,81.8118,22.0366,40.9651,217.6894,137.4242,330.5,107.7336,324.8695,259.5111,197.1044,137.1618,60.6701,114.4023,13.154,113.279,25.3094,117.8279,266.6754,95.8822,74.0686,307.3094,14.3885,136.1843,139.69,273.9257,57.5419,27.7,21.8543,190.9018,63.1083,41.3629,28.1458,56.0939,12.1027,21.4812,70.8283,55.3851,54.3862,28.8303,24.7244,94.6475,69.6109,26.8193
2020-09-30,112.2358,81.99,157.4365,32.3783,165.26,20.8823,133.9808,325.2551,55.8132,205.8988,120.3034,38.6304,53.1261,4.884,177.12,28.3617,72.5893,174.9332,239.3358,60.6264,103.9592,46.4724,105.6224,52.3721,139.4761,126.2447,82.6011,22.3047,41.3419,219.2546,139.0779,325.8581,107.7176,326.744,259.6201,200.024,138.5245,59.4787,113.6688,13.4571,114.4683,25.6802,119.313,268.5018,96.5149,75.0469,309.6395,14.4952,134.879,143.0033,280.7885,57.8779,28.29,21.8543,191.4091,63.3007,41.5374,28.4318,56.1317,12.0664,21.7707,70.6447,55.8493,55.0474,28.9782,24.9471,96.1608,70.1791,26.8585
2020-10-01,113.1856,84.86,161.063,32.7587,167.86,20.891,131.789,328.4252,54.5884,203.4926,119.5568,38.9897,53.4349,4.95,178.7,29.1189,73.6937,172.8267,239.2583,60.8346,104.0181,46.8853,105.8817,53.0361,141.7015,124.9219,83.2017,22.6175,41.1828,214.255,135.5732,323.8263,108.0173,331.7682,264.3089,202.0497,140.2632,60.593,114.6648,13.5406,116.2852,25.4493,119.5276,272.7636,97.0452,75.7631,311.6274,14.4851,135.1015,149.3867,281.9593,58.1232,27.51,21.8198,194.6444,64.5673,41.5095,28.0297,56.9349,11.6958,21.8069,70.4337,56.4379,55.3566,29.4547,25.1991,95.8326,71.0959,25.9196
2020-10-02,109.5319,81.8,156.25,31.7127,168.08,20.9863,134.6904,325.2643,55.1853,208.8345,118.82,38.5428,53.3264,5.0527,178.54,29.1956,72.094,174.0018,240.7148,60.8346,103.9157,45.7813,106.1857,51.9688,142.3253,124.0061,83.9911,22.692,41.3335,213.7486,136.4376,323.5626,108.0334,327.3817,257.6772,196.0869,137.0209,60.2523,114.6648,12.9914,114.0223,25.4563,118.5662,265.0906,96.273,75.6146,308.6687,14.5817,134.597,138.3633,280.9777,57.8961,26.35,21.8715,192.8354,65.6816,41.3629,28.2799,55.8104,11.8086,21.9787,71.2229,55.007,55.0474,29.9312,25.4974,94.9574,70.7951,25.8023
2020-10-05,112.9046,86.15,159.96,32.5365,171.2,21.3417,137.8794,328.5352,56.3558,210.8505,119.615,39.0598,54.136,5.148,179.41,29.6748,73.4426,175.6557,243.1192,61.2918,103.2581,46.3916,107.9024,52.9878,146.2548,125.6935,85.7664,23.0867,41.3503,216.4556,137.7718,326.4362,107.6728,331.6524,262.3462,200.0715,140.0846,61.6966,115.8148,13.5685,113.9149,25.7152,119.6564,270.7438,97.8639,77.2741,314.1423,14.5766,131.9671,141.8933,286.5345,58.659,27.93,21.7767,194.8262,66.0584,41.6561,28.8204,56.727,12.1631,22.3405,72.37,56.213,55.4167,30.0955,25.8167,96.9084,71.7309,26.3969
2020-10-06,109.6677,84.48,154.998,32.3481,159.54,21.125,136.1187,328.3245,56.0458,210.0701,117.2493,39.1299,53.5601,5.1187,177.3,29.1381,71.8671,175.0377,238.2672,61.1539,103.4972,46.1044,106.9189,52.1475,145.8358,124.023,84.8831,22.841,40.9818,213.6841,135.4229,320.0599,107.5846,326.029,256.4084,195.8206,137.9137,62.2044,115.5794,13.662,112.0732,25.3094,119.8452,265.912,96.7196,75.9989,309.6765,14.5969,132.6783,137.9933,283.2021,58.0505,28.39,21.837,191.8685,65.6255,41.5165,28.4586,55.5364,11.9818,22.1144,71.489,55.342,55.056,29.8408,26.0352,95.6229,70.4035,26.123
2020-10-07,111.5284,86.69,159.7845,32.5934,164.61,21.5671,139.0292,332.6032,57.193,214.2042,119.169,39.5592,54.0192,5.302,177.22,30.3074,72.2693,177.2225,243.7139,61.3716,103.1984,47.2712,108.6177,53.1134,149.0203,125.3967,86.3639,22.9676,41.501,220.0096,139.9611,325.569,107.6167,332.2803,255.873,199.5485,140.4323,63.6702,117.7615,13.8882,113.1551,25.5193,120.7809,270.512,98.236,77.2567,315.0668,14.6427,131.7107,141.7667,291.0556,58.7498,28.39,21.8111,193.802,65.7218,41.6212,29.1913,55.9427,12.151,22.4852,73.0675,56.3566,55.6486,29.923,26.1948,97.428,72.0126,26.2091
2020-10-08,111.4218,86.51,159.5275,33.1791,168.0,21.8792,140.727,334.4997,58.3093,217.6138,119.3435,39.8834,54.3948,5.39,177.85,30.8729,73.4724,181.035,245.2048,61.5095,103.3863,47.8994,110.0394,53.3235,150.715,126.2532,88.1391,23.2506,42.2547,218.9046,144.2268,330.3726,107.8811,333.8764,261.4639,200.2617,140.9868,64.5102,117.4446,13.7637,113.8489,25.8132,121.5964,271.952,99.1385,78.2,317.8592,14.9023,132.422,141.9733,290.3711,59.3038,29.14,21.8025,194.2903,66.82,41.768,29.4861,56.6703,12.6063,22.7927,73.7925,56.6485,56.0178,30.4242,26.6738,97.902,72.4853,27.5861
2020-10-09,113.3601,83.1,164.3325,33.4786,167.33,21.9832,142.7751,338.5036,57.3636,218.1433,121.176,40.155,54.8205,5.3167,181.08,30.825,74.8106,180.6521,246.4114,61.6474,103.335,47.4058,110.2271,54.1348,151.4972,128.0169,87.6369,23.1686,42.5478,220.9211,147.4026,328.111,108.1295,340.88,262.1479,205.2355,142.7348,64.9109,118.5944,13.6881,114.3361,25.7432,122.6866,276.1074,100.0967,78.6193,320.6978,14.7513,132.3971,144.6667,295.2616,59.6852,28.69,21.6732,197.7936,66.5555,41.8668,29.714,57.0105,12.4048,22.8199,74.0678,57.5147,56.4558,30.342,26.6696,98.7864,73.2397,27.1792
2020-10-12,120.5608,84.29,172.1465,33.9878,167.35,22.2606,146.0719,344.9354,57.7589,219.732,121.1663,40.5054,55.1376,5.6247,180.56,30.8729,77.4921,186.3796,247.2645,61.9594,103.446,48.3572,111.0945,55.3421,152.5121,128.7546,88.7107,23.5708,42.7822,221.2157,145.157,330.6531,108.7546,340.5414,273.3495,210.5516,145.3474,65.5024,117.2182,14.1488,117.3837,25.7642,124.0344,284.6309,101.3713,79.2918,325.857,14.6523,132.8189,147.4333,297.1798,60.2392,28.07,21.6474,197.5638,66.8682,42.022,29.6648,58.513,12.4371,23.0731,74.4899,59.0844,57.1085,30.4981,26.8376,99.461,74.2138,27.0932
2020-10-13,117.3626,85.28,172.1815,33.9043,162.14,21.6278,145.6317,348.7835,56.8985,220.3823,125.0349,40.339,54.52,5.6907,177.72,30.547,77.6149,183.4984,250.2378,61.6837,103.6766,48.3123,109.9857,55.3035,151.4972,125.8037,87.2732,24.1368,42.0537,217.275,141.0134,330.6787,108.6504,334.5439,273.7361,211.9401,145.5729,64.6024,116.9828,14.1709,118.5482,25.8202,123.794,284.6214,100.6829,78.7503,323.7304,14.4544,133.77,148.8833,298.4858,59.8305,28.46,21.7767,195.5729,65.7218,41.8879,29.4012,58.5698,12.2437,22.6299,73.664,58.7064,57.0656,29.9805,26.6528,98.7043,74.1995,26.7724
2020-10-14,117.4498,84.21,168.1855,33.7985,163.24,20.4749,146.9701,346.6395,56.5496,221.5435,122.737,40.0674,54.4282,5.5514,178.27,30.3553,77.4352,183.864,247.4197,61.5313,103.7107,48.061,109.5297,54.864,149.998,125.5833,86.7882,23.9432,41.97,216.2438,139.4913,332.1835,108.7546,331.5065,269.4538,210.038,144.6144,64.4245,115.5884,14.0188,117.7058,25.7922,123.6481,282.244,100.0875,78.0078,321.6962,14.319,134.0759,153.7667,289.8668,59.5581,28.98,21.7249,193.5437,64.9201,41.2317,29.4861,57.8705,12.2961,22.4129,74.077,58.3953,56.7736,29.6354,26.6192,98.13,73.3782,26.7176
2020-10-15,116.9846,83.13,166.9325,33.7656,164.24,20.9343,148.2547,345.027,56.9837,221.3299,123.4836,39.7782,53.7855,5.588,178.92,31.2372,77.0404,181.5747,247.8076,61.4877,103.5997,48.3302,109.8784,54.5646,151.5437,124.8116,88.0872,24.0549,41.8611,211.4007,137.9128,328.2725,108.6424,327.5114,264.3982,208.8968,143.6651,63.9574,116.8017,13.8942,116.8055,25.5753,123.4678,280.3499,99.9572,77.5886,321.2987,14.2981,133.8444,149.6267,292.3164,59.2947,28.94,21.8284,191.0071,65.2568,41.0411,29.4012,57.4263,12.4451,22.5847,74.3431,58.1321,56.8079,29.7751,26.6024,97.4189,73.6504,26.9523
2020-10-16,115.3468,83.17,163.6355,33.6519,167.35,21.0123,151.5874,349.5714,56.5031,223.0207,122.9503,39.9184,54.0359,5.6247,178.3,32.0614,77.6461,179.4943,247.9109,61.4152,103.5399,48.6085,110.1556,54.3352,151.1712,125.5833,87.9053,23.9506,41.8946,214.6049,137.2926,328.5957,108.4581,328.3143,263.6151,208.8968,143.355,65.4874,115.8962,13.7366,117.0533,26.5549,123.9485,278.8133,99.9386,77.3178,321.1046,14.2356,133.4723,146.5567,297.1168,59.4218,28.72,21.8025,191.6867,64.7918,40.9635,29.6067,57.4358,12.1631,22.6028,74.8845,57.9646,56.8251,29.6683,26.888,98.3852,72.9819,26.6785
2020-10-19,112.4006,82.0,160.3605,33.3959,167.11,20.5616,150.4915,344.0925,55.2551,221.2648,120.4488,39.8045,53.8356,5.566,178.39,31.9656,75.7764,179.0417,244.524,61.1975,103.3691,48.9854,108.582,53.5287,149.3649,122.378,86.4245,23.6453,41.5513,211.6493,134.1732,326.2237,108.2497,320.8368,259.1245,203.7234,141.2311,64.1909,115.3801,13.4245,115.3603,26.4499,121.8196,274.2617,98.3477,76.5143,316.2226,14.0012,132.9678,143.61,292.0012,58.5228,28.59,21.7336,188.5376,63.7817,40.4343,29.2627,56.4058,11.9053,22.2591,73.9576,56.9021,56.0865,29.2,26.6612,96.8263,72.0843,26.1465
2020-10-20,113.8834,81.56,160.8505,33.5043,167.24,20.9256,151.803,346.6121,55.5652,221.9152,121.1469,40.2426,54.1027,5.676,179.25,34.1222,76.823,181.0786,246.5148,61.4152,103.1471,47.9533,109.1095,53.6664,149.6907,122.573,86.9181,23.824,42.0788,214.7522,134.9155,316.4465,108.0254,320.8853,265.2309,204.1323,140.9492,64.4995,116.3399,13.5715,115.385,26.233,122.3089,274.8511,98.8315,77.3091,317.4893,13.9387,131.7025,140.6467,291.2717,58.5954,29.05,21.6646,189.2362,64.2386,40.399,29.3298,56.8121,12.0463,22.44,74.3431,57.0984,56.0264,29.3972,26.8208,96.9539,72.662,26.3656
2020-10-21,113.2631,79.2,159.247,33.0653,163.86,20.8476,150.3747,346.1631,54.9373,219.6205,122.7758,40.3565,53.8439,5.7567,180.6,34.2851,78.552,176.6219,245.1962,61.4079,103.0105,48.0161,108.6624,53.5335,148.4057,122.0473,86.0521,23.4144,41.8611,212.6069,132.7732,312.1361,107.8491,322.5296,276.3036,204.275,140.1786,63.7902,117.191,13.4514,115.2942,25.9461,122.9699,274.6385,98.9897,77.0995,316.8884,13.9179,131.2476,140.88,290.7133,58.6771,28.1,21.5525,189.935,64.0462,40.0462,29.2181,57.7665,11.8166,22.3224,73.5906,57.0122,56.078,29.2904,26.7494,96.4708,72.2657,25.9431
2020-10-22,112.1777,79.42,158.82,33.1826,169.07,21.5584,152.4048,344.2665,56.8985,220.0664,123.6775,40.3477,53.8856,6.0207,178.83,35.8571,79.5758,178.7893,242.3091,61.5167,102.6519,48.3751,110.1556,53.4973,150.9664,123.0224,89.0917,23.258,42.4389,214.7153,133.0927,313.6835,107.6087,322.7038,275.6989,204.3606,140.047,64.7738,117.7252,13.2885,115.3024,26.191,122.099,274.6289,99.5386,78.0515,318.6266,14.7304,129.883,141.93,293.3612,58.877,28.51,21.6387,189.5139,64.0382,40.4555,29.3789,58.1445,12.3041,22.7656,74.1962,56.7442,56.0522,29.085,27.1275,97.9294,72.4137,27.2731
2020-10-23,111.4896,81.96,160.22,33.1249,167.36,21.5845,152.3687,343.2129,56.2551,222.5283,124.4434,40.5843,54.2362,5.984,178.64,35.3011,80.8794,178.4759,243.8948,61.5893,102.797,43.2594,110.3076,53.7605,151.8417,123.1581,89.8971,23.3623,42.3049,215.7005,133.7786,318.249,107.8811,318.844,282.3109,205.6349,140.4135,64.9453,117.6981,13.5165,115.2611,26.7158,122.9017,275.17,100.0502,79.3093,319.7084,14.4908,130.6769,140.21,297.7473,59.0586,27.88,21.587,189.533,64.423,40.9,29.4861,58.6926,12.2437,22.838,74.4899,56.682,56.1552,29.2739,27.2031,98.2941,73.0488,26.7255
2020-10-26,111.4993,82.23,160.352,32.2646,160.83,21.2724,147.4973,339.6488,54.9915,217.623,120.284,40.0586,53.2597,5.8887,178.55,34.3331,78.4678,175.0812,237.8966,61.045,103.0703,41.9311,108.0366,52.8936,148.5641,122.0812,87.6715,22.7739,41.702,209.9184,133.1397,313.3349,108.1055,307.6713,274.6977,199.7863,138.8441,64.8552,116.2312,13.0699,114.0223,26.5339,121.9695,271.0435,97.9104,78.3136,313.8002,14.2617,131.8927,140.0933,290.9565,58.1867,27.11,21.6646,184.8045,63.5011,40.7942,28.749,57.4074,11.8045,22.3224,72.627,55.4521,55.4339,28.9206,27.1947,97.2001,71.645,26.0917
2020-10-27,113.0015,78.88,164.3165,31.9588,155.24,20.6743,142.7163,341.4904,53.883,212.2905,119.5568,40.2338,52.8423,5.808,179.02,33.4417,79.1904,170.3286,238.586,61.0741,103.3008,40.9618,106.6775,53.1689,147.2883,121.3858,86.0175,22.8484,41.7857,207.5981,123.9317,308.1318,108.5462,306.7523,280.8239,202.8009,139.0602,64.956,115.8872,13.3241,114.8977,26.191,122.8844,273.1599,97.4732,78.6542,312.7185,14.0221,132.7775,141.56,288.6599,57.7508,27.69,21.6215,181.9234,62.4829,40.4907,28.4764,57.776,11.6514,21.9154,71.0394,55.7296,55.2879,28.5509,27.1737,96.5346,71.6115,25.6771
2020-10-28,107.7681,76.4,158.139,30.8577,148.14,20.3449,136.6157,334.3806,51.8443,207.5154,114.8642,39.2262,51.2648,5.6467,176.13,32.6749,74.828,165.1842,232.4499,60.5661,103.2923,39.7143,103.5749,51.1744,142.7537,117.3241,83.6014,21.7611,40.1612,199.7166,123.3773,298.2951,108.0094,281.8628,265.3399,192.7489,134.3988,63.8245,110.536,12.5585,110.8096,24.8056,118.8274,262.5103,93.8355,76.1387,302.03,13.8033,132.9016,135.34,277.3931,56.0434,26.31,21.7594,173.1268,60.9918,39.7357,27.6723,55.508,11.164,21.3546,68.7084,53.3655,53.6734,27.9183,26.3839,93.4714,69.3483,24.6991
2020-10-29,111.761,78.02,160.5505,31.5509,148.29,20.4055,139.788,334.9314,53.3326,211.8353,117.8407,39.6205,51.5069,5.7934,175.4,33.4417,77.1102,165.3322,232.3724,60.7403,102.8568,39.5886,104.3707,51.795,144.4577,116.332,84.147,22.3718,40.2114,202.4143,124.5424,299.6384,107.7289,283.6039,278.3853,194.6889,135.1225,63.4388,111.2423,12.9533,110.6609,24.6866,118.7498,267.1006,94.8775,77.1257,305.0997,13.9387,131.6115,136.9433,273.5023,56.1887,25.6,21.8456,176.9555,61.8095,40.0532,28.2441,56.9066,11.5064,21.5174,69.7087,54.2556,53.6562,28.2387,26.4553,92.7057,69.7876,25.7944
2020-10-30,105.5003,75.29,151.8075,31.0728,144.39,20.5442,141.939,328.2852,53.8753,209.875,117.5595,39.1737,51.2398,5.6687,176.2,33.0966,80.0438,164.5488,229.8559,60.8709,102.5238,39.7412,104.3707,50.6069,142.5488,116.2642,84.9004,22.7814,40.2449,202.8747,122.5787,297.6746,107.1679,279.2122,260.8196,192.5491,132.726,62.753,108.7252,12.466,110.0828,24.8266,118.3441,260.3263,94.0122,75.9552,301.9191,14.0741,130.3131,129.3467,274.8173,55.998,25.25,21.8715,173.9308,61.4007,40.2155,28.2263,55.9427,11.5709,21.5807,69.6261,53.0544,53.4673,28.0579,26.2074,92.6783,68.2645,25.5206
2020-11-02,105.4131,74.7,150.224,31.2167,148.6,20.8736,147.5605,334.4999,55.9295,215.2541,116.4736,39.6731,51.9075,5.654,177.91,33.1158,80.4505,165.5585,233.3289,61.0159,102.6998,39.9027,106.3198,50.8943,145.0909,117.6039,86.8142,23.5857,40.7139,210.4615,123.678,299.6215,107.5879,280.4988,259.0848,192.416,133.7786,64.3988,110.8167,12.5125,111.6189,25.3514,119.5525,260.906,95.1938,75.0905,305.303,14.2408,131.2892,133.5033,281.0857,56.8063,26.26,21.8974,176.8311,62.8678,40.7165,29.1645,55.9144,11.9657,21.9878,71.5074,53.1884,54.3175,28.7481,26.783,94.3466,68.7515,26.5925
2020-11-03,107.0316,76.58,152.4205,31.4398,153.65,21.4024,151.5553,341.449,55.6117,222.9278,120.2452,39.8483,53.268,5.7787,178.92,33.8826,81.5074,172.287,239.0429,61.5406,102.469,40.2528,108.3137,51.7974,149.2065,117.4428,89.5507,23.6676,41.3252,215.5348,123.0673,308.9905,107.6923,285.7418,262.9905,196.3151,136.1938,65.1617,112.8087,12.9489,113.1799,25.3234,121.9004,265.4191,96.9801,77.2043,310.6935,14.3033,130.5275,141.3,289.4164,57.7599,26.72,21.7767,180.277,64.0783,40.7518,29.6202,56.7459,11.8972,22.4762,73.6181,54.1264,55.2106,29.2,27.1695,95.7232,70.2651,26.1387
2020-11-04,111.4024,81.35,162.058,32.4059,151.63,20.5269,140.2941,345.3137,55.6349,216.7405,121.2633,41.1012,53.8523,5.6027,178.82,33.7772,86.4697,172.2348,243.6536,62.1164,103.3321,41.0156,108.2869,54.0624,149.3742,118.206,86.8142,23.6974,41.1744,216.6397,139.6134,316.4041,109.3065,297.166,284.8783,205.787,142.3119,62.8473,115.2987,13.7194,113.8571,26.1211,121.3998,277.2671,99.3339,78.4271,317.6373,14.0846,133.3589,140.3267,319.3262,58.3956,27.44,21.7422,185.666,64.1905,40.3778,29.1153,59.1934,11.9133,22.2139,72.8564,56.2322,55.2364,29.2821,26.762,99.9715,71.7596,25.9979
2020-11-05,115.3565,83.0,166.1,33.8492,157.09,21.3331,147.3979,353.6305,55.9217,228.5576,123.0957,41.8022,55.146,5.8594,182.93,35.5983,87.2943,176.6654,246.351,62.3351,103.315,41.2959,110.1646,55.2938,153.555,118.5113,90.3647,23.608,41.4005,229.9627,136.7289,310.0617,109.716,306.1913,292.1148,212.349,144.9339,64.0731,117.4355,14.0832,114.0141,25.7252,122.9017,284.4957,101.0457,79.1521,323.8321,14.3294,133.5907,146.03,319.1822,58.8951,27.16,21.5353,189.1789,64.4952,41.0341,30.3037,60.3369,11.9133,22.7566,74.5725,57.9789,55.64,29.389,27.0015,100.1721,73.1586,25.9509
2020-11-06,115.2254,85.88,165.5685,33.827,157.74,21.073,145.7711,354.0253,55.1543,230.0627,123.5805,41.9949,55.2628,5.7127,183.19,35.9146,87.1572,175.1856,244.9635,62.1164,102.9647,41.0337,110.0036,55.347,152.3538,120.6227,89.161,23.4889,41.4089,230.4783,134.1169,307.1456,109.3707,303.3957,290.8558,212.7579,144.9057,64.9045,116.7111,14.483,114.2866,25.7323,123.6354,284.7082,100.8689,79.1783,323.7581,14.2929,131.9763,143.3167,312.9318,59.0949,26.47,21.4577,189.9733,64.0543,41.3022,30.3796,60.1951,11.6555,22.5757,74.6459,58.1847,55.8976,29.2739,26.9427,100.2085,72.9389,25.6458
2020-11-09,112.9246,83.12,157.187,33.3755,179.36,24.0636,154.3841,335.0599,61.5496,231.2054,138.25,42.2841,56.8737,6.0134,175.08,37.3427,87.2408,187.0846,232.6654,62.5902,102.2042,41.2236,114.5636,54.3932,157.8755,123.8704,101.2327,22.8037,44.0216,237.2273,133.7316,309.4241,108.5435,333.3057,276.3433,207.6891,140.7048,64.7245,116.7564,13.5568,114.3444,27.7117,119.1123,278.8906,103.2414,83.7464,327.8264,14.7409,129.2029,140.42,315.2194,60.0576,28.07,21.5956,203.575,66.323,42.2266,31.0632,59.6848,13.3194,24.4298,77.188,57.7636,55.7688,30.0462,27.4426,101.1475,72.7002,28.8926
2020-11-10,112.5848,77.99,151.751,32.2726,188.69,23.9769,155.7217,336.5471,64.3945,235.9434,137.7846,41.8022,57.3829,6.1454,175.66,39.3747,86.067,189.2955,237.4916,62.5027,101.9137,41.0789,115.878,53.5987,160.8086,125.7359,100.9036,22.6995,45.2023,241.2694,137.7061,315.6559,108.2625,323.8452,270.0585,200.6707,138.9569,65.136,115.6337,12.7007,117.0451,27.3441,121.0717,273.8943,103.0646,82.4213,327.3456,15.0274,128.4577,136.7867,318.5428,60.4844,28.91,21.5956,204.178,67.293,43.1158,31.4295,59.4958,13.7505,24.5565,78.5462,56.6868,56.868,30.2106,27.8375,101.4393,72.4424,29.5336
2020-11-11,116.0021,81.28,156.8695,33.4092,182.15,23.6996,153.155,342.3303,63.9216,231.6513,133.6252,42.0738,57.867,6.1087,174.9,38.8763,86.538,189.8004,239.3703,62.4809,102.076,41.9016,115.5293,54.6008,160.7434,125.3289,99.3968,23.3474,44.8673,239.0412,136.0148,313.9555,108.4632,321.5333,274.0732,205.9392,141.7856,66.4646,115.5884,13.3452,118.8455,27.2168,122.6341,280.0213,103.3809,83.4042,329.7772,14.9648,128.9213,139.0433,316.7504,60.775,29.04,21.6215,203.5941,67.5496,43.0452,30.9604,60.0345,13.6095,24.457,77.8854,58.0316,57.3575,30.4406,27.9426,101.3116,73.0774,29.2291
2020-11-12,115.7302,81.84,155.514,32.9009,176.72,23.1361,152.8567,344.8914,62.534,230.4064,131.3952,41.7584,57.024,6.0207,175.96,37.6878,86.3196,186.719,238.069,62.0581,102.657,40.6359,114.0272,54.2821,158.2758,125.7529,98.1758,23.1612,44.39,234.8519,133.191,312.7738,108.8969,317.5672,272.6854,204.8836,141.4003,65.7188,114.6648,13.3837,118.7959,26.5452,122.7032,278.707,102.1528,82.079,326.5781,14.8138,131.1153,137.2533,319.1912,60.1484,28.66,21.6215,199.6445,66.6677,42.897,30.3082,59.6943,13.1703,24.05,76.9952,57.5147,57.2029,30.1284,27.493,100.9379,72.0986,28.2276
2020-11-13,115.7788,81.43,156.4405,33.1942,187.11,23.4048,155.1884,347.7647,64.3635,233.9181,134.1488,42.3454,57.9004,6.2627,177.16,39.4802,87.7777,190.697,238.8705,62.2695,102.5204,41.097,116.2535,54.695,161.5535,127.1096,98.7906,23.541,44.7584,236.6841,134.466,318.9376,109.0254,324.0869,274.5392,205.9012,142.0581,66.1645,116.1498,13.2248,119.5145,27.3016,124.5418,281.1519,103.7716,83.8605,331.0994,15.0586,130.9415,136.1667,320.326,60.9294,28.13,21.5784,201.7727,68.4475,43.0876,30.8309,60.5826,13.6498,24.4479,78.7022,58.0029,57.993,30.8185,27.7661,102.2142,73.2684,28.9086
2020-11-16,116.7884,83.73,156.553,33.8438,202.4,23.9076,156.526,348.6367,68.9603,240.7093,140.2667,42.8711,58.5013,6.4534,177.15,40.3811,87.8654,193.5694,240.9389,62.6193,102.4435,41.7569,118.4352,54.9824,165.3991,127.9152,101.5791,23.9432,45.0934,235.2109,132.7755,320.6295,109.3787,324.4933,276.5316,206.5859,142.2836,66.6446,117.8067,13.4419,120.3816,26.3897,122.9449,283.3457,105.0648,85.8087,335.2325,15.0899,130.6268,136.03,321.3617,61.4107,28.81,21.5267,203.9009,69.2171,42.9676,31.4385,60.97,14.5482,24.9906,80.6202,58.5628,58.5255,31.0157,28.0476,102.0409,74.2281,30.5752
2020-11-17,115.905,83.36,156.783,33.8252,210.05,23.8816,155.3693,350.5921,68.4648,239.8824,140.1019,42.8273,58.4429,6.4167,176.5,40.2374,87.2527,195.5453,234.8199,62.6412,102.7083,41.1603,117.9345,54.8858,166.172,126.6432,100.5486,23.5261,44.9511,232.1541,133.3516,319.5837,109.7321,325.509,272.6061,203.9517,142.3307,65.6674,119.7081,13.3494,119.9522,26.8536,122.4701,282.447,104.6369,86.5283,333.4294,15.1211,131.4796,147.2033,317.1107,61.0293,28.87,21.4922,201.9932,69.2812,42.8688,31.3223,60.7527,14.6973,24.9544,80.4091,58.2374,58.1132,31.0322,27.4972,101.3754,73.913,30.9838
2020-11-18,114.5847,82.54,155.273,33.827,203.3,23.3875,156.1194,350.8766,66.2938,239.0648,139.5201,42.6783,58.1341,6.468,175.49,40.9466,86.2116,195.2407,232.5447,62.5246,102.6741,40.7354,116.5665,54.3835,163.8441,124.9643,99.8038,23.5559,44.0551,230.4599,132.3788,320.9951,109.965,324.9672,269.6025,201.2628,141.654,64.9645,119.183,13.3559,118.416,27.0622,120.5884,280.3595,103.3995,85.9228,329.4167,14.9076,131.8604,162.2133,310.275,60.2574,29.0,21.5008,199.2324,67.9344,42.5654,31.0632,60.1384,14.2702,24.7193,80.0512,57.6152,57.3146,30.5063,26.9595,99.4883,73.4069,29.814
2020-11-19,115.1769,85.54,155.851,34.1567,205.67,23.3875,156.264,352.0792,67.4343,237.4484,137.4065,42.7484,58.543,6.468,175.16,41.0425,87.0997,195.4757,233.4927,62.7359,102.7852,41.2416,116.8973,54.7433,165.1012,124.7692,100.0723,23.7421,44.4905,233.0104,135.4387,320.0599,110.5754,322.9746,270.564,202.5405,142.8006,64.3988,119.4365,13.3673,118.3665,26.9653,120.4416,282.5532,103.5391,85.7912,330.8036,14.7304,132.5393,166.4233,303.5113,60.3663,29.09,21.4663,198.9831,68.1989,42.4877,31.1927,60.507,14.5039,24.8007,80.2531,58.0794,57.4692,30.5556,26.6906,99.4154,73.7698,29.9663
2020-11-20,113.9148,84.64,154.97,34.0678,199.62,23.2401,155.6585,349.8576,67.4815,240.2076,136.7763,42.985,58.7183,6.4094,175.69,41.2534,86.0006,194.4138,232.5275,62.6193,102.9647,41.0337,116.3966,54.4415,165.2781,124.1078,99.215,24.0251,44.1053,232.0896,137.4031,312.8843,110.479,312.45,267.3522,200.6049,142.1145,64.7588,120.4053,13.0167,118.4491,27.3453,120.2431,280.6205,102.7669,85.133,328.5383,14.7513,133.715,163.2033,301.4399,60.0757,29.27,21.4922,195.4457,67.8302,42.3678,31.1659,60.3652,14.4273,24.5836,79.5281,57.4812,57.1085,30.3502,26.6948,99.1875,73.383,29.5977
2020-11-23,110.5267,85.31,154.9195,34.394,211.53,23.7429,157.9631,350.3993,71.6033,242.5766,141.5368,43.0989,58.6432,6.4974,172.23,42.9115,85.5638,199.1838,233.8977,62.7141,102.7596,41.6394,117.9881,54.4584,168.3695,122.8441,102.0727,24.2783,44.1137,232.1541,135.4104,315.2903,110.6155,321.1947,266.0933,200.3379,142.1991,63.9188,121.4466,13.0687,118.1187,27.2112,119.777,280.6301,103.4832,85.0189,330.5077,14.9076,133.1022,173.95,301.764,60.1575,29.52,21.5267,199.5488,67.9584,42.5019,31.4251,60.3936,15.4466,25.0449,80.8588,57.4669,57.1257,30.2516,26.699,98.9322,74.1899,31.5367
2020-11-24,111.8082,85.07,155.903,34.8588,218.49,25.1212,159.8791,352.7034,75.2137,242.9482,146.8791,43.6772,59.5196,6.93,169.59,44.5314,87.3637,206.7306,235.5438,62.9035,102.5972,42.4982,120.5095,55.0234,171.5354,122.8441,106.7923,25.1943,44.5659,235.8555,136.8459,321.7772,110.3665,331.2067,274.5095,203.9135,142.9039,64.2702,121.9626,12.8874,118.9529,27.2708,119.3885,284.573,105.1486,86.2651,335.8334,15.2253,131.7776,185.1267,302.6197,60.7024,30.8,21.4232,201.0059,68.3192,42.7912,32.2069,61.6315,16.2403,25.9222,82.272,58.2661,57.5121,30.2352,26.9847,99.224,75.2929,33.6359
2020-11-25,112.6431,86.71,159.2535,34.7344,217.61,25.1645,157.8275,355.9438,72.4764,238.2287,144.5522,43.4319,59.4445,6.6587,169.51,43.5729,87.3751,205.8949,236.104,62.8744,102.6314,42.5344,119.7406,55.2842,170.9488,122.6819,105.6752,24.5236,44.323,233.259,136.7042,321.6581,110.4308,330.1716,273.1909,203.923,144.4828,65.4242,122.7233,13.1629,119.0602,27.2187,119.7079,286.3221,104.7765,86.1773,335.3156,15.1003,131.3719,191.3333,300.0799,60.5934,31.37,21.3887,202.1658,68.3593,42.6289,31.8718,61.622,15.8616,25.8318,81.648,58.3905,57.4778,30.3091,27.0561,98.8593,75.3836,32.6985
2020-11-27,113.1867,87.19,159.767,35.1005,216.5,25.1299,158.2342,356.5313,71.8235,243.3569,142.6518,43.8437,59.8535,6.666,167.79,43.1895,88.5088,204.9026,237.8535,62.9764,102.939,42.896,119.6512,55.7188,171.675,122.9551,104.9737,24.7497,44.1304,237.0248,139.2447,318.2574,110.8243,327.9951,275.3916,205.2198,146.1368,64.7008,121.5552,13.1893,119.4236,27.7402,119.6475,288.9603,105.0183,86.581,336.2494,15.1211,132.6469,195.2533,304.3579,60.6842,31.22,21.3456,202.2712,68.0546,42.7488,32.0371,62.0189,15.6763,25.7504,81.5103,58.7016,57.4692,30.2516,26.7872,99.7709,75.5459,32.2017
2020-11-30,115.5749,92.66,158.402,35.6897,210.71,24.4104,156.8876,359.634,68.5749,243.0503,143.505,42.6959,58.5514,6.6587,166.67,42.0202,86.8932,200.7071,239.0773,62.9108,102.8707,43.7096,118.3815,55.8372,168.5557,123.5357,102.0814,24.825,43.5481,236.0948,137.5542,312.4872,111.2098,325.5186,274.5589,204.1138,146.8322,63.3746,121.9626,13.3288,119.118,28.5449,119.8719,289.5498,104.6276,86.0193,334.7609,14.9753,132.4814,189.2,302.9168,60.5298,30.97,21.3973,201.6481,67.3411,42.6289,31.7155,61.8016,14.8101,25.2167,80.7854,59.094,57.4606,29.9887,26.4007,100.0444,75.0876,30.5512
2020-12-01,119.1378,92.63,161.004,35.9555,213.01,24.8698,156.5893,365.0883,68.7873,237.021,144.8915,43.537,59.9286,6.776,170.18,42.8253,88.9218,203.1138,238.3793,63.0725,102.3234,44.8035,119.4813,56.3973,170.12,125.901,103.6921,24.9757,43.9194,238.3782,137.4692,312.4786,110.7881,327.8113,284.0556,206.1542,146.9263,63.8569,122.6327,13.3173,120.6377,29.3646,120.3035,293.2608,106.0696,86.7214,338.4224,15.0378,130.528,194.92,307.2849,60.9748,30.62,21.2077,202.463,68.207,42.7488,32.0639,62.9355,14.8786,25.6056,80.5834,59.8502,57.9673,30.3667,26.5856,100.8832,75.6462,30.8476
2020-12-02,119.4873,93.74,160.1765,35.8808,223.85,25.1905,157.1406,361.2638,70.6908,240.6163,148.9346,43.5983,59.9369,6.7467,171.46,42.7294,90.3884,207.9887,234.9131,63.2482,102.1524,45.1109,120.0982,56.2573,170.297,126.4901,105.6838,24.7044,43.9785,231.9672,137.0915,309.3709,110.418,329.1075,285.0171,205.3532,146.212,63.9946,122.7595,13.471,119.4401,30.4003,119.4317,293.6377,105.8556,86.8004,339.1342,15.1524,129.4921,189.6067,313.0219,60.775,30.97,21.1818,201.4851,67.6698,43.2992,31.6529,63.5215,15.362,25.886,80.6936,59.7592,57.4864,30.0462,26.762,101.6398,75.1735,32.0014
2020-12-03,119.3514,92.31,159.3365,35.5315,237.2,25.2167,157.8275,352.3616,70.6358,234.7449,148.5759,44.0978,60.0371,6.754,172.81,42.2598,90.2334,206.0807,232.3483,63.2847,102.426,46.0963,120.3486,56.2549,171.256,127.2244,104.9911,25.2094,44.544,227.5312,136.0998,309.9445,110.8525,324.1935,279.3964,204.2758,146.6725,63.1679,124.009,13.3272,120.1497,29.8712,118.5512,294.0533,105.9673,87.8535,339.0417,15.2253,130.5363,197.7933,314.0306,60.6661,31.25,21.0697,199.4433,68.239,43.5674,31.434,63.2379,15.5232,25.8951,80.9047,59.7209,57.6323,30.2681,26.4847,101.5122,75.3836,32.2177
2020-12-04,118.6815,94.04,158.129,36.5874,232.71,25.5482,164.6782,351.7776,73.3731,235.4045,149.4485,44.5534,60.5462,6.8494,172.32,42.5569,90.3285,209.6777,228.7522,63.5482,102.0242,47.0003,121.8865,56.6171,175.2413,128.3088,105.9436,25.7143,45.447,231.616,140.1986,313.8655,110.2409,333.1026,277.2652,204.3902,147.4337,62.4531,124.4671,13.4887,121.3141,30.0575,118.6635,295.2516,106.8418,89.7578,341.9635,15.3868,128.6218,199.68,316.2541,60.9748,31.56,21.0956,203.8817,69.2812,43.4333,32.0684,63.2947,16.3692,26.2116,81.8682,60.3192,58.0789,30.6707,26.22,102.5971,75.4552,33.3955
2020-12-07,120.1377,94.07,157.9,37.4059,238.17,25.3737,161.5149,351.6834,71.3909,234.1225,149.0025,44.5534,60.0538,6.7614,174.89,42.4706,89.9951,208.6888,227.5824,63.5189,102.3405,45.3821,121.207,56.8127,175.4089,127.1988,105.5453,25.3224,44.7212,230.8398,139.2258,310.03,110.3375,329.8232,283.094,204.3235,148.7588,63.099,125.8825,13.5369,120.9149,30.7355,118.8447,296.9235,106.693,88.9943,341.2608,15.4388,129.7821,213.92,314.4193,60.9113,31.4,21.1301,203.853,68.6799,43.2922,31.8584,63.6916,15.9865,26.0307,81.4736,60.4914,57.8556,30.3667,26.3671,101.968,75.2833,32.7706
2020-12-08,120.7493,92.92,158.8645,37.6298,236.57,25.2341,161.6324,355.7059,72.0044,234.6706,149.0413,44.5709,60.2624,6.7834,175.5,41.9818,89.7128,209.0301,226.7852,63.4676,102.4431,45.825,121.6272,57.0228,177.6623,129.4017,105.6492,25.8801,44.8815,230.3407,141.0013,307.5473,110.2088,329.6589,280.933,205.9635,149.4261,63.4521,126.2182,13.2815,121.0396,31.7116,119.1641,297.9286,107.1116,88.8188,342.2595,16.0483,130.3954,216.6267,314.4193,61.0929,31.41,21.156,203.968,68.4394,43.3628,32.0371,63.597,16.2242,26.0217,81.8682,60.6876,58.1734,30.227,26.2873,102.7429,75.1257,33.8442
2020-12-09,118.2252,89.83,155.21,36.9908,232.06,25.1207,162.7441,352.5877,71.1392,236.7424,149.7296,44.1854,60.3459,6.93,172.5,42.5857,88.0551,212.5134,230.1299,63.3725,102.2978,45.2646,121.3947,56.0424,176.3681,130.7252,104.8265,25.7897,45.0081,232.0966,149.2177,309.3622,109.8064,325.8476,275.5007,201.9493,145.7704,63.4435,125.9187,12.8644,121.181,31.1826,117.7485,291.1831,106.3208,88.1079,339.1897,16.3868,129.9644,201.4933,311.301,60.8114,31.34,21.1646,200.9099,68.0145,43.3698,32.055,62.8411,16.2605,25.9584,82.0518,59.5247,57.9415,29.9476,26.241,102.3874,75.0541,34.2929
2020-12-10,119.6426,91.66,155.0745,36.4416,234.43,25.3911,161.6414,351.1748,73.4282,235.4603,149.9817,44.7549,60.4294,6.688,172.17,41.0904,87.5494,213.8962,229.4627,63.4896,102.5287,45.4363,121.2606,56.2163,178.072,129.9994,104.1511,25.6992,44.7718,231.9211,152.051,304.2597,110.3536,320.6917,274.7077,200.7288,147.2928,63.1076,124.821,12.9057,120.3326,31.0932,116.9716,292.3524,105.9859,92.487,339.0787,15.9858,131.1164,209.0233,306.9985,60.5752,32.11,21.1042,199.0215,67.7179,42.6994,31.8584,62.8789,16.76,26.0036,81.2717,59.6109,57.6839,29.7833,26.1066,102.2142,74.9873,35.2624
2020-12-11,118.8368,91.65,155.821,36.0666,230.33,24.9201,162.0392,353.3508,72.7202,237.6156,170.3716,44.4395,60.2458,6.6147,172.49,40.1799,87.9035,210.0365,229.2374,63.4238,102.7339,44.9572,121.0192,56.1342,177.1967,130.5971,103.5362,25.6766,45.025,230.4886,151.1444,309.6704,110.4662,316.7256,271.1687,203.3414,147.1048,63.5554,124.6668,12.9465,120.5822,30.6387,117.8348,291.705,106.0045,90.3896,338.6811,16.1525,131.5804,203.33,304.6665,60.6842,31.94,21.156,197.7081,67.6538,42.5865,31.6752,63.2569,16.5667,25.7413,81.4644,59.4864,57.8127,29.7998,26.1486,101.813,74.6292,35.0942
2020-12-14,118.2252,94.78,157.8485,36.598,228.62,24.6148,160.9185,352.6725,70.3526,234.7821,164.147,44.2084,60.2828,6.534,171.54,39.8923,86.7872,208.1112,230.1299,63.4384,102.674,45.6262,119.8032,56.3117,177.4041,127.2842,102.4451,25.9404,44.9575,228.825,149.1328,306.2031,110.3857,320.3337,271.8032,204.2377,148.037,63.3402,123.6415,13.2404,119.9666,29.2155,117.2651,293.8213,105.4144,90.6705,337.1648,15.9128,131.2159,213.2767,303.8169,60.5127,32.17,21.0956,198.6764,67.3572,42.3254,31.2732,63.0584,15.9865,25.4428,80.4091,59.7018,57.5894,29.5861,26.0142,101.0472,74.739,33.8282
2020-12-15,124.1472,97.12,158.256,37.1544,229.5,24.9812,164.2534,350.3175,70.2975,243.3941,168.6458,44.6864,60.8981,6.71,173.94,39.9306,87.224,212.1721,232.2096,63.636,102.5714,45.807,121.6173,56.9647,181.8408,128.565,104.1944,25.8726,45.4385,232.5772,158.1236,306.1261,110.603,322.7521,273.1513,204.1709,149.4401,64.5113,126.4631,13.2919,120.4158,28.843,117.9556,296.9621,106.7403,91.4252,341.7231,15.9285,130.7766,211.0833,307.0166,61.1422,32.54,21.0266,199.7404,68.7361,42.7277,31.8405,63.5781,16.3007,25.877,81.5287,60.6972,57.7268,30.1038,26.5267,102.1412,75.7465,34.4852
2020-12-16,124.0792,96.85,162.048,37.7623,225.87,25.051,162.2289,348.0189,69.7626,242.5858,167.8508,44.8989,61.134,6.6294,174.9,39.7006,87.0313,213.3448,233.6048,63.5408,102.4859,46.2138,121.294,57.2718,181.187,127.7965,104.4975,25.948,44.7803,231.1632,162.4868,303.5577,110.5145,321.2527,273.2703,209.0815,150.1275,64.1066,125.5105,13.1745,120.5156,28.1947,118.4908,298.5953,106.7403,90.6266,342.2595,15.7774,130.4285,207.59,306.7183,61.1239,32.74,21.0008,199.6541,68.8162,42.276,31.7512,63.5215,16.2202,25.9222,81.0239,61.1088,57.8384,30.112,26.22,101.8404,76.243,35.014
2020-12-17,124.9432,96.84,161.804,37.8689,221.24,25.1469,161.9307,348.8196,69.5424,245.7538,168.2677,45.191,61.5638,6.6587,176.74,40.2853,86.2052,213.9224,237.4001,63.6356,102.4115,45.7889,121.8957,57.8039,183.3447,131.1692,103.6315,26.0911,44.9575,237.1704,163.0346,301.8711,110.6758,325.896,272.0906,209.2149,152.1426,64.6405,127.4702,13.2728,121.1977,28.3363,119.3367,300.5474,107.5432,90.5739,344.1733,15.4284,130.0834,218.6333,308.8243,61.7169,33.16,20.8887,202.4437,69.4816,42.3466,32.1175,63.3608,16.1436,25.9946,81.5195,61.5921,58.2077,30.4653,26.3965,102.9344,76.7635,34.8378
2020-12-18,122.9628,95.92,160.0825,38.9499,219.75,25.0074,163.5485,345.7205,68.5828,251.4859,167.6278,45.1379,61.2436,6.5634,176.44,39.3076,85.4974,211.9095,234.35,63.687,102.3259,42.905,121.3569,57.7531,182.4573,131.9291,103.1205,26.2042,45.3542,238.1315,161.8729,304.8077,110.5952,329.2139,273.994,208.4235,152.4628,64.1669,124.5488,13.2039,122.2124,28.0755,120.0186,299.639,107.1511,90.6354,342.799,15.3138,129.6935,231.6667,305.8506,61.7078,33.48,20.9146,202.5684,68.0867,42.6642,32.2605,63.4175,15.8737,25.7685,81.5287,61.3768,58.3365,29.9394,26.1696,103.0164,76.3911,34.2368
2020-12-21,124.4869,93.23,160.309,38.4408,219.31,25.9407,162.8254,343.8081,67.7175,248.7452,165.4947,44.474,60.4598,6.5487,175.88,39.4993,85.9105,224.906,234.8178,63.4593,102.3943,41.9106,120.7462,57.7145,182.3639,130.6569,106.9915,26.0535,44.5693,234.8969,159.3986,299.0887,110.3774,323.4485,270.4153,212.2375,152.3686,64.0722,130.6638,13.2638,120.9398,27.852,118.7066,299.0784,106.6189,90.337,341.5734,15.1107,130.2078,216.62,303.7716,61.1969,32.64,20.9577,200.3636,67.7019,41.9797,32.0894,62.8752,15.5675,26.1158,81.0366,61.4382,57.7078,29.6698,25.8527,101.9857,75.5281,33.6119
2020-12-22,128.0304,93.16,160.326,38.819,218.78,25.4784,159.5898,341.0387,66.3567,250.1481,165.262,44.1199,60.3081,6.446,174.49,39.2022,85.2003,218.876,233.9947,63.5401,102.5654,41.7388,120.0636,57.9781,184.4375,130.4007,105.3634,25.9178,44.5271,234.2407,157.453,297.8644,110.6839,321.3882,264.7649,213.5247,153.348,64.3391,129.2393,13.2101,119.792,27.3751,117.8693,299.8917,106.3855,89.8719,340.9977,14.793,130.8798,213.4467,302.8046,61.0053,32.09,21.0697,197.3247,68.1749,41.6268,31.8919,62.2883,15.3062,25.8612,80.6588,61.9706,57.3008,29.8778,25.8019,101.6744,75.2028,33.043
2020-12-23,127.1373,91.55,159.2635,38.1342,219.69,26.2111,161.2528,340.9068,67.4029,248.9218,168.2677,44.5714,60.957,6.5927,175.65,40.6879,85.597,224.4422,233.7953,63.8267,102.3516,42.1005,120.9707,57.5984,186.0067,129.7348,108.3077,26.2268,44.7971,235.7564,156.282,301.015,110.708,318.4764,265.776,210.7405,151.8695,64.0119,128.6133,12.9425,120.1164,27.8967,117.688,298.3814,106.3201,89.5647,341.3041,14.9753,129.9755,215.3267,305.1365,60.9688,32.75,20.9749,196.807,67.7339,41.6057,31.9368,62.648,15.6451,26.2886,81.0827,61.5005,57.4913,29.5949,25.751,101.7477,75.3655,33.4677
2020-12-24,128.1178,91.81,158.6345,38.672,217.15,26.1326,162.2832,343.4407,67.1197,250.1016,168.4422,44.3766,60.9823,6.4974,176.35,39.854,85.8907,224.1884,234.7572,63.9589,102.497,42.5525,121.312,57.8692,185.8853,130.1873,107.8315,26.3625,45.101,237.1611,157.3964,301.3317,111.087,325.0254,265.0723,212.39,152.3027,64.5717,128.4682,12.9271,120.657,27.77,118.8792,299.698,106.871,89.5208,342.632,14.944,130.4899,220.59,308.0289,61.2243,32.92,20.9922,200.0664,68.327,41.521,32.1388,62.7143,15.5634,26.325,81.0919,61.9083,57.7771,29.8862,25.9332,102.0406,75.5233,33.3314
2020-12-28,132.7,91.6,164.198,38.7097,216.09,26.2808,161.2077,349.545,66.7815,248.513,173.4161,44.5005,61.4796,6.5194,175.71,39.9306,87.8619,227.1903,233.3101,64.0397,102.5056,42.5525,121.6083,58.3481,185.1941,130.802,108.5416,26.5358,45.7086,240.3033,157.2453,303.2239,111.1596,333.2187,274.5887,214.4973,151.6153,65.0108,129.2212,12.8338,122.1958,27.4347,119.7079,302.7187,107.6646,91.5656,345.5754,14.8711,130.548,221.23,312.6929,61.4341,32.59,20.9922,203.8338,68.7343,41.6198,32.0131,63.8405,15.4654,26.4523,81.1933,62.6086,58.2361,30.1275,26.0476,102.2969,76.3844,33.4436
2020-12-29,130.9331,90.62,166.1,38.4551,216.25,26.1762,159.6532,351.1088,66.5534,246.5062,171.9035,45.1645,61.8757,6.468,176.35,39.8444,87.0596,225.8075,230.6586,63.9589,102.4885,44.6498,121.267,58.2272,181.6073,131.6132,108.2558,26.3022,45.6833,239.7488,157.3209,302.9842,111.208,335.3372,274.3706,213.7249,151.1727,64.8731,128.441,12.8768,122.62,27.6061,119.4834,302.9897,107.5619,92.6976,344.9161,14.8659,130.3821,221.9967,313.9582,61.3064,32.78,20.9232,205.5018,68.1478,41.4998,31.9368,63.7838,15.3633,26.3613,80.7049,62.3112,58.0629,29.8945,26.0434,102.7821,76.4083,33.067
2020-12-30,129.8167,92.29,164.2925,38.9741,216.67,26.15,162.717,352.7385,67.1197,247.9691,175.6558,45.7664,61.9599,6.4974,177.7,40.1032,85.9942,227.0678,229.8527,64.0912,102.5569,44.0712,121.8508,58.1885,183.4567,133.2441,108.5589,26.1288,45.9449,241.9206,157.727,303.2067,111.3531,343.9368,269.5034,211.3698,151.7283,65.3725,128.45,13.0783,122.5285,27.3751,118.9224,302.9994,107.814,92.996,345.4082,14.8398,130.6642,231.5933,311.8251,61.3885,32.91,20.837,209.3267,68.5225,41.027,32.3768,63.3579,15.6042,26.4795,81.2209,62.2776,58.0023,30.0609,26.1747,102.7638,76.8675,33.3314
2020-12-31,128.8168,91.71,162.8465,39.2447,214.06,26.4378,164.5065,354.9334,66.4275,250.671,175.6655,45.7399,61.488,6.446,178.36,39.9115,86.806,230.7961,230.1646,64.1426,102.6254,45.0385,122.7938,58.3215,183.1298,134.3797,110.0397,26.1213,46.2825,243.5286,159.4552,303.9088,111.3773,345.2814,270.7821,212.0754,151.8789,66.4404,128.3502,12.988,123.3519,27.4273,120.1049,303.7449,108.5049,93.8823,347.1631,14.9805,130.855,235.2233,316.9681,61.9268,33.01,20.8973,209.6814,69.1823,41.4575,32.5025,63.869,15.4736,26.8069,81.5987,62.3688,58.4093,30.4271,26.5645,103.8439,76.9106,33.027
2021-01-04,125.6325,92.3,159.3315,38.1127,202.72,26.1936,164.6239,358.108,66.632,249.3573,172.272,46.032,61.8082,6.248,182.33,38.8284,85.493,231.925,228.6915,64.0103,102.651,44.9029,121.1413,57.4992,180.7387,133.6283,109.0005,25.7972,44.5271,239.185,156.3009,295.0563,110.8129,340.0093,266.5988,207.5654,150.7302,63.9171,127.1073,13.0462,119.9999,27.4273,118.9656,299.456,106.7776,90.4774,342.437,15.3347,130.6972,243.2567,315.9016,61.0601,32.38,20.9146,208.7515,66.934,41.528,32.1927,62.9225,15.4981,26.4432,79.6267,61.3518,57.7771,29.4451,25.8951,103.3954,76.26,33.2513
2021-01-05,127.1858,92.77,160.9255,38.3708,211.63,26.3942,165.9706,353.9537,68.4333,255.5437,173.0088,47.1385,62.4487,6.3434,182.87,39.9306,86.1824,237.1149,230.5372,64.0324,102.4115,45.7527,122.1831,57.7991,183.5315,135.1994,109.5936,25.2998,44.0376,242.9371,157.0753,298.6093,110.4581,336.0723,268.6111,207.7656,152.0955,64.3908,128.1325,13.336,120.3576,27.7104,119.7252,301.9247,107.2071,90.7757,344.7954,15.2409,129.7267,245.0367,311.6534,61.1239,33.94,20.7939,205.636,67.0318,41.3375,32.9156,63.1496,16.1921,26.5614,80.41,61.75,57.7771,29.4118,25.8908,104.146,76.8292,34.8538
2021-01-06,122.9045,90.33,156.919,38.1342,211.03,28.0428,175.2073,348.5653,70.6358,270.5253,173.6682,46.7402,63.1651,6.4827,179.9,41.1958,85.332,249.9102,231.8543,63.9148,101.8126,46.1957,125.2455,57.1558,191.0412,136.4716,114.7397,25.5787,42.6366,250.9128,155.1865,297.9587,109.5631,336.1981,261.0179,202.3784,150.9185,67.5427,129.1486,12.5498,118.8854,27.472,120.9854,297.7424,107.702,91.434,346.8568,15.5378,127.0636,251.9933,324.7323,61.6805,34.11,20.768,203.8242,67.1458,41.8385,34.2626,62.8468,16.6862,27.7344,82.3267,60.6851,57.8204,29.2703,26.5348,105.5741,77.6138,35.7432
2021-01-07,127.0984,95.16,158.108,39.7413,212.71,28.6621,175.5416,346.5871,70.9661,279.2552,173.1446,47.1828,63.2325,6.644,179.48,41.5217,87.8808,255.2489,230.7192,64.0985,101.4532,47.1811,126.3411,58.4545,194.4412,136.9327,118.5077,25.394,42.164,250.192,156.6125,293.267,109.5469,338.8616,266.4006,208.1375,155.5891,68.2833,131.5075,13.2755,118.5028,27.6136,119.8547,304.9453,108.9158,90.6968,352.0102,15.5795,125.9436,272.0133,329.9386,62.0545,34.53,20.8887,204.965,67.0155,41.7444,34.5185,63.6797,16.9311,28.1345,82.7782,62.3208,57.6472,29.3618,26.1874,106.9472,79.111,36.0236
2021-01-08,128.1954,94.58,159.135,39.943,209.9,28.3742,175.5687,348.49,71.6426,273.8327,173.2512,48.431,63.8224,6.6,173.34,41.2725,89.0442,253.8748,233.1714,64.194,101.1623,46.6929,126.422,59.0592,194.0208,136.651,118.6385,25.3375,43.1092,249.8962,157.1603,287.745,109.4663,342.7262,265.2408,209.4056,158.1598,69.8679,132.7777,13.2086,119.925,27.6657,119.8028,308.8664,109.448,92.7327,354.0158,15.472,125.5372,293.34,328.4563,62.3829,35.43,20.9232,206.5371,67.6672,41.2237,34.3523,63.8784,16.9107,28.1163,82.5755,62.7238,57.933,29.6781,26.4077,107.4598,80.7422,36.4242
2021-01-11,125.215,97.25,155.7105,39.9537,206.79,28.8452,175.2073,342.9039,72.0516,274.7738,173.6391,47.7759,62.9881,6.82,173.0,43.1416,86.9868,257.1567,235.0258,63.8487,100.9655,46.5935,126.5208,58.3505,193.8527,136.0789,120.4091,24.7572,42.3666,247.2438,175.6047,289.0976,108.9986,337.2539,254.6042,207.3747,156.22,68.6278,133.4127,13.5516,118.1866,28.1426,118.9915,304.4032,108.9438,91.7937,351.6295,15.3921,125.3297,270.3967,326.0701,62.0636,35.26,21.0525,204.083,66.7711,40.9812,34.3523,62.7426,17.1761,28.2073,82.5479,62.2057,57.4394,29.1788,26.162,107.9633,79.2354,37.5299
2021-01-12,125.0403,95.36,156.0415,40.2791,208.41,29.3599,178.5332,343.0829,73.4203,281.454,170.6334,48.2451,63.2746,7.172,174.12,45.8349,86.0526,264.4908,239.445,63.9295,100.9485,48.1303,127.1315,58.2272,197.3273,135.0201,122.3018,24.2523,42.2906,246.4028,168.8616,292.6678,109.2324,332.1398,248.9042,204.9337,157.1428,68.6795,131.5982,13.4155,117.6377,27.703,118.3009,303.9191,108.7104,90.2317,351.7038,15.3281,125.2302,283.1467,323.015,61.6805,35.9,20.9404,200.2197,66.9259,40.8386,34.7879,61.7299,17.7762,28.4982,83.368,61.9083,57.2489,29.2037,26.0222,106.7916,80.4456,38.3632
2021-01-13,127.0693,91.78,158.2945,40.4422,207.21,29.1854,177.0419,345.6734,73.3495,280.6434,170.7595,48.3513,63.1904,7.172,173.37,46.7072,86.539,265.1297,237.4693,64.1206,101.2992,51.4842,127.0147,58.5077,195.9169,134.8152,122.4152,24.1241,42.3328,247.4286,175.1892,295.7841,110.0791,335.4426,249.4494,206.2782,157.6889,70.4794,129.7746,13.4623,118.6025,27.4645,118.4822,305.9716,108.7477,90.2931,352.6509,15.2534,126.6405,284.8033,320.9091,61.6713,35.8,21.0094,200.6895,67.7405,40.696,34.4332,61.9476,17.6374,28.4801,82.6492,62.3016,57.3355,29.6032,26.5306,107.0845,80.4408,38.7959
2021-01-14,125.1471,90.79,156.3735,40.5193,209.91,29.6477,178.4066,341.3401,75.1115,282.1621,168.1513,48.8028,63.696,7.458,173.28,49.3909,85.7302,269.4444,232.5215,64.1058,101.0682,53.5635,127.4907,57.9805,199.8306,137.1718,123.1304,24.1769,41.5479,243.695,176.3131,297.4535,109.6034,316.6524,243.5017,203.1126,156.7661,71.0736,128.196,13.1325,117.9122,27.3826,117.2219,304.3355,108.1314,89.3541,351.4159,15.616,125.4542,281.6667,316.8326,61.3246,36.24,20.9663,193.5094,68.1396,40.6817,34.3164,61.5974,18.16,28.6074,82.9349,61.7548,57.0324,29.7863,26.4289,106.7458,79.929,40.3102
2021-01-15,123.4288,88.21,155.2125,39.9618,204.32,28.7929,175.8941,341.1611,72.437,275.221,166.2219,48.1123,62.7016,7.2087,171.13,47.8957,85.5668,263.4406,238.8038,64.003,101.342,52.0538,126.2783,57.6685,196.851,136.873,120.9237,24.1091,41.1006,238.5196,180.1663,297.3079,109.7727,313.0978,249.1719,202.7598,155.0429,70.6516,127.6698,12.7935,117.6044,27.3453,116.3414,301.9247,107.5806,89.8017,348.8531,15.552,125.9519,275.3867,317.5285,61.3885,35.34,21.1042,193.2505,68.9216,40.9242,33.827,61.7962,17.4537,28.1345,81.8567,61.1216,56.8332,30.244,26.6874,107.0753,79.3119,38.3712
2021-01-19,124.0986,89.45,156.038,41.1646,210.71,28.5836,176.3212,333.917,74.3406,274.8391,167.017,48.909,63.1567,7.348,172.58,52.5635,88.3825,257.4806,236.7242,64.1867,101.4019,52.4244,126.8352,58.3336,199.3729,138.9906,120.4003,24.3879,40.9403,239.3976,187.4477,292.3681,109.9662,315.6937,258.8272,206.3735,156.8038,71.3147,126.3542,12.9584,118.1617,27.3677,115.3229,306.3298,108.4302,89.986,351.5923,15.4347,126.3584,281.5167,318.333,61.7078,35.75,21.0439,193.3176,68.7261,40.6888,33.9438,62.913,17.8048,28.2073,82.124,61.9179,56.5821,30.0443,26.5857,107.8809,79.7616,39.1324
2021-01-20,128.1761,88.75,163.169,41.3986,211.45,28.2085,174.7584,340.3509,75.0249,280.3825,168.355,49.7677,63.5865,7.964,175.39,53.5412,93.1174,254.2161,237.686,64.3042,101.4447,53.0392,127.4278,59.5743,200.2509,138.649,118.5949,24.7647,41.0837,237.8819,190.0732,292.5137,109.934,324.3816,265.1516,213.9061,159.9677,72.3826,129.5569,13.2972,117.5545,27.1963,113.8813,313.4554,109.5414,92.5484,356.4579,15.4401,126.4829,283.4833,317.1128,62.2643,35.79,21.0353,197.4876,70.0376,40.8386,34.056,64.8912,17.8701,28.089,82.6308,63.1459,56.686,30.6685,26.7424,108.4759,81.2684,39.6853
2021-01-21,132.8747,91.53,165.3495,41.8413,207.41,27.7113,174.6221,341.7639,72.3741,284.631,166.0668,49.8562,63.637,8.4554,175.28,52.7936,93.3195,253.2534,241.8019,64.2675,101.2992,56.4654,126.6555,59.9057,198.5136,138.0939,117.6005,24.7044,41.3116,234.0004,191.1026,290.8015,109.4986,323.9264,270.4946,214.5068,160.6175,72.0898,128.4772,13.7963,116.1239,27.1814,113.7693,315.9629,109.6254,91.7762,356.7828,15.3707,125.5952,281.6633,320.8729,61.9541,35.76,20.9404,196.6537,69.7036,40.8457,33.5576,65.1278,17.2659,27.789,81.9858,63.9613,56.4955,30.5686,26.5857,107.9633,81.6463,38.5475
2021-01-22,135.0105,92.79,164.6115,41.68,205.84,27.5194,174.3949,341.293,72.1539,284.3236,167.5211,49.4224,63.3336,8.448,173.9,53.1003,93.736,253.2709,246.0911,64.1426,101.4532,51.2221,125.973,59.8791,200.8207,139.648,116.6934,24.8024,40.9234,232.4109,194.6819,290.9812,109.4179,318.6478,272.1104,215.4412,160.674,72.5204,126.4268,13.6421,115.2755,27.2336,112.8922,315.0528,108.9624,91.1882,355.5201,15.4241,126.0017,282.2133,314.139,61.799,35.23,20.9835,193.6627,69.8665,40.9884,33.396,65.1562,17.1761,27.5889,81.5619,63.7167,56.3483,30.6435,26.6238,107.6429,81.3689,38.0027
2021-01-25,138.7482,94.13,164.7,41.6594,203.36,27.1793,170.2155,340.8973,71.501,277.8298,166.6582,49.7942,63.2578,8.2794,174.05,51.1737,93.8212,247.7135,247.0271,64.1573,101.8639,50.1192,125.8473,60.3168,200.6246,141.7228,115.2368,25.4355,41.1681,233.9265,200.5468,294.0889,109.8856,318.8414,275.5899,218.8547,161.1731,74.8111,124.7938,13.5832,116.598,27.7775,114.8374,317.657,109.2612,90.7845,356.9221,15.52,127.4868,293.6,314.374,62.2552,35.59,21.0094,192.6657,70.396,41.6659,33.2209,65.5348,17.0005,27.3889,81.0089,64.2492,56.9111,30.9182,27.1576,108.3477,81.6702,37.578
2021-01-26,138.9812,94.71,166.3065,41.5769,202.06,26.9874,170.0974,343.8176,70.2897,275.7893,164.3991,49.4313,63.3505,8.206,173.62,49.8798,94.4983,246.5932,244.8781,64.0618,101.8297,49.9112,125.2724,60.2491,199.2328,145.5652,114.7658,25.9178,41.5986,236.4495,200.8962,283.1133,109.8775,317.3983,279.5946,221.5245,159.4404,73.3988,122.571,13.3663,117.9455,27.7998,115.5756,318.1218,109.0372,91.8727,356.365,15.8612,127.2461,294.3633,310.1258,62.2096,35.45,20.9491,193.6531,70.8929,40.3465,32.7629,66.4245,16.6372,27.1706,80.2626,64.2923,57.4221,31.2344,26.8865,107.945,81.6176,36.7527
2021-01-27,137.9132,88.84,161.629,39.8587,194.03,26.0192,164.1188,335.7256,69.3772,261.5532,158.0679,48.0592,61.9009,7.9127,172.52,47.2918,90.0897,239.2154,237.4693,63.8781,101.9495,48.4467,122.0125,58.7448,195.5807,143.3452,111.5212,26.1816,40.9571,224.4907,196.0325,284.6715,109.684,305.5721,269.771,222.068,154.0165,69.0584,118.8694,12.8515,114.818,27.0026,111.4854,309.2537,106.5348,85.8877,347.6553,15.536,127.5697,288.0533,300.9787,60.8229,35.5,21.0784,186.9044,69.6385,39.3195,31.7976,64.276,16.4126,26.3704,78.6684,63.0787,56.4522,30.8349,26.162,104.6678,79.1015,36.3361
2021-01-28,133.0883,87.52,161.881,40.4897,197.23,26.4466,167.4897,336.3568,70.0222,272.9477,166.6485,48.3956,62.297,7.8614,172.68,48.9213,91.7866,240.6944,240.9355,64.0691,101.6842,50.6887,123.7637,59.0664,194.9549,144.4381,113.4837,25.5937,41.4804,230.618,198.4408,280.7505,109.5066,314.0858,262.6931,227.8175,156.5684,71.0133,122.2262,12.984,115.7745,27.0101,113.2049,311.0834,107.7206,86.1334,350.6453,15.3547,126.8645,278.4767,305.6427,61.0601,35.25,21.0266,190.0199,70.0131,39.4906,32.3454,64.5031,16.6045,26.8615,79.8387,63.3377,56.6687,30.9182,26.4755,106.1965,79.3502,36.905
2021-01-29,128.1081,85.64,160.31,40.3786,194.19,25.8622,166.1268,331.9953,67.0174,269.0719,163.0514,47.1916,61.0076,7.722,172.61,48.5762,90.5068,237.325,234.6705,63.9001,101.5046,50.1824,121.6353,57.862,192.0032,139.2894,112.2277,25.2546,40.6364,226.7918,196.4102,275.5195,109.3373,306.347,256.0812,221.1717,154.299,69.644,121.201,12.9231,113.5952,27.0402,111.3378,304.5387,105.4331,84.9575,343.6255,15.2641,126.1013,264.51,301.5121,60.239,35.18,21.0525,185.2555,69.2067,39.0484,31.7168,63.3011,16.0533,26.325,78.1154,61.8459,55.4996,30.5936,26.3315,105.2994,77.4989,35.9275
2021-02-01,130.2244,87.66,167.144,41.8342,195.84,26.1326,167.8349,330.196,67.9692,272.2489,165.7662,48.4664,61.7324,7.942,174.23,49.3718,93.7613,240.4407,234.0206,64.1051,101.6313,51.2492,122.9195,59.0858,196.7202,138.9308,113.0563,25.0587,40.9149,231.4405,191.8487,277.4115,109.553,311.4513,259.7292,228.504,158.1033,70.3588,123.1244,13.1691,113.9363,26.9649,111.9978,312.1483,106.871,86.5108,349.3453,15.2748,126.2474,279.9367,301.8916,60.8229,36.12,21.156,190.1541,70.787,38.7132,32.0894,64.4842,16.1676,26.6705,78.9264,63.3953,55.5516,31.2844,26.4586,105.7022,79.5128,35.9916
2021-02-02,131.0496,88.86,169.0,42.743,200.94,27.0659,174.9038,334.9627,68.4805,281.8733,171.5739,49.0949,62.356,7.964,172.11,50.5315,95.0515,251.1529,235.8316,64.26,101.3744,52.4335,124.6708,60.0701,199.5224,137.6841,116.5364,24.9908,41.3201,233.1225,186.5788,284.8341,109.2621,323.8586,264.755,228.3705,161.3237,71.4181,126.6446,13.4872,115.1008,26.3548,111.8415,317.2408,108.4863,89.2049,354.2852,15.2161,125.4335,290.93,306.1579,61.3611,36.82,21.1818,194.2283,71.2106,38.8701,32.5115,65.4685,16.3432,27.3161,80.6035,64.2539,55.924,31.4175,26.6746,106.0043,81.2014,36.5604
2021-02-03,130.0303,87.89,165.6265,41.6953,207.39,27.5456,173.9497,334.614,69.975,280.5689,171.06,49.3428,62.5077,8.2134,171.85,51.998,101.9736,252.5358,237.5733,64.3116,101.1262,52.1442,125.1827,59.9323,200.1202,137.0438,117.8709,24.8778,41.1597,231.1632,186.0122,284.5688,109.0036,322.3574,264.3288,231.6982,160.8529,71.5214,125.7736,13.4611,114.8013,26.2418,111.9804,315.9823,108.2809,88.652,354.5637,15.2001,124.3205,284.8967,305.4076,61.0327,37.44,21.1732,193.03,71.0314,39.077,32.5743,66.3488,17.0414,27.4707,80.6588,64.0333,56.0106,31.2927,26.5899,105.2537,80.747,37.9947
2021-02-04,133.3796,87.84,166.55,42.1828,210.64,28.3481,174.1315,335.8789,70.0065,288.1435,174.7444,49.3605,62.5751,8.338,168.15,51.883,101.7136,257.0868,241.6027,64.4444,101.0919,53.4703,126.7902,60.5684,204.202,138.316,120.5835,24.8099,41.3622,230.2852,190.4132,288.7124,109.1894,330.1155,264.1702,230.7543,162.6609,71.4784,127.5881,13.5941,116.1821,26.2795,112.0499,319.7193,109.588,90.9513,358.5936,15.4027,123.9882,283.33,297.6615,61.4615,37.81,21.268,200.5936,71.5201,39.3266,32.4576,66.7463,17.2292,28.08,81.525,65.055,56.4176,31.4674,26.7975,105.6931,81.6081,38.7238
2021-02-05,132.9664,87.9,167.6075,41.7687,207.93,28.2347,175.358,335.237,70.211,288.1155,175.6461,49.7854,62.9628,8.4407,169.81,52.1514,103.457,256.8679,241.6374,64.5402,100.8779,52.9154,127.4638,60.8151,207.0321,140.4165,120.348,25.4732,41.9024,237.8542,190.5549,288.5498,108.8986,328.1009,265.7662,230.9354,163.9509,71.9951,131.6526,13.5212,117.2467,26.3021,112.5188,320.8036,110.1856,93.4436,360.005,15.4241,122.95,284.0767,293.314,61.7808,38.19,21.1473,200.1335,71.7726,39.455,33.0144,67.5887,17.3761,28.089,82.0042,64.9111,56.9458,31.5756,26.9416,105.8853,82.3878,40.0218
2021-02-08,133.1122,91.47,166.147,42.3684,211.95,28.8627,179.4013,339.6355,71.9572,295.3828,184.217,49.8739,63.4011,8.4774,171.52,54.5188,103.2436,262.688,242.6511,64.732,100.9207,53.8068,128.8647,61.1754,212.3189,140.8177,122.232,25.5561,42.1302,237.8265,194.3325,289.2346,109.3672,326.435,264.2593,231.1929,165.5423,71.8228,130.1103,14.3646,116.7809,26.2268,112.1715,322.9528,110.9605,93.2505,362.6049,15.3388,123.4899,287.8067,293.1603,62.0636,38.94,21.1387,198.3313,72.1636,39.2624,33.2882,67.8537,18.1029,28.4528,82.7045,65.5923,57.1623,31.6422,26.734,106.0135,82.8566,41.7444
2021-02-09,132.2372,90.91,165.25,42.5414,215.12,28.7406,179.2468,339.3806,71.5482,293.7895,182.4815,50.405,63.7466,8.7487,172.08,53.7329,102.7914,262.9592,239.8263,64.614,100.9977,53.4612,128.8917,61.1416,213.3183,141.9705,121.7436,25.4053,41.9446,236.2369,190.4982,293.0873,109.1975,322.9579,267.1044,232.4324,165.4482,72.1931,128.6405,14.19,116.1155,26.3398,111.7373,322.8851,110.8859,93.2154,362.3634,15.2588,123.5813,283.1533,297.9418,62.1001,39.17,21.0266,197.9766,72.4162,39.2268,33.0413,68.0808,17.911,28.4619,82.9165,65.5155,57.1103,31.7837,26.7721,106.1691,82.3973,41.2555
2021-02-10,131.6343,92.35,164.329,42.1308,211.92,28.7667,179.6466,336.1337,72.7753,292.215,183.8583,50.5821,63.5275,8.624,172.71,52.6019,103.3406,266.3025,241.4901,64.5992,101.2545,53.5339,129.0803,61.04,211.9172,142.4316,121.8134,25.541,41.8602,233.5568,193.0293,292.9589,109.4561,323.7036,269.5034,231.5266,164.8832,72.262,129.2484,14.6885,114.5351,26.1665,111.3465,322.1492,110.9792,92.9083,362.2056,15.2215,124.4035,268.2733,301.3493,61.9541,39.28,21.018,197.8999,72.8072,39.1982,33.0054,68.7245,18.2539,28.4619,82.7875,65.4196,57.0497,32.0001,26.878,106.3613,81.5841,41.6548
2021-02-11,131.3816,92.66,163.1065,42.8784,210.66,28.6795,180.219,332.4337,72.382,292.979,185.0993,51.1221,63.9573,8.3967,171.21,51.2792,103.4531,264.5872,240.0776,64.6287,101.1775,55.171,129.1701,61.2794,211.6744,141.7912,121.4732,26.7845,42.451,233.9172,192.1188,290.3477,109.1652,332.0914,268.0362,233.1189,166.4181,72.2965,130.2283,15.1725,112.2644,25.933,111.442,323.921,111.5675,92.8995,362.7906,15.2961,123.7225,270.5533,301.051,61.9815,38.97,21.0094,202.2588,72.9619,38.9415,33.0368,68.8002,17.9722,28.3709,82.6124,66.1391,56.7986,31.9418,26.7255,106.5627,81.3593,40.6118
2021-02-12,131.6149,93.77,163.8855,43.5891,210.98,29.1069,179.8919,332.9529,72.7989,291.6187,181.9579,51.1663,64.3112,8.3967,170.69,51.375,103.7641,268.0878,240.4676,64.732,100.8437,56.217,129.9245,61.5987,212.2722,142.2352,123.2002,26.6714,42.7801,233.5199,196.5856,289.1405,108.8097,330.2802,268.1453,233.5957,167.6516,71.5903,128.9399,14.8845,111.3495,26.1515,110.8254,325.7315,111.8569,92.4081,364.5827,15.3547,122.1859,272.04,296.6854,62.0636,39.94,21.0266,201.5867,72.9782,38.6562,33.378,69.0936,18.2376,28.6619,83.2114,66.4797,56.8852,31.9335,26.5306,107.3591,81.4741,41.1659
2021-02-16,129.4954,91.46,163.4475,43.841,217.18,29.8919,183.8806,334.1327,74.2906,295.4293,180.6781,51.2903,64.7748,8.4627,168.24,51.2408,104.5402,273.024,238.6305,64.6287,100.1159,56.8173,130.14,61.3085,210.9365,140.9458,126.1657,26.6488,42.4256,231.1724,195.1346,286.8289,108.0422,330.4836,271.585,232.3657,167.2185,69.9196,128.568,15.2516,111.7737,26.1289,111.086,324.8504,111.5488,93.154,364.267,15.4454,120.3255,265.4067,293.4134,61.6166,40.45,21.0266,199.6089,72.4162,38.6205,33.3152,69.4249,18.6949,29.153,83.1284,66.2638,56.7813,31.5923,26.234,106.2972,81.1201,42.4045
2021-02-17,127.2106,89.94,165.432,43.245,215.52,30.0141,183.808,337.946,76.5162,290.7616,180.7654,51.308,64.3955,8.4187,166.33,50.6945,104.9325,273.7065,243.4223,64.6066,100.1844,56.2534,130.2568,61.1367,209.2832,141.4497,126.5582,27.8999,42.3075,230.3777,195.7984,288.5156,108.5835,326.7255,271.1885,233.3787,165.7966,69.4804,130.6366,14.8295,111.8402,26.2795,111.5549,323.2917,111.7262,92.0435,364.3505,15.7653,121.0896,266.05,295.4381,61.7899,40.89,21.1129,199.2344,72.3265,40.646,33.2972,69.6236,18.9725,29.2985,82.898,65.6786,56.9891,31.6173,26.2552,106.6817,81.5889,43.0645
2021-02-18,126.1119,88.64,166.4115,43.3149,208.48,29.8222,181.6455,336.8888,75.7823,279.7397,177.4301,50.5998,64.0753,8.382,166.32,49.9948,104.298,271.221,245.2681,64.5181,100.1759,56.0351,129.5383,60.9287,206.0421,141.5179,126.9856,29.362,42.8476,230.9784,190.7342,289.3031,108.3735,327.82,267.0449,232.9869,164.6289,69.5235,131.6345,14.7529,112.5971,26.0309,112.4841,321.8781,111.4741,92.5106,362.7999,15.584,120.5995,262.46,296.8391,61.8538,40.27,21.0439,201.001,72.017,40.6389,33.0907,69.2829,18.5438,29.1257,82.4833,65.3572,56.9545,31.6006,26.412,106.0135,81.6128,42.3882
2021-02-19,126.2675,89.58,162.495,43.9154,217.47,30.1275,190.7223,334.8595,76.4205,307.4575,178.0603,50.9273,64.2607,8.492,167.01,50.3878,103.456,276.2271,242.3132,64.5255,99.7735,57.3084,130.2209,60.5611,210.3387,139.1613,129.1051,28.2466,42.2906,231.8564,190.5445,287.1629,107.5898,322.6964,259.2831,230.2918,164.4218,67.2585,128.8492,14.8499,110.2183,25.9406,110.3912,320.4744,111.1193,91.1005,362.1591,15.4614,118.9965,260.4333,293.3772,61.2334,39.68,20.9922,196.5653,72.4324,40.2609,33.6968,68.6014,18.8541,29.4712,83.838,65.2613,56.2357,31.7005,26.0179,104.7319,81.1393,42.6734
2021-02-22,122.5048,85.37,159.037,42.6964,212.88,30.6595,198.1273,330.5554,78.4865,314.4544,185.9234,49.4313,64.1005,8.58,169.51,49.8223,101.7448,277.321,239.0291,64.3264,99.6108,55.2165,130.7328,59.2696,208.975,139.0754,130.3174,28.0582,42.7295,232.032,190.3169,291.4863,106.9192,329.9509,258.0638,224.1181,158.5553,64.675,123.9954,14.2821,109.7857,25.805,109.9223,312.1678,110.419,89.7257,359.3735,15.632,118.0912,238.1667,296.1431,60.9415,41.28,20.9318,200.0121,73.0352,40.2609,33.827,68.3269,19.5073,29.744,84.1052,63.8222,56.2877,31.8836,25.5095,104.4847,79.4267,44.246
2021-02-23,122.3687,84.74,159.725,42.2967,212.12,30.9823,200.0536,322.9477,79.4757,314.3612,191.0912,49.6526,64.1595,8.5214,169.12,48.9884,102.0351,279.369,231.5684,64.4812,99.6879,55.5894,131.1639,59.1076,207.1349,137.8468,131.3641,27.9753,42.6535,239.0279,192.024,296.4175,107.0,339.4041,263.5456,222.933,157.1805,64.3391,123.5055,14.0694,110.4428,25.5414,110.7386,311.2383,110.7552,89.3379,359.81,15.5573,117.7506,232.9467,297.8333,61.0418,41.62,20.9491,203.651,73.4914,40.6746,33.9438,68.857,19.8299,29.9259,84.3632,63.6447,56.3656,32.0001,25.7214,104.3108,78.9053,44.8571
2021-02-24,121.8729,86.94,157.9765,43.1015,229.34,31.7324,202.1342,321.579,82.4113,322.0477,191.4984,49.3339,64.3618,8.998,169.0,50.7041,103.2084,289.3725,225.2688,64.5476,99.5509,57.4721,133.0498,59.5042,212.0293,139.694,133.6754,28.337,42.797,235.3035,193.9586,296.6744,107.1616,355.7729,262.0091,224.1563,158.2634,63.521,123.0699,14.4246,109.8689,25.4208,110.8602,313.8039,112.0156,91.9906,363.7749,15.664,116.9782,247.34,300.2737,61.352,42.5,20.9146,210.679,74.0535,40.7388,34.2401,68.98,20.5321,30.5078,85.9574,64.6185,56.331,32.1499,25.4206,105.034,79.7329,46.2016
2021-02-25,117.6338,82.42,152.858,40.9755,216.45,31.3399,201.5437,315.1608,81.6455,324.2557,185.1672,48.2097,63.2662,8.624,165.82,48.4995,99.8474,286.852,221.1789,63.9355,98.2238,54.9346,130.4723,57.6733,204.1926,139.84,131.8612,28.0883,42.3412,228.2705,193.2948,292.5308,105.465,343.4236,252.4729,218.8427,152.1709,64.114,122.9702,13.2392,108.1305,25.4736,109.9223,302.8638,109.2799,91.1887,355.0093,15.2641,115.0679,227.4067,297.2549,60.6039,42.46,20.9835,205.2256,72.6361,40.2966,33.4499,67.4751,20.1361,29.9532,84.3724,62.3592,55.7161,31.6256,25.1918,103.9813,76.7671,45.4357
2021-02-26,117.8963,84.51,154.6465,42.1147,212.01,30.2757,196.1467,312.4234,79.7708,325.2713,183.2862,47.5634,62.3729,8.58,161.81,49.1992,100.1426,279.6054,223.8564,63.7438,99.1057,55.2802,128.9276,57.8451,203.9124,136.1456,128.3636,27.4176,41.3454,225.7476,194.3095,284.9046,106.8626,342.7262,255.3774,222.0825,153.395,63.6119,122.5292,13.6441,107.4568,25.225,107.2737,304.1322,108.8037,95.2074,353.1801,14.8696,118.872,225.1667,300.2828,60.0109,41.31,21.1387,203.9198,71.5771,39.4407,33.0233,67.7401,19.6584,29.3803,83.497,62.6902,54.8155,31.0763,24.7257,103.0841,77.0876,44.303
2021-03-01,124.2452,86.39,157.307,43.8813,224.39,31.2178,199.6719,313.1502,81.4062,334.9516,189.0454,48.8382,63.5443,8.7854,161.53,50.359,102.5076,289.8765,226.6985,64.4594,98.9943,57.1902,131.8643,59.3784,211.1606,136.8845,131.2682,27.9526,42.1134,232.4201,195.8079,287.6825,106.9671,351.4917,262.6039,226.4404,158.1033,65.7156,125.1384,13.7707,108.6462,25.3757,107.9336,313.2812,111.306,94.1851,361.7413,14.9762,117.3019,239.4767,302.4792,61.0327,40.6,21.156,207.9907,71.8948,39.4835,33.8585,69.4722,20.1687,30.2987,85.6349,64.7097,55.3697,31.1096,25.2723,104.4298,78.8958,45.9572
2021-03-02,121.6492,84.13,154.7265,43.0684,223.14,30.991,196.0921,310.026,81.7173,327.4328,188.0371,48.3601,63.4769,9.2034,162.41,51.8638,102.251,290.7727,225.5461,64.3632,99.1742,55.6986,131.3884,58.6166,207.0975,136.6267,130.8407,28.126,42.2822,234.749,193.5982,292.0994,106.8457,351.4142,256.7454,223.5064,155.2406,65.3952,124.5656,13.3374,109.0205,25.2401,107.595,308.2564,110.475,94.4759,358.9185,15.0455,117.3102,228.8133,302.4702,60.8229,40.07,21.0784,207.165,71.2024,39.2125,34.047,68.9611,20.0585,30.1896,85.3861,63.6831,55.2745,30.9182,25.196,104.1277,77.9869,45.6883
2021-03-03,118.6741,80.86,150.25,41.5043,228.56,31.7673,195.2653,305.7409,82.6346,319.6252,186.4082,48.2628,63.0892,8.9247,160.62,50.4836,99.6225,293.8391,223.0071,64.156,98.6431,54.4798,131.074,57.0252,204.8558,134.221,133.3701,28.6234,42.1809,228.7789,191.5688,294.101,106.0523,348.925,253.1867,217.476,148.9975,62.7808,122.0565,12.739,107.4152,25.9029,106.9524,299.3109,108.8971,93.6122,354.1644,15.3121,116.0379,217.7333,300.8703,60.1022,41.14,21.1387,206.2817,70.7952,39.4978,33.7103,67.9767,20.3524,30.426,85.4782,62.081,55.0147,30.5353,24.8994,102.8095,76.1548,46.055
2021-03-04,116.7977,77.75,148.8785,39.7592,224.71,31.9952,193.3209,301.1347,83.3605,314.8643,182.307,47.1385,62.4909,8.7487,159.04,49.6785,100.7379,289.323,217.4355,63.9118,98.1548,53.0519,129.5653,56.0215,199.1301,131.5146,131.3205,28.0431,42.1471,227.7857,190.1842,291.8061,105.1861,338.5129,255.3972,216.6828,144.8919,61.716,120.0383,12.3068,108.013,25.7598,106.0753,294.412,107.3658,92.4401,349.7817,15.4187,115.2895,207.1467,301.72,59.4636,43.07,21.2766,203.0653,69.9887,39.0841,33.0548,67.8537,20.8383,30.0805,84.1144,60.7091,54.8155,30.3106,24.8783,101.4273,74.5427,47.8395
2021-03-05,118.0519,78.52,150.023,40.3463,223.22,32.3721,200.0354,299.5113,86.9502,325.9329,184.2073,47.652,62.8954,8.998,159.14,51.5188,103.8651,287.636,219.6798,64.1042,98.0177,55.2438,132.4301,56.8583,203.352,134.1179,131.6257,28.5254,42.8645,229.8462,196.2347,293.6868,105.0484,349.5352,261.9794,221.337,146.2102,61.2052,121.2292,12.3975,111.5343,25.9029,109.4013,298.8461,109.9055,92.7133,356.2165,15.7919,115.514,199.3167,313.7323,60.8138,44.44,21.3542,206.8194,70.7544,39.94,33.8136,69.4438,21.6181,30.6533,86.1049,61.8555,56.0279,30.6602,25.285,103.4595,75.0163,49.6484
2021-03-08,113.1322,73.96,147.5975,37.7569,224.03,32.5474,201.3255,293.9424,87.5485,329.5385,195.7645,46.3684,62.6763,9.2767,157.49,52.6977,99.4289,293.6282,224.4543,63.6379,97.6322,54.4343,133.5258,55.6369,204.3141,135.2348,133.3701,29.1434,43.5819,235.4522,196.339,294.5668,104.0689,359.6566,253.0875,217.3136,141.2477,61.3437,122.3292,11.5337,110.7797,25.8728,110.5562,290.3845,109.7468,92.5635,354.443,15.9892,114.6159,187.6667,316.5072,60.9871,43.5,21.4749,211.4855,71.3654,40.5034,34.267,68.5162,21.6589,31.0444,87.0079,60.3589,56.2703,30.81,25.6409,103.2032,75.1071,49.5995
2021-03-09,117.731,78.53,153.1425,39.7601,230.61,31.8374,196.9825,300.8893,87.3491,328.5975,188.5897,47.3864,63.519,9.218,160.84,52.3814,101.0564,290.4651,229.5927,63.7267,98.0948,56.9992,133.4449,57.4629,208.6107,135.4926,132.4282,29.4901,42.9236,243.49,195.4665,291.1591,104.8541,364.6835,263.4267,223.4204,148.3101,64.0794,123.5929,12.4603,110.8803,25.9481,109.5749,301.8376,111.0913,93.9031,359.5035,15.8026,116.2042,224.5267,318.1432,61.3338,43.11,21.3542,211.5719,71.8378,40.0826,34.4781,69.2829,21.2792,30.7625,86.6485,62.4119,56.2184,31.1595,25.9798,103.8073,77.9438,48.8336
2021-03-10,116.6518,77.52,152.882,39.2214,245.34,32.7578,200.8531,305.6558,88.8408,336.5448,189.123,47.1739,63.7887,9.4674,161.66,54.4709,100.8498,300.5079,232.1475,63.9266,98.3004,56.6172,135.1962,57.4025,212.2348,136.7384,135.3065,29.7765,43.4131,246.5529,194.8406,294.0405,105.348,369.7007,262.5939,222.1207,147.9994,64.4603,125.0838,12.4085,111.9954,26.3096,110.5823,300.976,111.8569,94.9871,361.7413,15.9892,116.4371,222.6867,315.9919,61.7169,43.74,21.3198,214.2699,72.5546,40.7102,35.0483,69.5763,21.8182,31.3899,87.9294,62.1625,56.9545,31.4674,26.1578,104.0453,78.3409,50.3329
2021-03-11,118.5769,81.23,155.6795,40.6645,252.0,32.6439,199.6719,310.2054,88.6972,339.5634,190.7616,48.6611,64.1258,9.394,161.52,53.9917,104.037,300.5782,234.4233,64.1634,98.2662,57.5812,135.6183,58.6093,216.9051,136.7298,134.6,29.2892,42.9404,248.1586,194.613,293.0829,105.4127,372.2964,271.4959,226.622,152.9525,64.8066,128.3566,12.9313,111.6936,26.1439,110.2089,307.9079,112.7906,94.5817,365.4091,15.7493,115.5971,233.2,319.1555,61.8629,44.6,21.2163,217.1311,73.4018,39.5905,35.2369,70.8919,21.8263,31.299,87.9939,63.4912,56.8159,31.9335,26.09,104.677,79.5415,49.9581
2021-03-12,117.6727,81.05,154.4745,40.4386,269.19,33.2575,208.0674,312.5557,88.9924,344.2498,191.1591,47.7936,64.2859,9.8047,161.49,56.8,101.5338,306.4737,238.1291,63.9858,97.5551,57.2084,136.7768,58.2852,218.1847,137.1251,136.1962,29.0151,42.8553,249.2073,197.3348,293.4798,104.1984,370.679,266.0636,225.3032,151.5682,65.5078,127.6839,12.7944,111.5427,26.3172,111.277,305.41,112.6692,95.0135,365.9012,15.8932,113.1441,231.2433,322.938,62.1548,44.35,21.2853,215.4124,74.6318,39.6761,35.3312,70.6931,21.8712,31.6172,89.1734,63.0355,57.2835,32.4828,26.4416,104.9058,79.7759,50.4959
2021-03-15,120.5506,82.5,154.084,42.1954,265.63,33.0909,209.6483,311.961,87.9474,348.7964,190.7712,47.9087,64.3365,9.68,162.2,55.5348,101.7537,304.0487,242.8725,63.9932,97.6751,58.0178,137.4055,58.8367,218.96,137.8296,135.5158,29.3349,43.4255,249.6714,179.3918,298.8457,104.5546,369.7588,271.367,224.4048,153.2726,65.3779,131.7658,13.1281,111.5343,26.6712,111.6417,308.6727,113.799,95.9741,368.0832,15.9572,113.8093,235.98,320.9969,62.5927,44.26,21.3284,214.3659,75.7396,39.6832,35.3716,71.1948,21.6222,31.4354,89.9199,63.7071,57.5347,32.849,26.7806,105.629,80.8475,49.2084
2021-03-16,122.0867,82.75,154.593,42.8595,255.21,32.9945,205.7595,308.8839,85.8654,348.0045,188.328,48.1123,64.4461,9.1594,162.35,54.7489,103.2124,300.2356,245.9592,63.8452,97.6579,58.9182,136.4625,59.0011,215.2984,138.6458,133.8935,29.4948,43.5872,251.3329,181.0419,299.4669,104.4818,370.3594,276.8488,227.1763,152.6605,65.2567,131.5021,13.2276,112.356,26.9875,111.9717,310.367,113.8177,98.1245,367.619,15.9892,113.352,225.6267,321.6501,62.7022,43.83,21.3284,215.7389,75.4301,39.6832,35.0797,71.9425,21.0057,31.108,88.639,64.1868,57.6039,32.849,26.8145,105.5649,80.0103,48.1654
2021-03-17,121.2992,82.63,156.7865,43.3444,263.59,33.2662,212.2741,310.7151,86.1765,353.3524,189.2975,48.1742,64.8253,9.306,163.51,57.5572,103.1296,303.0822,244.1717,63.934,97.4952,59.8278,137.163,59.0592,216.9891,138.1303,135.2716,29.7536,43.6042,250.1819,177.0873,302.8228,104.5789,366.7756,281.5377,226.536,153.1125,63.1617,131.6567,13.2774,112.029,26.9574,111.5201,311.645,113.827,97.349,368.8726,16.0745,112.5037,233.9367,319.4548,62.4194,43.82,21.2249,214.1259,75.4953,39.7617,35.394,71.952,21.169,31.3172,89.6618,64.134,57.5173,32.799,26.3781,105.1804,81.1345,48.3773
2021-03-18,117.1866,78.12,151.3995,41.602,256.06,34.1341,209.5938,304.8536,83.0574,354.4239,186.4276,47.289,64.2354,9.1594,162.56,56.8096,100.1143,305.7621,246.9009,63.4455,96.887,57.9632,136.1033,57.5597,210.3854,137.8725,137.5044,29.647,43.034,248.6505,174.4319,309.2325,103.9798,355.4627,276.1946,220.496,147.9523,61.5775,130.1566,12.6616,111.1151,26.9423,111.7633,302.0991,112.165,94.8461,363.5055,15.9999,111.3644,217.72,328.4077,61.9724,40.47,21.3542,211.86,74.7296,40.1611,35.1965,70.7594,20.2177,31.4808,89.5789,62.3544,57.2835,32.591,26.2806,104.9607,79.1493,46.2913
2021-03-19,116.6615,79.06,153.748,42.8585,255.82,33.7747,204.6965,310.4507,82.4671,347.0356,185.3223,47.8733,64.4124,9.4087,163.24,57.3368,100.3927,302.4232,252.0802,63.6897,96.827,57.9905,135.5734,57.7266,211.9733,137.5031,135.3152,29.7993,43.2383,249.7828,174.7733,306.3166,104.1336,345.3026,287.5846,220.1424,149.3365,61.3264,124.9929,12.7842,112.7668,26.7616,111.1641,303.164,111.7729,93.718,362.833,15.8666,112.0546,218.29,331.6097,61.8355,41.77,21.3629,198.6487,73.7113,40.1111,35.0214,71.3746,20.2218,31.1171,88.897,62.1673,57.4827,32.1582,26.3527,105.3361,79.6229,46.0305
2021-03-22,119.9672,80.3,155.5435,42.9326,251.23,33.012,205.3597,315.7176,81.797,346.2064,186.99,47.7316,64.4714,9.4234,163.0,55.6882,100.5774,298.1444,251.9408,63.9192,97.144,59.6913,135.5555,58.5851,210.3761,137.8983,131.678,30.1114,43.4,250.9337,176.2433,308.551,104.506,347.1332,290.9846,225.5325,151.4458,62.0623,125.702,13.1231,115.5336,27.1156,113.0485,308.8493,112.7719,94.802,365.7301,15.9892,113.3103,223.3333,332.7707,62.392,41.71,21.3198,199.7049,74.2327,40.3608,35.043,71.9748,20.0279,30.7161,88.8471,63.3897,58.0895,32.5129,26.3147,106.2528,80.147,45.5579
2021-03-23,119.1408,78.38,156.875,41.9191,241.25,32.3458,198.3,321.2394,81.3423,333.0696,182.9856,46.8198,63.578,8.954,161.81,53.8287,101.1044,291.502,252.8476,63.9858,97.6237,57.7359,133.6335,58.3844,202.7449,137.7694,130.3611,29.6318,43.7319,248.6319,174.1948,305.0571,104.8137,344.1017,288.1,227.052,150.6548,64.0794,124.6565,13.0082,116.9254,26.6335,115.1501,307.502,112.0156,93.6387,362.8515,15.9945,114.3332,220.72,334.2584,62.3282,39.37,21.4491,199.8489,74.1268,40.589,34.3126,71.4438,19.7349,30.2869,87.2942,62.9956,58.3333,32.6138,26.7074,105.1781,79.3948,44.9957
2021-03-24,116.7588,76.48,154.3535,41.3057,239.24,32.3458,201.0076,319.0684,83.5201,336.2559,179.0977,45.7487,63.2578,8.9027,162.37,53.4933,100.6686,288.7607,255.2629,64.0228,97.7522,56.4262,133.6425,57.5693,198.0559,139.1098,131.3728,29.1065,43.8425,250.3861,170.866,307.2224,105.1294,348.3439,279.6839,225.026,146.9259,63.0492,121.0565,12.5825,116.3804,26.8218,115.1153,302.3159,111.5768,92.5106,361.007,15.9892,114.9485,210.09,336.1632,62.2005,41.45,21.5008,199.7721,73.7113,40.6603,34.5605,69.6423,20.2301,30.3965,87.932,62.2313,58.1069,32.4709,26.7159,105.0586,78.2209,45.9083
2021-03-25,117.2449,76.22,152.313,41.7059,247.19,33.012,203.7515,326.9025,83.8152,341.7436,181.2211,45.9612,63.7297,9.0347,161.78,54.2505,100.6651,290.43,259.1257,64.1338,97.6237,56.408,135.2784,57.5287,202.7518,139.1613,133.0562,29.845,44.268,253.7367,173.6352,311.6222,105.008,347.0944,276.3136,222.0442,146.6451,63.5859,116.9473,12.4752,117.0679,26.867,115.9143,301.7923,112.0551,94.6081,363.0379,16.0372,114.0422,213.4633,336.6076,62.598,39.89,21.5611,199.6761,74.4619,40.9242,35.061,69.301,20.3043,30.9079,89.337,62.1928,58.6729,32.7483,27.0019,105.4996,78.9061,45.7779
2021-03-26,117.8477,77.41,152.6015,43.5432,244.87,33.9061,208.5216,332.2638,85.7377,346.8586,180.2612,47.1562,64.5556,9.02,162.24,54.1738,100.2822,287.6536,264.9066,64.3262,97.2981,59.0001,137.5239,58.4539,206.4482,141.7045,135.2716,30.4769,45.136,261.1805,175.7406,314.633,104.9351,354.6299,280.5563,226.0008,149.255,64.114,120.9019,12.7778,119.6418,27.3039,117.625,306.3193,114.4375,96.8554,368.8882,16.1598,113.643,206.2367,341.4969,63.6605,41.53,21.5353,205.0143,76.0678,41.4948,35.9312,68.5425,20.8077,31.392,90.8806,63.7743,59.7089,33.5468,27.0915,107.4929,79.5625,47.0246
2021-03-29,118.0227,77.14,153.7865,42.6923,250.52,33.5818,209.1758,336.162,85.291,342.8337,179.2237,46.8287,64.3028,8.91,160.31,53.6179,101.3253,286.1951,263.5029,64.3632,96.9641,58.6636,136.9287,58.403,200.6369,142.6582,133.1695,31.0479,45.8253,260.8093,176.7175,321.6035,104.6841,351.5014,288.2884,224.8157,148.2657,64.7546,121.3565,12.8862,121.4108,27.5826,119.466,306.232,114.5782,96.1768,368.7019,16.2931,112.6784,203.7633,343.8371,64.0086,41.92,21.587,205.9553,75.6253,41.9584,35.8095,69.2441,20.5601,31.118,90.8991,63.4426,60.3097,33.4712,27.3818,107.9981,79.1265,46.772
2021-03-30,116.5741,76.0,152.7645,41.2055,252.01,34.1779,211.7744,330.1212,84.5013,349.2314,179.8831,46.9792,64.2185,9.1374,157.57,56.0812,101.359,291.7129,265.7873,64.2078,96.8784,57.9996,137.1812,58.1124,204.0151,141.7732,134.7395,30.6672,45.2296,259.1942,175.9208,319.6625,105.008,346.9395,285.493,221.576,148.4635,64.2525,120.8656,12.8101,119.5076,27.1984,117.625,304.6907,113.9216,97.1815,367.7238,16.3837,113.2688,211.8733,338.8482,63.4499,41.17,21.6732,203.4493,75.7236,41.7872,35.7058,69.2441,20.3827,31.3372,91.2966,62.8417,59.6654,33.3283,27.1342,107.0244,79.9027,46.1935
2021-03-31,118.7616,78.5,154.704,41.883,254.72,33.9149,210.675,332.6979,83.5919,349.4369,178.9038,47.2182,63.9404,8.9834,159.96,55.0748,102.1539,287.3109,266.1623,64.5186,96.7413,58.2088,136.6672,58.8681,206.7571,141.2061,132.7771,30.4541,44.8552,260.011,177.1727,318.7653,105.2832,344.8571,291.9661,225.3223,151.5634,65.4559,120.8111,13.2843,118.5938,27.2888,117.6076,309.3534,114.2218,96.3002,369.2143,16.1385,112.6368,222.6433,337.4966,63.3766,40.53,21.656,203.2861,75.2648,41.4734,35.5299,69.5191,20.2424,31.0997,91.0008,63.8416,59.4739,33.1938,27.3348,107.2357,80.5255,45.4927
2021-04-01,119.5881,81.09,158.05,42.9931,252.96,34.6162,211.4655,335.0199,84.3577,347.5502,183.2183,47.6785,64.7748,8.9247,161.98,55.4006,105.4852,287.8733,268.3421,64.6553,97.1699,58.709,137.8485,59.7982,209.3773,139.9002,134.0679,30.4769,44.6849,260.6607,175.6743,320.0766,105.9434,351.8791,296.0601,231.6107,153.966,65.5944,120.4838,13.7456,118.4512,27.3415,116.609,314.6267,115.4505,96.3972,373.2014,16.2451,114.5063,220.5833,332.9612,63.862,41.84,21.5611,208.2115,76.6331,41.5804,35.8411,70.7138,20.7582,31.4834,91.3058,65.1251,59.1866,33.7233,27.3092,106.9142,81.1723,46.7639
2021-04-05,122.4076,81.43,161.3365,44.125,259.36,34.8879,212.3468,340.5699,83.3685,350.0626,182.7626,47.8644,65.7187,9.3134,161.92,58.5062,109.9022,284.2708,275.0125,64.685,96.8956,60.519,139.0659,60.8325,210.5284,140.4157,134.7786,30.6901,44.9403,264.893,175.3423,326.7453,105.4243,356.7414,306.2209,238.0329,156.1519,66.4687,122.8383,13.9205,120.0275,27.3265,118.4934,320.9082,116.8761,97.8425,378.558,16.3731,114.0066,230.35,335.7823,64.6131,40.28,21.4922,210.3046,76.9281,41.9869,36.2829,72.2024,20.2631,31.73,92.4335,66.471,59.944,33.8999,27.608,107.6582,83.0169,46.0387
2021-04-06,122.709,81.44,161.191,43.7086,255.17,34.7915,209.5574,339.9092,82.6266,350.8098,183.9552,48.13,65.0192,9.4747,163.22,59.3688,109.4218,287.3636,273.6,64.7963,97.3671,59.6277,139.1651,60.8736,209.9108,140.3813,133.831,30.987,45.2636,263.6957,173.3602,326.935,106.13,357.952,303.594,236.8765,157.1036,67.144,124.6929,13.7951,120.4551,27.1532,118.5368,320.6853,116.8574,99.7197,378.3345,16.517,114.781,230.54,330.5122,64.5948,40.7,21.4404,209.9301,77.1247,42.1581,36.3641,72.3825,20.2094,31.666,92.2117,66.1874,60.1965,33.9839,27.7531,107.2449,83.3763,45.9083
2021-04-07,124.3521,82.2,163.9695,43.5812,252.58,35.107,209.3485,338.6727,83.1133,350.044,181.8513,47.4218,65.154,9.3354,162.76,58.3049,110.8962,286.9155,272.4577,64.7741,97.3071,60.2552,138.8856,61.0141,206.5231,140.5704,135.9279,30.9413,45.3402,261.134,172.9051,327.9875,105.9191,359.4145,310.3645,238.8261,157.0188,67.0141,124.1292,14.0758,120.2371,27.0478,118.7452,321.4608,116.8199,99.755,378.7724,16.4904,113.9816,223.6567,331.6642,64.4482,40.86,21.4663,210.5254,77.1821,42.0796,35.7374,72.9419,20.2796,31.8213,91.7865,66.5383,60.0485,34.0259,27.719,107.006,83.1272,46.112
2021-04-08,126.7439,83.35,164.965,43.854,254.95,34.8002,209.412,340.9474,82.1799,349.3714,181.6186,47.8113,65.5248,9.174,164.51,57.5956,111.4609,290.9484,274.1667,64.7963,97.6414,60.9828,138.9487,61.6681,208.2731,140.0204,136.0947,31.0708,45.204,261.923,173.18,333.0169,106.3085,366.2996,310.2951,242.0277,159.4874,67.3171,121.5292,14.2484,119.5076,27.0854,119.1968,324.8148,117.2888,99.6228,380.5703,16.3587,114.9225,227.9333,330.9839,64.5674,40.82,21.3715,211.8984,76.8953,41.5231,35.7824,72.9514,20.0155,31.8304,92.0083,67.4997,60.1094,33.8578,27.6976,107.1714,83.52,45.6312
2021-04-09,129.3107,82.76,168.61,43.8188,252.36,35.0545,209.6573,342.8259,82.1002,352.108,182.1712,47.4041,65.7271,9.174,163.27,57.6627,112.4633,290.6585,278.3521,64.7518,97.3842,62.0833,139.625,62.1986,208.3011,138.5427,137.1123,30.5607,45.2551,264.3361,174.963,333.1982,106.0895,368.5686,309.74,244.5125,160.5238,67.4729,123.1384,14.331,119.5328,27.5675,118.424,326.7825,118.2174,99.7461,383.3371,16.3805,114.5063,225.6733,341.3335,64.8238,40.64,21.3887,213.6458,76.8052,41.4438,36.0936,72.9324,19.8835,32.1045,92.9049,68.1486,60.005,33.9083,27.6677,108.3472,84.3154,45.5253
2021-04-12,127.5995,78.58,168.9695,43.6905,249.52,35.1158,209.8209,344.3359,81.1908,353.2849,180.8138,47.1208,65.3647,9.0787,162.28,57.1834,111.1731,291.5635,279.7123,64.685,97.3242,59.4912,139.7333,62.2349,207.487,138.8778,136.8228,30.987,45.3998,264.9209,172.4309,334.5957,106.0652,368.3359,308.828,244.5698,161.2681,67.2132,124.2202,15.1362,119.9101,27.8462,118.9016,326.356,118.0673,100.3014,383.4769,16.3369,114.4563,233.9933,341.3155,64.8971,40.9,21.3801,212.6377,77.2558,41.4798,36.2198,72.6385,19.7267,32.2414,93.2469,67.8218,60.3271,34.11,27.6934,108.4574,84.8568,45.2238
2021-04-13,130.7009,80.19,170.0,43.807,253.27,34.4672,208.3853,344.7136,81.5577,353.6679,179.8443,47.3156,65.7439,8.9467,163.43,56.062,111.659,287.9084,279.3723,64.7295,97.7271,59.3184,139.3274,62.8792,206.9442,137.0219,135.1909,31.1545,45.1785,265.7191,173.1042,333.9573,106.5356,366.6776,307.0635,247.0354,164.434,68.4252,121.402,15.6044,119.9352,27.9893,117.3298,330.1658,118.0954,101.6674,384.6134,16.1569,115.314,254.1067,339.7009,65.0986,41.4,21.3025,212.2057,77.6409,41.5375,36.1341,72.7333,19.7473,31.94,92.794,68.4611,60.005,34.3117,28.022,108.9075,85.7527,45.3949
2021-04-14,128.3676,78.55,166.65,43.1151,252.43,34.958,211.3201,342.788,83.1771,356.3109,181.7543,47.5546,65.7945,8.976,162.72,56.0524,111.0389,294.6475,279.0409,64.6998,97.6071,58.3816,139.8324,62.2349,208.9843,137.4,132.6642,30.6596,45.17,264.5682,173.5499,335.3032,106.3896,366.862,300.1839,244.264,161.9936,68.5031,120.2383,15.2038,119.1471,27.9968,117.7553,326.2009,117.8141,101.4911,383.2998,16.2114,114.9476,244.0767,340.7259,65.0253,43.04,21.2766,213.1273,77.2312,41.5952,36.3957,71.9843,20.2961,32.1318,92.9142,67.7352,59.9527,34.1016,28.1458,108.8984,84.9095,46.7068
2021-04-15,130.769,83.01,168.9545,43.359,251.11,33.9587,211.2655,348.1021,82.499,356.9087,180.2709,47.9883,66.3423,8.976,165.35,56.177,113.1855,297.459,281.4126,64.9597,98.2328,59.1365,140.5809,63.2425,209.892,137.8038,133.5064,31.2535,45.3828,267.2784,176.3191,336.994,107.0467,374.7845,305.1404,248.0007,165.3573,69.4121,121.5202,16.06,119.3148,28.3207,119.1795,331.1447,119.1084,102.8131,387.4174,16.2223,116.8711,246.2833,353.7697,65.7764,43.27,21.2766,217.2559,78.5832,41.5952,36.824,72.904,20.131,32.1045,93.2839,68.8985,60.4316,34.7488,28.4574,110.7631,85.518,46.4298
2021-04-16,130.4384,82.15,169.972,43.2497,248.18,34.3181,212.0288,349.9143,82.1321,357.7772,181.5604,48.1123,66.8227,8.9687,166.35,56.2729,113.0616,300.7627,286.0688,64.8261,97.9671,58.8909,141.2753,63.3176,210.2289,139.3933,134.4978,31.2154,45.6806,269.1253,179.4772,338.0119,106.3166,374.4742,303.5147,249.1857,164.858,70.07,122.102,15.8363,120.8659,29.0513,119.1882,331.5324,119.6712,104.2937,388.7123,16.3314,115.9635,246.5933,354.6767,66.1337,43.18,21.2508,217.3807,78.7552,42.0133,37.2704,72.8566,19.9701,32.3328,93.4873,68.8841,60.7798,34.7993,28.6879,111.5898,86.1791,46.169
2021-04-19,131.0996,81.11,168.6005,41.733,244.15,34.3357,211.1475,348.81,82.3714,355.5823,181.7252,47.9352,66.7047,8.8807,165.89,55.4773,113.4088,301.448,284.9964,64.7221,97.8642,57.8723,140.7974,62.8089,207.4963,139.7799,133.9276,31.1773,45.9529,267.7239,179.847,337.943,106.0408,370.5856,299.609,247.2744,162.5683,69.0745,120.5201,15.2882,121.3606,29.3225,118.6323,328.4985,119.146,103.6415,386.8026,16.3532,115.6304,238.21,353.6154,65.9322,43.32,21.1301,216.7854,78.9109,42.0926,37.099,72.4489,19.9495,32.2414,93.099,68.3121,60.5448,34.9085,28.5428,111.6173,85.2113,46.0224
2021-04-20,129.4176,79.27,166.7345,41.3048,234.06,33.3802,206.8226,350.8677,80.8318,345.8224,177.2264,47.5457,65.508,8.3967,166.48,53.4549,112.8764,291.5986,282.4764,64.6107,98.1557,57.0264,139.5078,62.4335,203.2478,143.0362,130.9621,31.2383,46.0976,265.3014,180.7669,334.1471,106.2436,365.2231,300.0154,246.8156,161.042,69.7151,115.5564,15.0986,122.1654,29.3978,119.6224,326.104,118.3768,102.4694,383.9706,16.2987,116.1633,239.6633,359.6838,66.1245,42.74,21.1646,214.3756,79.5582,42.0926,36.7428,72.0601,19.4214,31.6386,92.073,67.7064,60.8756,35.2952,28.9056,112.0491,84.1381,45.0527
2021-04-21,129.7968,81.61,168.101,41.5334,235.92,33.9412,211.2111,353.0952,81.9486,350.8005,177.5367,47.8379,66.1822,8.602,168.13,55.1035,112.8437,294.5771,284.2116,64.8261,98.2071,57.936,141.0679,62.9446,208.2169,143.1307,132.0763,31.657,46.472,270.9909,181.0894,334.0695,106.6086,371.4972,298.8457,249.0328,162.4082,67.4989,118.0928,15.2869,123.2302,29.7744,118.8408,328.8958,119.493,102.8836,387.6037,16.4186,116.3965,248.04,361.7519,66.4085,41.77,21.1387,218.3792,80.0826,41.9123,37.4102,72.1834,19.6689,32.077,93.3301,68.389,61.1803,35.4549,28.6623,113.3718,85.2592,45.6312
2021-04-22,128.28,79.06,165.452,41.1106,234.33,33.6256,207.9674,350.424,80.5287,344.0385,177.1974,47.6697,65.9631,8.756,167.04,54.308,111.5644,290.6937,280.2966,64.7072,98.2842,56.9082,140.0579,62.402,207.356,141.9193,129.2952,31.1926,46.3273,267.956,177.3908,327.9012,106.7141,371.7493,293.9387,245.774,161.3153,67.8019,117.4382,14.7791,122.4673,29.104,117.6609,324.9312,118.6113,102.1609,384.0637,17.1003,116.9044,239.8967,359.6928,66.0421,42.09,21.1991,218.4944,79.6483,41.2924,36.7789,71.6524,19.4379,31.7208,92.8587,67.5862,60.7276,35.3036,28.4574,112.8666,84.3154,45.0364
2021-04-23,130.594,82.76,167.044,42.1061,238.38,34.3444,210.021,352.3306,81.0073,351.4262,177.4494,48.3601,66.6373,8.9614,166.4,55.1419,113.9125,298.1619,282.4153,64.878,98.1557,53.8795,141.4286,63.2013,211.2676,142.2114,131.7693,30.7662,46.3529,270.6476,178.9745,325.4857,106.8033,375.3373,298.5087,249.5776,163.8969,67.7327,118.3564,15.1921,122.266,29.1191,117.0579,329.0218,119.6431,103.6063,388.2279,17.1221,116.6296,243.1333,363.1125,66.3443,42.46,21.0784,220.8275,80.1153,41.3068,37.3831,72.4868,19.6153,32.3145,93.8755,68.5957,60.5709,35.5053,28.419,113.6107,85.1969,45.2809
2021-04-26,130.9829,85.41,170.45,42.6228,241.44,34.546,210.4317,347.8377,80.9834,355.3303,178.6614,48.4221,66.6878,8.998,166.84,55.7936,114.4078,301.8258,279.0148,64.8483,98.0528,53.443,141.5008,63.538,213.4668,141.0085,132.0939,30.553,45.6636,268.717,177.552,320.9048,106.7546,375.7349,300.402,249.9598,165.461,67.4643,119.6383,15.4039,120.1951,29.1342,114.7157,331.1642,119.6243,102.1609,389.0383,16.8549,116.4631,246.0667,359.076,66.0329,42.33,21.0784,221.154,80.3529,41.0473,37.604,72.6385,19.7473,32.4424,93.5982,68.9466,59.8918,35.581,28.2568,113.2249,85.5706,45.3705
2021-04-27,130.6621,85.21,170.8715,42.1259,242.47,34.958,210.2309,349.4329,81.9247,357.1141,179.0202,48.3956,66.4687,9.1594,166.42,56.5221,113.4693,304.5583,279.5379,64.7592,97.6671,52.7244,141.7533,63.3564,213.785,140.2009,132.6993,30.5302,45.5955,269.3574,172.8007,321.9745,106.276,377.2863,300.9274,250.3613,164.9145,66.9016,120.1019,15.3081,119.8011,28.9609,114.6458,329.7295,119.5305,102.3636,388.9546,16.7785,115.4472,234.9133,357.8424,65.8772,43.11,21.087,220.7411,80.3448,40.6003,37.5048,72.3446,19.9866,32.6981,94.3746,68.7784,59.8482,35.581,28.0391,112.5727,85.47,45.9653
2021-04-28,129.8746,84.02,172.925,41.4801,235.46,35.0895,212.0198,348.8477,83.9349,354.7231,177.8082,48.7585,66.6373,9.1154,166.91,56.1195,116.8402,305.8587,278.7706,64.8854,97.7957,52.4061,141.9877,63.1674,214.1499,139.1699,133.5591,30.5454,45.604,266.508,171.2264,321.7329,106.2922,383.667,304.4266,243.2796,164.2738,66.7371,118.8292,15.2036,118.9124,29.2321,114.8381,328.6147,119.4742,99.0587,388.8427,16.8821,115.5221,231.4667,357.9241,65.7031,43.53,21.0094,224.1399,80.1727,40.6796,37.6086,73.0083,20.6757,32.826,94.1805,68.139,59.8918,35.4549,28.0007,112.2328,85.3694,47.3506
2021-04-29,129.7773,83.91,173.5655,42.1205,235.94,36.0362,207.6114,353.3312,85.275,351.5384,179.6891,48.6434,66.6625,8.2574,166.22,54.2217,118.5103,310.1288,283.6797,64.9597,97.6242,53.0064,143.1781,63.2982,213.3545,141.0773,136.156,31.7369,46.1742,268.5499,172.7912,328.1255,106.1625,377.17,326.6416,241.3204,163.5577,66.8496,121.1474,15.2514,120.6814,29.0739,115.8081,329.7972,120.5904,101.024,391.3207,17.0893,115.1808,225.6667,364.2373,66.0329,44.26,21.018,227.4139,80.8609,41.3212,37.843,75.0279,20.9067,33.4105,94.846,68.0814,60.5273,35.7155,28.2568,111.7827,85.3934,48.0269
2021-04-30,127.8133,81.62,173.371,41.2091,234.31,35.5278,208.1955,351.9598,82.2198,346.3641,180.3581,47.7847,65.8282,8.4627,165.66,54.8447,116.5658,306.1575,282.2236,64.93,97.7099,52.3243,142.0779,62.9131,210.4535,139.8143,134.9453,31.4362,45.9359,265.3014,173.3318,328.3067,106.3815,370.4887,322.2501,241.0051,162.2575,67.1007,120.5656,14.9376,120.8659,29.1116,116.6034,327.6357,119.7087,100.9006,388.7495,17.1275,115.4472,236.48,361.7429,65.9047,43.27,21.1904,224.2455,81.1805,41.66,37.4417,74.0039,20.3786,33.1183,94.2175,67.1536,60.5796,35.9508,28.4787,111.452,85.7239,46.6417
2021-05-03,128.8634,78.55,169.3245,40.6617,235.19,35.5541,208.2503,358.7986,84.1822,349.0913,179.8637,47.7847,66.553,8.5287,167.81,54.7776,116.0497,307.6599,287.9784,64.9554,97.8764,52.0787,142.9888,62.6757,211.4829,141.945,134.5505,31.9692,46.3614,267.956,176.3191,332.4043,106.6375,367.9093,319.7719,240.6992,161.1456,66.3995,120.9383,14.7657,122.2325,30.0004,117.9843,325.8907,120.2808,101.9846,389.588,17.1766,115.5164,228.3,368.1831,66.3077,43.98,21.0956,223.3334,81.0248,41.7538,38.0008,73.6151,20.9397,33.2827,95.188,66.9661,61.0759,35.7575,28.4745,112.7197,85.3167,47.9291
2021-05-04,124.3035,78.61,165.5935,40.1558,233.63,35.9398,213.0329,354.9866,84.6448,354.5177,178.642,47.2447,65.567,8.3674,166.58,53.0428,114.2543,307.3788,290.1584,64.9181,98.005,51.7513,143.115,61.7456,208.9562,144.1445,136.4104,32.2509,46.072,262.6654,178.4814,334.2766,106.7025,364.5249,315.5886,236.8096,157.9986,65.5251,119.5929,14.2825,120.6982,30.0907,117.5823,320.0262,119.7368,100.5658,387.1845,17.4601,116.3003,224.5333,373.1176,66.0421,44.87,21.1904,222.7765,80.5004,42.244,38.4156,72.9514,20.9521,33.5475,95.604,65.7644,60.7624,35.539,28.3678,112.8391,84.4256,48.2306
2021-05-05,124.5466,77.83,163.527,40.0917,228.18,36.2817,217.1127,352.3475,86.9183,353.8453,175.9854,47.4661,66.4603,8.514,167.27,55.1898,114.6475,314.2144,289.5304,65.0448,98.1251,51.7058,143.611,61.4525,208.1233,143.5431,138.2002,32.3346,45.9529,270.6568,182.8533,333.319,106.8326,357.96,312.2777,235.5481,157.1413,63.8716,120.1928,14.3893,120.6395,30.1058,116.6384,318.9501,119.6618,100.0105,387.3056,17.4656,116.4921,223.6467,374.1698,65.9871,44.66,21.1818,220.069,79.1649,42.3088,38.9026,72.8092,21.6288,33.8215,95.6964,65.6057,60.7189,35.0178,27.8897,113.0411,84.162,49.681
2021-05-06,126.1411,77.89,165.3185,40.5208,229.81,36.8252,216.3733,362.0526,86.9662,364.1657,176.2569,47.9175,67.0081,8.6094,170.06,56.2825,115.7659,321.551,294.3523,65.0224,98.168,52.3354,144.7923,61.7747,208.3011,144.1188,140.9815,32.8295,46.4124,275.1027,183.8776,334.1557,107.0357,364.108,317.2342,238.6636,157.3863,64.0707,121.3565,14.4535,122.0396,29.8092,118.1067,321.3541,120.5622,101.121,390.3985,17.6728,116.6839,221.18,376.4103,66.5,44.41,21.0784,222.0949,79.6073,42.7414,39.2317,73.6625,21.7402,34.3239,96.3619,66.2643,61.5025,35.1859,28.1031,113.1881,84.3441,50.1536
2021-05-07,126.8131,78.81,164.5805,40.8821,235.47,36.9742,219.9511,363.5281,87.7639,368.191,179.2141,48.4133,67.7666,8.668,171.59,56.5413,116.488,325.8738,295.8085,65.0671,98.2023,52.7747,145.8925,62.2349,210.9214,144.7718,141.464,33.1036,46.3869,277.4509,185.3286,336.7438,107.0764,364.0304,316.3024,241.2727,158.9691,64.5209,125.2839,14.7413,122.0396,30.1058,118.1154,323.9617,121.4908,100.7684,393.2398,17.5365,116.1085,224.1233,378.8413,66.7932,44.43,20.9232,222.863,80.6561,42.3305,39.6195,74.2219,22.128,34.5066,97.3787,66.8315,61.5025,35.6146,28.1885,113.9689,85.1011,50.8707
2021-05-10,123.5407,75.99,159.5245,39.3934,232.93,36.8602,221.4297,360.8418,87.4049,365.5573,178.6905,47.5457,67.4042,8.5874,172.11,55.0268,113.5074,323.932,297.439,64.9181,98.005,51.219,145.7302,60.9947,205.5592,146.2925,141.4465,33.2102,46.7273,279.3814,184.7026,339.1594,106.4993,355.2448,303.3065,236.2267,154.9271,64.7546,124.002,14.1974,123.0122,30.3188,120.3177,315.7803,120.3934,100.7332,389.3459,17.7928,114.9327,209.68,381.7802,66.8939,44.48,20.9232,216.9582,80.6315,42.9072,39.4437,72.7997,22.1363,34.4792,97.4711,65.1443,61.9726,35.7743,28.4745,114.1159,83.5871,50.9929
2021-05-11,122.6253,76.83,161.1955,39.7521,228.88,36.4395,218.4087,357.7202,85.1155,357.8987,176.1405,47.4129,66.5193,8.492,172.14,53.4166,112.4331,316.2353,288.3185,64.851,97.842,50.3679,143.8635,60.7598,204.9041,145.0983,139.0952,32.9323,46.2252,277.1539,184.6932,334.5699,106.1092,356.4763,303.8616,235.3187,155.2475,64.1227,124.6565,14.2377,122.1151,29.9309,119.7235,315.3441,119.3617,100.0722,385.871,17.591,114.2822,205.7333,373.4442,66.2436,44.87,20.9059,216.4878,79.6155,42.2007,39.5744,72.5911,21.5669,33.8672,96.0291,64.9472,61.4328,35.354,28.1245,112.885,82.6432,49.3714
2021-05-12,119.5672,74.64,157.597,38.1541,220.78,36.0976,216.6015,352.0638,85.65,348.9605,172.4368,46.1028,65.4574,8.3087,170.43,51.5284,108.9755,311.3853,276.4077,64.5381,97.3703,49.0684,141.086,59.2411,198.2506,144.514,138.1389,32.6772,45.987,272.8566,183.2232,328.3584,105.5322,345.8192,299.9163,228.4091,150.461,61.9324,121.2656,13.6926,120.9245,30.1895,118.4562,307.182,116.7261,97.1435,377.673,17.4329,113.0814,196.63,367.7023,65.1536,45.22,21.0611,211.8312,77.5999,42.107,38.5779,71.1689,21.6701,33.5201,93.7276,63.1205,60.6144,34.4967,27.4671,111.8194,79.8452,49.6359
2021-05-13,121.7098,73.09,158.0735,38.8966,222.64,36.6761,219.1114,358.9973,85.0995,353.1447,172.9119,46.0408,65.9462,8.47,171.13,52.3335,110.4015,315.26,283.7495,64.7691,97.6962,49.4253,143.0699,59.7812,201.9003,146.0262,141.6921,33.3624,46.3869,276.5412,185.6903,334.5267,105.9305,349.1161,302.6027,232.2605,150.9039,62.8761,121.4656,13.5998,122.7187,30.5013,120.3615,309.557,118.3674,97.7628,382.2099,17.5637,113.2564,190.5633,370.596,65.9871,43.81,21.0266,215.1292,78.6077,42.3953,39.1686,71.6809,21.406,34.059,95.4838,63.957,61.4676,34.9338,27.9964,112.8299,80.4105,49.0242
2021-05-14,124.1251,74.59,161.145,39.8921,228.47,37.132,221.0828,363.6227,87.3251,358.6458,168.4131,46.873,67.0502,8.6827,172.69,53.6754,112.8452,324.0111,282.1887,64.9777,97.9107,50.6516,144.9547,60.9027,206.832,146.2495,143.8942,33.2939,46.5741,279.5299,186.9001,337.1234,106.5075,352.8884,313.1897,237.1537,154.4466,63.3003,123.5747,14.1748,122.9032,30.4405,120.6149,316.3911,120.0276,98.391,388.0788,17.5801,114.3155,196.58,371.7207,66.5367,44.71,20.9404,218.206,79.5418,42.3088,39.6375,73.0936,22.0703,34.5979,96.8056,65.3654,61.7375,35.2616,28.133,113.3994,81.8048,50.2394
2021-05-17,122.9759,74.65,163.5195,39.7403,227.98,37.4651,223.4194,363.1876,88.3941,358.2256,164.9033,46.8287,66.9238,8.91,174.7,53.7137,113.3672,324.4329,279.0322,64.8585,97.8163,50.6333,144.8104,60.6145,207.1127,146.3956,144.4733,33.3472,46.4975,279.2607,186.2523,337.4167,106.3855,352.2968,312.7138,234.3153,153.4572,62.2441,124.0111,14.0977,122.5511,30.5089,120.3702,314.4716,119.493,98.1964,387.0914,17.1057,114.0737,192.2767,370.6595,66.2711,45.39,20.9146,217.7253,79.6237,41.7682,39.9847,72.5153,22.5819,34.6618,96.5098,64.8847,61.6505,35.2784,27.9025,113.1881,81.6563,51.4134
2021-05-18,121.5929,74.44,161.614,39.1803,227.55,36.9566,218.5638,362.0998,85.7375,345.2807,164.5155,47.4572,67.0671,8.9027,175.04,53.5699,112.0572,320.3121,276.1897,64.702,97.8163,50.1849,143.4847,60.2754,205.5405,146.4471,142.4379,33.2596,46.2422,276.5876,185.395,334.0522,106.0361,352.0739,307.2617,232.3083,152.6941,62.5817,123.2383,13.9486,121.9977,30.4633,119.1379,312.3487,118.5081,98.276,383.7563,16.1133,113.7818,192.6233,372.2468,65.9779,44.84,20.8197,216.8888,79.6401,41.2203,39.5429,71.7757,22.0579,34.1777,95.1048,64.3655,61.4589,35.3456,27.8982,113.2249,81.019,49.9583
2021-05-19,121.4371,76.23,161.59,39.9011,224.42,36.7901,216.1908,359.1201,83.3312,334.7548,164.118,47.3156,66.4771,8.8807,175.16,53.2249,112.5044,314.8823,274.1842,64.5307,97.5247,50.6607,142.646,60.2681,203.959,146.1293,141.3499,33.1721,46.0976,274.7963,187.1858,332.6029,105.8491,350.0472,310.8602,232.8831,152.7318,62.902,120.8747,13.9984,121.9307,30.296,119.3827,312.7073,118.3393,97.0373,382.7502,15.7916,113.5067,187.82,371.4487,65.7031,43.43,20.9146,215.9465,79.3861,41.0329,38.9387,71.8895,21.5091,33.9677,94.5687,64.5915,61.2587,35.2111,27.8513,113.032,80.3387,48.7596
2021-05-20,123.9887,78.06,162.384,41.1007,227.65,36.7024,214.4749,362.8281,83.6219,331.7661,166.1443,47.59,67.3536,9.1594,175.96,53.2057,114.2602,316.1123,275.4485,64.8064,97.9278,51.2006,143.4126,61.2951,205.3159,146.9798,141.1043,33.4005,46.5061,276.7084,190.0625,335.0012,106.5725,356.5636,315.8365,236.1016,156.1331,64.3131,121.1565,14.5425,123.4398,30.5165,120.6062,318.7563,119.6993,98.5769,386.8678,16.1624,114.4406,195.5933,370.6686,66.4817,42.48,20.8111,217.7253,80.2792,40.9392,38.9612,73.1221,21.4761,33.9859,94.7813,65.8269,61.8246,35.6482,28.0946,114.2169,81.1628,48.6439
2021-05-21,122.1578,77.17,160.154,40.761,234.82,37.167,216.5285,360.1228,84.0741,335.997,167.1527,47.0411,67.4463,9.7754,176.04,54.3655,113.6253,321.8058,275.3351,64.9032,97.9621,51.3196,143.9356,61.0069,205.8493,146.8853,142.7099,33.5984,46.4805,277.1167,190.3959,334.0522,106.6456,356.4666,313.4772,234.8467,155.5207,64.443,120.602,14.92,123.3308,30.3872,120.6062,316.992,119.5211,98.1433,386.5511,16.3641,114.8075,193.6267,373.3807,66.381,43.7,20.8801,218.0426,80.1973,41.0257,39.0469,72.8756,21.5215,34.3239,95.2435,65.4663,61.8333,35.5894,28.2397,114.2353,80.7555,48.71
2021-05-24,123.7842,77.44,162.2495,41.4792,237.44,37.3686,218.1805,362.7052,85.2692,335.6327,169.0046,47.4307,67.8593,9.5774,176.35,54.2505,116.9392,323.5894,274.5242,64.9777,98.0565,52.1249,144.7653,61.8522,207.1875,147.4473,143.482,33.8954,46.6337,279.6227,191.4818,334.4749,106.9382,361.1019,321.804,240.2206,158.1965,64.088,121.8747,15.5372,123.9596,30.2808,120.5712,322.3235,120.656,99.559,390.4916,16.2223,115.2329,202.1467,372.7639,66.6008,45.02,20.8284,220.4944,81.1969,41.0761,39.3941,74.203,21.7361,34.4883,95.8351,66.6297,62.0161,35.976,28.1885,114.3456,81.5556,49.2804
2021-05-25,123.5894,77.86,162.9525,41.5108,240.74,36.8252,216.4646,364.5308,83.8722,336.8749,170.8079,47.8998,67.8761,9.394,177.95,54.4038,117.0299,320.2682,276.1897,64.9852,98.4167,52.0426,143.9627,61.9346,205.1849,147.041,141.9992,33.6137,46.6252,279.6041,189.7672,332.8703,107.3365,356.0982,324.9366,241.1209,158.4698,63.5167,122.1111,15.5728,124.3369,29.9157,120.982,322.7694,120.4966,99.6563,389.6253,16.0969,116.3003,201.5633,374.6687,66.326,44.92,20.8025,220.206,81.1723,40.7157,39.0604,74.184,21.2946,34.1412,95.5485,66.6489,62.0336,36.0769,27.847,114.0057,81.8144,48.1644
2021-05-26,123.5407,78.34,163.258,41.5966,241.37,36.8515,216.9574,364.7578,84.0741,334.1197,171.0988,48.2539,67.834,10.1934,177.64,55.669,117.8937,322.8075,276.6954,65.0075,98.3052,52.0883,144.3775,62.1065,209.0123,146.1677,141.9817,33.6365,46.8294,278.2305,191.4532,331.3865,107.2795,351.6665,324.8077,240.9007,159.6476,63.6033,124.4474,15.6248,124.3369,29.6038,120.711,323.8939,120.7217,99.851,390.3985,16.1133,116.1002,206.3767,374.8138,66.2802,45.2,20.8801,218.3311,81.5328,40.6292,39.0739,74.6676,21.4844,34.2417,95.8535,66.6441,61.903,36.161,27.8513,113.3443,82.5953,48.7265
2021-05-27,122.0117,78.42,161.5055,42.2461,250.7,37.2985,220.2158,366.536,83.1778,338.2946,173.5906,48.2628,67.9604,10.912,177.71,57.2889,117.0205,326.2956,277.951,64.9777,98.1337,52.8296,145.1531,61.8256,211.1647,145.943,144.1926,33.3676,47.2209,279.1679,189.7482,334.1989,106.9545,351.0362,329.8534,238.8124,160.5426,63.1964,124.1474,15.4138,122.8361,29.3984,117.9668,322.6822,120.7779,100.435,390.6034,16.2005,115.6332,210.2833,374.3513,66.2436,45.55,20.8628,218.1291,81.3443,40.5787,39.385,74.952,21.5009,34.6344,97.1661,66.2931,61.5199,36.1189,27.6635,113.0963,82.9259,48.4124
2021-05-28,121.3592,80.08,161.1535,42.6661,247.02,37.1583,220.0332,357.8054,83.8076,337.2578,173.2124,48.5726,68.1205,10.6554,178.38,56.848,116.7317,327.9706,278.0731,64.9554,98.1251,52.2713,145.3064,62.0411,211.0243,146.3234,144.0961,33.4905,47.0507,279.0009,190.2625,331.9494,107.0439,349.6592,325.8684,239.1668,160.5426,63.3868,124.3068,16.1667,124.0351,29.4593,117.8532,323.7,120.9186,100.7624,391.3022,16.0478,115.4497,208.4067,373.6437,66.4817,45.42,20.8801,218.5522,81.8359,40.7229,39.3445,74.7055,21.5421,34.6984,97.1661,66.5287,61.6505,36.3627,27.8129,113.5372,82.8109,48.2553
2021-06-01,121.0378,80.81,160.9325,42.303,254.73,37.6228,221.5666,357.7675,86.117,340.536,173.3967,49.5729,68.3649,10.8607,177.9,57.1739,117.9367,337.1569,275.8059,65.1505,98.1071,52.0609,145.8023,61.7287,213.42,143.1073,145.6841,33.6903,47.0422,280.5415,189.0052,331.7063,107.0577,348.8932,326.265,236.9829,161.6827,62.7646,122.5306,16.1866,123.7752,29.2843,116.1315,322.624,120.6748,100.2846,390.9575,15.9879,115.4238,207.9667,368.9268,66.0879,46.33,20.8456,217.908,83.3108,40.6436,39.8945,74.7529,22.3715,34.9084,97.5451,66.2018,61.4415,36.9847,27.6421,111.6724,82.6528,49.9831
2021-06-02,121.7974,81.97,161.6995,42.7926,255.62,37.6404,222.2055,360.0,87.2717,333.1577,171.6127,49.6526,68.5925,10.934,178.77,57.1739,117.4122,338.0384,274.5526,65.2327,98.2186,52.6008,145.9376,61.8546,213.6727,143.6865,145.6929,33.8747,47.2294,279.3122,189.6815,334.4594,107.2287,355.7394,326.2847,236.8871,161.2494,63.278,122.2208,16.6979,124.2698,29.5049,116.6384,323.2542,121.2188,99.9837,391.5722,16.146,115.6911,201.7067,368.1378,66.3077,46.9,20.8456,220.8214,84.2858,40.8382,39.5609,74.5253,22.7882,34.9632,97.2678,66.6585,61.6679,37.4975,27.7873,111.452,82.2695,50.38
2021-06-03,120.3171,80.28,159.3505,41.9859,250.32,38.0717,222.5523,363.1023,86.876,335.2124,170.8758,49.1214,68.2554,11.726,175.27,60.8257,116.2726,342.6932,272.9749,65.0981,97.9697,51.466,145.8023,61.3363,211.8853,143.5482,145.7894,33.7979,47.3485,277.8591,193.082,336.4223,106.8053,350.8617,323.2018,235.364,160.2034,62.9821,122.2208,16.8885,124.7132,29.6418,118.7272,319.8904,120.8717,98.3203,390.119,15.9388,115.2568,190.9467,370.0517,66.2802,46.97,20.9749,219.331,83.9744,41.0761,39.5519,74.0228,22.8501,35.0454,97.0552,66.0384,62.051,37.4218,27.9537,111.7919,81.2921,50.5784
2021-06-04,122.6058,81.58,160.311,42.9073,249.92,38.0893,222.7166,366.5549,87.5705,333.0923,171.7872,49.5641,68.8369,11.7114,177.16,60.7394,118.5504,345.0999,272.6067,65.2401,98.5105,52.5001,146.4516,62.1889,212.8024,143.4877,146.0262,33.7748,47.8591,279.2935,192.4343,342.2849,107.5626,354.9345,327.4743,240.2301,161.7958,62.956,121.8291,17.4941,124.8568,29.7787,118.8146,325.3189,122.1098,99.0901,393.687,15.9606,116.8352,199.6833,367.9473,66.784,47.26,20.8973,221.2829,84.0154,41.3068,39.6375,75.0848,23.0028,35.1368,97.3694,67.3074,62.2687,37.4554,27.911,112.1501,81.9437,50.8016
2021-06-07,122.6155,81.35,159.9005,41.8938,252.66,37.9573,218.8285,359.8202,87.0052,331.9622,171.603,49.3162,69.0644,11.6454,177.87,60.6053,118.9828,342.1996,271.6863,65.2626,98.4332,52.2439,145.9737,62.3802,215.6566,142.5107,145.3419,33.7133,47.6889,271.5814,211.9617,340.0353,107.473,353.0532,333.65,243.123,161.8617,63.0692,122.0204,17.5346,124.7808,29.657,119.2253,326.2882,122.1755,98.5061,393.305,15.857,116.4761,201.71,363.058,66.7382,47.27,20.8628,222.4175,85.0068,41.2347,39.1551,75.4735,22.9037,34.9084,96.6947,67.293,62.1642,37.8085,27.9623,112.5543,81.9437,50.4709
2021-06-08,123.4336,80.89,163.2055,41.8712,252.76,37.746,219.1936,359.158,87.7966,333.0363,170.9631,49.0772,69.0307,11.462,177.32,61.2666,118.7916,339.1492,272.5103,65.3074,98.7165,52.1615,146.0098,62.5038,217.9399,141.2571,144.7629,33.6365,47.357,272.4383,210.228,337.4472,107.8802,354.1975,330.7753,241.9352,161.7675,62.782,121.4738,17.3734,123.6153,29.5505,117.8445,326.4433,122.0629,98.6742,393.3889,15.8025,117.2945,201.1967,364.4096,66.6558,47.88,20.8887,223.1194,85.7114,41.1987,39.2272,75.2554,23.1018,34.8171,96.9442,67.2978,61.6418,38.0102,27.7232,112.2052,82.6049,51.3638
2021-06-09,123.8134,79.96,164.0575,41.9073,248.06,37.2531,214.1646,359.404,87.0295,326.4518,170.6819,48.9355,68.8453,11.352,176.98,60.1643,119.2621,337.4565,269.3898,65.3598,99.0255,52.1615,145.3875,62.5086,216.4894,143.1591,142.9555,33.068,47.2124,270.5569,215.2765,335.9445,108.271,352.326,327.3751,242.9122,160.439,63.0518,120.0983,17.2791,123.3873,30.2808,117.8007,326.5208,121.8284,98.5592,392.8019,15.8188,118.3301,199.5933,363.8291,66.7932,47.58,20.9059,223.3694,85.8262,41.1266,38.9206,75.1796,22.9574,34.4883,95.9552,67.3459,61.3458,38.0522,27.9708,113.2892,82.1497,51.7936
2021-06-10,122.82,81.56,167.4825,42.3355,248.34,36.6985,206.0234,362.2889,87.5382,318.8959,171.1958,49.3276,69.035,11.0807,177.74,58.7937,120.6088,329.6633,270.2401,65.4794,99.3774,52.5093,145.2925,63.1784,214.884,144.4474,140.727,32.9988,47.5783,270.4171,222.4588,336.7437,108.7596,353.2666,329.5659,246.4085,160.2938,63.9743,119.3149,17.3455,124.6541,30.9425,118.6747,329.9234,122.5321,99.2847,394.6279,15.9115,119.0399,203.3733,364.1829,67.3563,47.83,20.8887,224.9463,86.4407,41.3357,38.6862,75.5873,22.9285,34.0864,95.4838,67.841,61.7288,38.4389,28.1543,115.2274,82.5378,51.8763
2021-06-11,124.0277,81.31,167.3415,42.5189,247.28,36.8481,201.4324,361.1728,87.1344,319.0174,171.9811,49.1587,69.1973,11.2054,175.74,58.9375,120.3646,333.2866,272.3963,65.5018,99.2315,52.9394,145.6817,63.3142,217.1521,142.6145,140.6305,33.3599,47.791,271.2461,213.4572,336.7437,108.8492,354.4302,328.3763,247.0312,161.0858,63.9569,120.1894,17.7439,124.7301,30.5394,117.862,330.7861,122.7766,99.5944,395.28,15.9879,118.8478,203.2967,360.9174,67.2736,48.07,20.9922,225.9174,86.0965,41.3284,38.8305,75.6726,22.8501,34.3056,95.6779,68.2448,61.7637,38.1951,28.2184,114.4099,82.9882,51.3968
2021-06-14,127.076,81.55,169.1935,42.9823,245.14,36.408,199.89,362.9984,87.1829,313.3855,172.7567,49.2921,69.3169,10.9047,174.71,58.2665,121.2913,328.764,271.1254,65.442,98.9225,53.2505,144.9305,63.8889,216.5147,142.9689,138.2441,32.8989,47.6281,270.9574,215.3718,337.9509,108.4502,355.4193,333.8383,248.9469,160.4352,63.8002,119.6611,17.9366,125.4733,30.1438,117.9057,333.956,123.0306,99.4971,396.165,15.8624,117.9376,205.8967,362.0694,67.3839,48.32,20.9749,225.0712,86.4325,41.2203,38.3525,76.1751,22.7511,33.9494,95.2435,68.937,61.7288,38.4137,28.2781,114.5109,83.0121,51.3142
2021-06-15,126.2579,80.47,169.1565,42.5225,246.54,36.4344,200.3007,363.1403,89.0643,315.7765,170.5074,48.9542,69.4023,11.0,174.05,58.2857,120.275,327.3358,268.6097,65.4345,98.9396,53.0675,145.0662,63.5349,215.8962,142.2082,136.1473,32.8528,47.5081,270.9574,212.9143,338.5502,108.5316,356.9708,333.8185,247.4813,159.6243,63.9046,118.6864,17.7074,125.4818,30.1134,117.6784,331.7748,122.7108,99.0016,395.4383,15.9661,117.7956,199.7867,363.0853,67.1358,48.98,20.9922,224.0136,85.5066,41.2996,38.2714,75.739,23.1843,34.0134,95.6502,68.514,61.5808,38.0606,28.3635,114.5476,82.5714,53.1825
2021-06-16,126.7546,80.11,170.7625,42.0718,242.27,36.6369,198.2015,358.8837,88.5556,314.3381,169.3439,48.2874,68.9752,11.0147,171.11,59.1963,119.6341,327.0714,265.3929,65.3448,98.2616,52.3628,144.1249,63.2705,215.437,142.1563,137.1035,32.1998,46.8736,269.6999,210.2852,333.1653,108.2222,352.8012,328.1978,246.5426,159.2283,63.7915,118.7866,17.729,124.2319,29.8928,116.0441,330.5631,121.7231,98.5326,393.2304,15.8461,117.6954,201.6233,360.3369,66.603,48.75,21.1646,220.7637,84.9494,40.831,37.8475,75.0753,23.0605,33.9768,94.7443,68.1438,60.7624,37.716,27.9367,114.1067,82.6097,52.9924
2021-06-17,128.3519,84.56,174.462,42.5613,239.22,35.0348,191.1646,363.9349,86.4562,306.6982,169.3342,48.5541,68.4968,10.8314,165.85,57.586,120.5959,318.6962,265.6909,65.3897,98.6135,52.3262,142.3238,64.0562,213.019,142.8393,133.1467,31.7542,47.1137,267.5391,211.6664,332.5574,108.8248,356.166,333.5807,249.9144,157.7102,64.9054,117.4384,18.5722,125.4311,30.0297,117.1016,334.7604,121.93,98.5592,393.1001,15.6716,119.4574,205.5333,360.4276,66.7683,48.04,21.3284,223.2156,84.8429,40.7517,37.0044,75.3882,22.2766,32.9721,93.2839,68.9322,60.9801,37.8589,28.0903,114.9794,82.9211,51.248
2021-06-18,127.0566,84.65,174.345,41.8685,237.35,34.1369,190.6261,360.2742,83.194,307.2492,167.1721,48.2163,67.0786,10.648,164.93,56.3208,118.9788,307.5264,265.2439,65.3598,99.1714,50.9444,139.6539,63.6488,208.183,140.0382,129.7777,31.1165,46.102,262.6771,208.18,329.3352,109.3948,356.2921,326.7903,248.5063,155.5322,63.7741,116.9738,18.5537,122.813,29.5201,115.3886,332.1335,120.3497,97.0639,387.797,15.6225,121.704,207.77,354.4827,65.9967,48.36,21.3973,221.5425,83.4009,40.2399,36.4047,74.5064,21.6164,32.1775,92.073,68.3025,59.9005,37.2621,27.3604,113.6658,82.4851,49.9335
2021-06-21,128.8485,82.59,172.698,42.2973,245.28,34.9908,194.5963,365.8739,85.6325,315.571,168.6749,48.4208,67.9586,10.8387,166.95,56.8384,120.6643,315.2051,269.6178,65.4869,98.8538,51.1274,142.3872,64.1678,212.6347,141.6462,131.9798,31.37,46.6078,268.5544,212.1045,332.2099,108.7596,361.7903,329.3974,251.5716,158.0497,64.6879,118.4951,18.3432,123.7758,29.9841,116.2975,334.1977,122.0429,98.1876,393.3487,15.7752,119.6663,206.9433,362.4032,66.8418,49.36,21.2939,225.302,85.1215,40.6508,37.1605,75.2292,22.5376,32.9285,94.0981,69.0345,60.5875,38.0024,27.7149,115.0315,83.1209,51.744
2021-06-22,130.4847,83.58,175.272,42.2827,243.78,35.1844,194.5233,370.9629,85.9151,319.5124,168.2192,48.1985,67.9671,10.934,166.25,56.7809,121.1774,315.1964,274.0968,65.5317,99.0341,51.1274,142.5591,64.8177,213.6,141.456,131.7868,31.1549,46.7793,270.4358,210.9329,332.1927,108.9388,366.5905,336.0787,254.3303,159.1529,64.4964,120.6813,18.8006,123.9616,30.1286,116.3412,337.313,122.8049,98.9662,395.4516,15.6934,119.9585,207.9033,362.9676,67.044,49.42,21.2594,226.85,84.6791,40.6364,37.3099,75.8751,22.6876,32.9835,94.2001,69.6605,60.6751,37.8332,27.5471,115.2805,83.903,52.7361
2021-06-23,130.212,83.82,175.191,42.4839,243.57,35.3869,195.1257,370.7642,85.8102,324.7892,169.9935,48.4919,67.5314,11.308,166.14,57.6244,120.9758,318.2995,273.1852,65.4644,98.8367,50.5692,142.3329,64.8128,214.3029,140.6001,132.5852,30.8399,46.402,265.2292,206.7988,327.7197,108.7677,363.7783,337.6252,254.1004,160.3409,63.835,121.2461,18.9703,122.3316,29.7027,116.1752,337.4779,122.4286,98.7096,394.975,15.6225,119.6496,218.8567,360.118,66.7041,49.72,21.2939,225.6481,84.5316,40.4201,37.0699,75.7992,22.7502,33.0477,93.9869,69.5835,60.2983,37.7147,27.2546,114.801,84.5508,53.1247
2021-06-24,129.9296,86.1,172.454,42.7935,250.57,35.9415,200.1912,370.8588,86.5127,327.4698,172.5144,48.9364,68.1807,11.1907,166.04,57.5477,121.3453,325.0878,273.3342,65.6663,98.8195,51.3105,143.3103,65.1378,217.3302,141.2399,133.8047,31.0166,46.6335,265.5738,221.9158,328.0671,108.9795,363.4,340.1925,255.4606,162.3493,63.426,121.7016,19.1179,123.0242,29.8092,116.2539,339.5645,123.2093,99.0901,397.3116,15.6989,119.8417,226.6067,363.1315,67.1358,49.84,21.2766,227.1481,84.3492,40.6364,37.1876,76.5116,22.9461,33.4604,94.7194,70.0217,60.5963,37.5371,27.2288,115.3912,84.8387,53.3396
2021-06-25,129.6374,85.62,170.073,42.0779,248.38,36.6369,197.4257,373.1669,86.6419,326.8814,172.9216,49.3454,68.3259,11.1394,166.59,57.7969,121.3537,325.1054,274.9032,65.7336,98.6135,51.164,144.1793,65.2493,217.6957,141.9661,135.1559,31.2624,46.5735,265.5551,219.2963,331.7844,108.6945,368.1129,338.3983,253.8609,162.7076,64.2788,140.6036,18.9442,123.6491,29.6494,117.9144,339.1472,124.3664,100.0191,398.7228,15.7534,118.5973,223.9567,368.6667,67.5768,50.25,21.2853,228.1866,84.9186,40.6436,37.1922,76.6066,23.0669,33.8638,94.9048,69.9398,61.0607,37.8078,27.5213,115.9168,85.3761,53.4553
2021-06-28,131.2639,87.08,172.1945,43.0429,239.96,36.584,197.3892,375.087,83.9691,326.7879,171.1958,49.3899,67.8902,10.9707,166.58,56.2058,121.381,325.0525,275.4729,65.7261,98.9225,52.6008,143.5547,65.7755,215.9712,141.8018,135.4015,31.4084,46.5221,269.821,217.3912,330.0995,109.1586,356.5442,352.5441,257.4052,162.9717,65.4015,138.7908,19.8939,124.1811,29.7559,118.264,343.2719,124.9214,99.3113,399.5266,15.6934,119.8166,229.5733,365.4894,67.7054,49.54,21.2939,225.0808,84.6711,40.4994,37.1922,77.4709,22.2875,33.6162,94.4041,70.6718,61.1133,37.8247,27.6977,116.092,85.3953,52.0913
2021-06-29,132.7734,89.52,172.407,43.4389,235.76,35.9943,196.3214,377.2152,83.7834,326.7318,168.6361,49.3543,67.9073,11.0074,164.83,56.3879,121.12,328.4995,278.9439,65.8083,98.974,51.9327,143.0932,65.9986,214.9402,141.8105,135.2348,31.1779,46.1791,270.4544,218.4866,324.3238,109.2889,356.8545,348.8267,259.9722,163.1791,64.4703,142.0611,19.9354,124.0967,29.7407,117.4599,344.514,125.1189,99.3378,399.7415,15.628,120.017,226.92,362.4305,67.6778,49.89,21.3456,226.8693,84.44,40.2543,37.1741,77.053,22.1791,33.497,94.2187,71.1871,60.8416,37.7993,27.2503,116.2211,85.6064,51.7688
2021-06-30,133.387,93.93,172.008,43.4107,239.56,36.2936,198.6304,374.264,84.5747,330.2713,170.4201,49.0342,67.3862,10.8974,165.63,56.7138,120.9387,334.5914,279.5137,65.8158,99.1285,51.3745,143.5638,65.8337,214.9683,142.4243,136.4631,31.3316,46.3935,269.2715,218.6295,328.6056,109.4111,354.0326,344.6832,259.4933,163.528,63.7741,140.7311,19.9113,125.1355,29.7863,117.9231,343.9706,124.9872,98.9308,400.078,15.6934,120.5515,226.5667,364.5608,67.6227,49.88,21.406,224.8212,83.9944,40.3913,37.2737,76.9105,22.4542,33.6437,94.9512,71.1101,61.3148,37.5032,27.1987,116.1473,85.6736,52.1491
2021-07-01,133.6889,93.31,171.6485,42.7552,239.73,36.5664,197.7908,373.1857,85.7617,331.7509,171.8648,48.7586,67.5485,10.934,166.2,56.6563,121.2903,330.589,281.8365,65.9448,99.0572,51.2556,144.5594,66.0471,216.8615,143.479,137.8143,31.1088,46.2649,270.8922,220.1631,330.2298,109.3156,359.4824,351.3049,260.1639,163.8108,64.566,143.9285,20.1198,125.1608,30.0906,118.194,344.1065,125.7397,100.3465,402.2931,15.8734,120.5582,225.9733,368.6122,68.0361,50.62,21.4663,226.1001,84.3575,40.5787,37.4775,77.4804,22.846,33.9097,95.6281,71.2305,61.1308,37.6555,27.4955,117.1802,86.1582,52.2979
2021-07-02,136.3087,94.7,175.549,42.6214,236.68,36.2231,198.7492,377.3572,85.6487,330.0747,171.7193,48.7053,67.7791,10.9487,167.29,56.5125,124.0768,329.8572,282.8532,66.0498,99.4179,51.9419,144.8671,66.7747,214.7997,146.0899,137.6819,31.0243,46.4535,271.749,222.8588,331.3327,109.6256,363.6715,351.6123,265.9591,163.99,64.6444,145.5135,20.3936,125.7604,30.2199,118.7709,348.0563,126.8591,101.7268,405.3681,15.9388,121.2857,226.3,372.6816,68.4587,50.93,21.3801,229.4461,84.6133,40.6869,37.5318,78.0218,22.796,33.873,95.7765,72.1696,61.2798,37.8332,27.5385,118.3052,86.9163,52.2235
2021-07-06,138.315,94.47,183.787,43.0866,236.14,35.2724,194.8793,377.2815,83.9691,327.2187,168.4034,47.8517,67.3349,10.6334,168.12,55.0748,125.0005,326.0663,279.838,66.0123,99.9418,51.3288,143.5366,67.1408,211.6788,145.2168,135.37,30.4634,46.1963,268.7126,224.2496,328.8835,110.0254,364.7286,349.709,265.9687,162.2362,65.3841,145.8506,20.6041,125.9463,29.8852,118.8408,349.5606,126.5487,102.3993,404.6297,15.8243,122.7073,219.86,373.501,68.4495,49.9,21.4577,230.3788,85.2322,40.6652,36.9748,77.8319,22.0541,33.3412,94.8585,72.444,61.0257,38.1716,27.6546,118.1946,87.0171,50.7355
2021-07-07,140.7985,90.54,184.829,42.7461,231.78,34.9908,195.9472,382.7866,83.1132,329.4942,167.5599,47.7984,67.7023,10.4354,168.76,54.2409,125.2818,324.1357,283.537,66.0348,100.2339,51.2098,143.8715,67.3566,209.7106,146.4617,135.5288,30.6171,46.5735,272.4662,224.6306,333.0611,110.4007,362.5953,347.4389,268.1431,161.595,65.5582,145.8961,20.2788,126.5036,29.9309,119.7322,350.2982,127.179,103.6468,406.0596,15.7752,123.7944,214.8833,374.7754,68.8629,48.66,21.4922,230.7634,85.5292,40.7517,37.3597,77.7179,21.6956,33.387,95.8043,72.839,61.3499,38.3661,27.8353,118.9415,86.9691,49.9418
2021-07-08,139.5031,89.74,186.5705,42.8335,236.77,34.1369,193.5923,385.123,82.8467,321.7222,167.5405,46.8026,66.8309,10.3107,168.65,53.7329,123.8653,316.4394,279.2069,65.8923,100.4915,50.6882,142.4053,66.8959,207.7799,146.1764,133.1904,30.425,46.4106,267.3062,225.8688,329.9693,110.4578,359.4011,342.6411,265.7388,159.6998,65.3841,146.3243,19.812,126.5628,29.8548,119.7147,348.1824,126.1348,102.6293,402.7511,15.7408,124.2794,217.6033,373.2187,68.4128,49.52,21.406,227.5039,85.2899,40.5899,36.8525,76.863,21.5706,32.7176,94.469,72.1503,61.122,38.3323,27.7536,118.2868,86.7532,49.7186
2021-07-09,141.3244,90.9,185.967,43.7148,239.59,35.246,198.4388,390.0605,84.0337,327.2469,171.6515,47.6117,67.9671,10.6187,169.21,56.3208,124.3354,327.7414,282.3186,66.0048,99.9848,51.2373,144.5141,67.4343,212.1661,146.7556,137.4525,30.6939,46.6936,272.6339,223.84,332.7397,109.9928,362.0709,347.3696,266.2369,162.9811,65.2623,146.6614,19.9588,126.2418,30.1286,119.7584,350.3564,127.2448,103.9389,407.0503,15.8917,122.5317,218.9833,375.1852,68.8905,50.41,21.3542,229.2923,86.6927,40.8742,37.5771,77.5469,22.0291,33.6621,95.9619,72.8149,61.4726,38.8399,27.788,118.6926,87.5641,50.6197
2021-07-12,140.7303,90.81,185.9275,44.2218,238.29,35.7654,199.4976,385.8135,84.2033,331.7415,178.7681,47.6561,68.2576,10.714,169.0,56.5221,125.7786,335.4465,282.0117,65.9823,99.9333,51.9144,145.0844,67.5531,212.3442,146.5222,139.4203,30.571,46.7107,272.4569,224.8115,329.231,109.9357,364.6146,350.0857,265.643,164.7443,65.3493,147.4083,20.4189,126.2671,30.2427,119.8545,351.7248,127.6305,104.8148,408.5084,15.9084,122.3728,228.5667,378.7632,68.9089,50.31,21.3801,228.7154,87.4354,40.9325,37.6994,78.0978,21.9957,33.9922,96.0918,72.8727,61.3762,39.1783,27.8783,118.9231,88.1639,50.5701
2021-07-13,141.8405,90.26,183.868,44.0634,228.2,35.0876,196.4035,385.0378,83.9207,328.4548,178.0603,47.7006,67.8988,10.5747,169.22,56.292,126.1412,331.4618,277.9009,65.7873,99.6241,52.0426,143.9892,67.4561,208.3422,146.3407,137.3466,30.0869,47.1737,269.849,224.1352,328.1627,109.5277,372.527,349.025,269.1489,163.0471,65.1491,147.1988,20.1576,129.1808,30.1591,119.706,351.7248,127.3953,105.7793,407.1158,15.7911,121.4362,222.8467,381.0391,68.7619,51.15,21.5094,233.023,86.2141,40.8888,37.3552,77.8984,21.829,33.6254,95.1645,73.1712,61.3587,38.6707,27.6676,118.8124,87.1083,50.3304
2021-07-14,145.259,89.05,184.084,43.8431,224.45,34.2073,193.1634,387.7714,82.338,323.5856,177.8373,47.9051,68.0525,10.45,171.04,55.5924,127.0282,330.0688,279.8029,65.8923,100.0535,51.7223,143.7267,67.5458,205.1276,147.3349,136.8789,29.9563,48.2369,271.125,225.1354,327.2768,110.0336,379.4104,344.6039,270.6145,161.859,65.8802,147.1532,19.751,130.5152,30.3872,120.5887,352.3555,127.5176,106.0004,407.7233,15.7855,122.816,217.7933,377.5795,69.0099,49.7,21.406,236.5229,86.8165,41.0564,37.2782,77.8413,21.1787,33.4695,95.1552,73.7106,61.902,39.0091,27.9084,118.7018,86.95,49.2143
2021-07-15,144.6064,86.93,181.56,43.4562,222.76,34.1809,192.9535,389.5403,81.797,324.0819,178.545,48.0206,67.4033,10.274,171.07,54.5859,125.8079,329.1431,282.862,65.8473,100.4744,51.0725,143.5819,67.1408,203.9655,145.5626,137.1789,30.2944,48.3912,272.0191,220.487,328.5188,110.2702,378.8571,341.4614,269.1968,161.4819,66.8549,147.2899,18.8798,131.1149,30.4937,121.62,349.8809,127.0379,105.2661,406.3307,15.8805,124.1707,216.8667,382.4138,69.0742,49.04,21.4663,238.9843,86.9568,41.2241,37.2827,77.2904,20.8828,33.5796,95.3407,73.1038,62.1561,39.0683,28.2225,118.2868,86.4797,48.7348
2021-07-16,142.571,85.89,178.6815,42.6123,217.74,33.3799,189.7956,388.1687,79.633,320.7015,173.8524,47.6472,66.9078,9.9807,169.41,53.1578,125.7732,321.6055,281.8365,65.7573,100.4572,50.3038,142.5229,66.6946,201.4537,145.3291,134.0463,30.1945,48.3569,270.1749,221.43,327.5547,110.1152,375.8377,338.1902,268.9286,159.6809,67.8122,145.6138,18.0782,131.5962,30.6915,122.7998,347.047,126.323,105.0537,403.1436,15.8302,123.9366,214.74,382.0952,69.1569,49.14,21.4922,238.5709,86.899,41.1585,36.7212,76.806,20.2909,33.1211,94.4969,72.3814,62.2525,39.1106,28.5063,118.6096,85.4145,47.3873
2021-07-19,138.7338,86.58,177.4795,42.3938,206.99,32.5084,186.3454,391.7443,77.4851,313.6413,167.6859,46.847,65.6947,9.7387,169.61,51.9309,123.4037,312.719,279.4962,65.3147,101.3161,50.0019,139.9435,65.9768,198.4359,144.2744,129.6873,30.2252,47.7825,265.1453,223.0303,323.1078,110.9065,354.7992,334.0168,265.346,157.4839,67.0028,143.8101,18.6941,131.5793,30.5394,122.7386,344.2035,124.7144,102.0365,397.19,15.523,126.6543,215.4067,372.4084,68.5138,45.84,21.5267,231.1577,85.3147,40.7065,35.9333,75.6377,19.574,32.1949,92.5218,71.3846,62.0685,38.5015,28.0547,117.3646,84.4356,45.7586
2021-07-20,142.3372,87.11,178.6595,42.6596,217.15,33.1774,190.8233,393.7213,77.9454,325.8891,171.3703,46.9982,66.1731,10.2007,169.39,53.8192,125.0199,321.5702,285.176,65.6448,101.1873,50.5509,142.2152,67.0171,204.5934,145.6317,132.1051,30.2713,47.8682,270.4544,223.8686,330.0213,110.7515,363.4787,338.6859,267.5588,161.1236,67.1595,145.5135,18.5271,131.5962,31.2239,122.0832,348.2019,126.3418,103.8946,402.8819,15.59,125.4334,220.1667,375.9681,69.0742,46.51,21.5525,233.3595,87.3281,40.517,36.3408,76.4925,19.8366,32.9927,95.1088,72.444,62.086,39.1952,28.1751,118.794,85.9951,46.2629
2021-07-21,141.6068,89.41,179.26,43.6091,222.54,33.8552,193.365,392.5578,80.602,330.5429,171.506,47.3005,67.1812,10.406,168.76,54.6818,126.3467,329.2753,286.0613,65.8023,100.6032,51.4569,143.5186,67.5021,208.1173,146.5309,134.8846,30.2483,48.4855,274.0217,226.0308,330.8117,110.3599,368.9834,343.216,269.5512,163.8863,66.0368,146.7342,19.3215,131.1064,31.2011,121.6549,350.8901,127.2825,105.5315,406.1438,15.5844,123.8446,218.43,377.4885,69.111,48.27,21.5008,234.2826,87.3199,40.7867,36.7393,77.129,20.5285,33.5612,96.0176,73.1424,61.9282,39.0768,27.8654,118.9876,86.7868,47.751
2021-07-22,142.9703,91.21,181.9015,43.3643,220.87,33.4151,191.9244,394.9508,79.7945,328.9791,169.7996,47.3894,67.2068,10.2007,169.09,53.3303,127.211,328.5789,286.3243,65.8398,100.8351,51.2098,143.075,67.9483,204.8089,146.9545,133.1816,29.8103,48.4169,274.9717,227.1739,329.9779,110.8168,371.0222,348.1329,274.0916,163.3394,66.2457,149.1027,19.5046,131.0642,31.5434,121.1888,353.2096,127.5646,108.5045,406.9942,15.6459,125.0152,216.42,378.5172,69.3314,49.17,21.5267,234.7441,86.6267,40.7867,36.7529,77.3949,20.2993,33.1944,95.6652,73.6817,61.8231,38.7976,27.9084,119.8637,87.161,47.2136
2021-07-23,144.6844,92.15,182.832,43.9851,221.52,33.1862,192.2639,400.5222,79.8268,332.1347,170.7789,46.687,67.6767,10.1347,168.56,52.6594,131.7612,329.7602,291.7412,65.9673,100.6805,48.5011,143.8715,68.8989,205.7649,148.5193,132.9257,30.133,48.8799,278.3154,232.5653,330.7073,110.7678,381.7987,366.571,277.473,164.8763,67.1856,151.544,19.4688,132.7448,31.7031,122.9389,357.3342,129.3708,111.4597,411.1814,15.7241,124.1791,214.46,380.2742,70.048,49.47,21.5353,239.4363,87.3446,40.7357,37.011,79.3137,20.2242,33.2495,96.0732,74.4137,62.5679,39.1529,28.2655,121.2469,87.9384,47.1558
2021-07-26,145.1032,91.82,184.991,43.9023,225.85,33.5647,193.6403,400.333,81.5144,332.8464,173.2997,45.7979,67.7706,10.2887,168.16,53.4549,132.7716,331.3912,290.2861,65.8698,100.6118,49.6999,144.3874,68.9184,206.3647,148.5885,133.8169,30.3635,48.9228,277.9988,231.67,319.6598,110.5231,381.3521,369.2177,276.879,165.5269,66.9332,150.3871,19.206,132.6519,31.802,123.3699,357.6157,129.4366,111.5394,412.1908,15.7408,123.8111,219.2067,376.487,69.9194,49.67,21.4663,240.6189,87.3858,40.6628,37.3235,79.7221,20.7244,33.442,96.0268,74.3752,62.6731,39.1529,28.2741,120.4631,88.591,48.3462
2021-07-27,142.941,91.03,181.3195,43.276,222.27,33.4327,192.6034,401.383,81.2399,331.0298,174.0366,44.8732,67.4972,10.1127,168.44,52.7169,130.6567,330.4567,286.8502,65.7798,101.0413,48.6658,144.4055,68.2587,203.9561,149.2715,133.6404,30.1714,49.0943,278.3527,232.0224,325.4615,110.9963,378.8959,364.6082,274.4747,163.8486,67.76,149.9134,19.1204,133.3867,32.0226,123.8712,353.6755,128.9192,111.5128,410.3122,15.752,125.1323,214.9267,377.9073,70.0296,49.47,21.4318,241.2728,87.881,40.969,37.3733,78.7722,20.5327,33.4328,95.4983,73.6721,62.8045,39.4659,28.7601,121.0257,87.6937,47.8089
2021-07-28,141.1978,97.93,181.516,43.4844,231.57,33.5647,194.0165,399.3777,81.7001,331.0672,173.6488,46.0913,67.7877,10.164,169.29,53.1865,134.8112,329.9189,285.325,65.8323,101.1272,48.5651,144.2879,68.397,206.9552,148.8565,133.861,29.9025,48.6484,276.4992,234.8134,323.7939,111.1921,372.2649,370.0305,274.1682,164.98,67.7513,150.7241,19.414,132.1621,33.0494,122.0331,355.0341,128.9568,108.3098,410.144,15.6459,125.1407,215.66,372.5086,69.8643,49.72,21.3715,237.4364,87.5757,40.6191,37.482,79.3896,20.7202,33.387,95.2758,73.5806,62.2525,39.229,28.5408,121.4591,87.4106,48.1313
2021-07-29,141.8405,102.95,179.996,44.0725,231.63,34.0489,195.0442,403.0262,82.8225,336.9102,172.9216,46.3225,68.2576,10.5527,171.17,54.9022,134.4976,332.8458,286.9992,65.9748,100.818,49.1416,145.2291,68.5134,208.5485,148.8565,135.0082,29.9486,48.9142,278.9117,233.6893,323.6116,110.8739,377.4784,355.2008,274.4366,166.0172,68.021,152.1179,19.5723,132.4323,32.8422,122.6663,355.6649,129.5589,108.2833,411.8451,15.8023,124.4467,225.7833,375.1578,70.0296,50.64,21.2939,238.3786,87.5922,40.8086,37.8941,78.5348,20.9203,33.7538,96.0268,73.9225,62.5592,39.1106,28.6182,121.7541,88.3942,48.7183
2021-07-30,142.0548,106.19,166.3795,44.19,226.48,33.7672,189.713,407.2339,82.2088,338.5864,170.6625,45.8779,67.9073,10.23,169.82,54.4805,133.4565,330.492,287.6653,65.8848,101.1014,49.1599,144.7856,68.0599,207.1708,148.8738,133.9317,29.5568,48.8971,286.307,231.9462,322.8038,110.9636,374.6921,353.1983,272.9134,165.0366,67.7948,152.5916,19.4101,132.5505,32.8576,125.0848,353.8113,129.2108,107.4427,409.845,15.6682,125.032,229.0667,375.2853,70.0204,50.66,21.3542,236.9075,87.7077,40.6628,38.048,78.2688,20.5869,33.4879,95.8414,73.8743,62.6643,39.2375,28.3773,121.8648,86.5757,47.5939
2021-08-02,141.7236,108.63,166.574,44.1244,225.34,33.4151,188.254,406.4757,82.0635,333.3052,170.2068,46.2069,68.249,10.2007,169.61,54.6626,133.5834,333.41,286.8151,65.7215,101.5449,49.1233,144.4236,67.9653,206.1398,148.9343,133.3934,29.6413,48.7685,279.6288,234.8991,319.8769,111.2848,364.3234,348.8863,272.8272,164.9046,68.5867,153.7211,19.6599,132.0185,33.7402,124.777,353.8405,129.0039,106.5048,408.985,15.7017,126.1472,236.5567,378.3352,69.901,49.18,21.3284,230.5519,87.5179,40.6482,37.5861,78.0883,20.4326,33.497,95.183,73.6095,62.4014,39.2544,28.5967,122.0308,86.8252,47.6022
2021-08-03,143.5157,112.56,168.312,44.3165,229.09,33.9344,191.3188,412.3039,82.8467,342.5847,167.7247,46.4025,68.736,10.2814,169.49,55.4773,134.3515,335.3231,290.9523,65.7968,101.5706,49.4711,145.6274,68.4164,206.9927,150.7671,134.9111,29.9179,48.8027,282.1436,243.8435,320.8758,111.3993,356.8866,348.1824,275.0303,166.8093,69.1176,155.9803,19.7246,132.3141,35.0604,126.5974,355.9852,129.9633,105.4076,412.3123,15.7464,126.2142,236.58,384.0981,70.3328,48.85,21.337,227.9654,87.6252,40.6263,37.9756,77.7369,20.7828,33.873,96.4256,74.0814,62.6819,39.4152,28.7601,123.7276,87.4682,48.1148
2021-08-04,143.1163,118.77,167.736,44.4085,226.63,33.688,187.6667,412.2756,80.9896,337.725,167.3272,46.6425,68.5309,9.768,169.53,50.5315,133.8518,333.1191,289.5236,65.6764,101.5449,49.3247,144.2064,68.4721,204.4153,149.8766,133.4552,28.3813,48.0997,284.6584,250.0161,314.0926,111.4238,357.2847,355.7956,274.446,166.4887,69.5092,156.5997,20.1815,130.1014,34.6843,125.2607,356.4995,129.7658,104.629,410.2841,15.5565,126.4737,236.9733,383.7703,70.0572,47.2,21.3715,227.5616,87.3529,40.3639,37.6133,77.9554,20.2201,33.5887,95.1181,74.2307,61.8669,39.2883,28.7171,123.202,86.6189,46.9904
2021-08-05,143.2234,112.35,168.7995,44.3966,229.94,34.3482,190.1167,419.999,81.7405,341.1428,171.3315,46.5714,68.8641,10.054,168.86,52.1801,134.9672,338.7965,291.9778,65.8268,101.1753,49.636,145.0572,68.9402,208.0892,150.1619,135.1405,28.3813,48.4427,283.9226,251.6544,313.3456,110.9661,361.1001,359.8103,277.3293,168.5159,70.0488,158.3669,20.5429,130.321,34.5845,125.3222,358.7608,130.6125,105.3191,412.8825,15.6068,125.8291,238.21,374.3476,70.296,48.1,21.3715,230.9654,88.3761,40.3129,37.559,78.6678,20.4493,34.0289,95.5632,74.6401,62.1648,39.6013,29.0311,122.6948,87.449,47.2881
2021-08-06,142.5407,110.11,167.247,44.1927,231.33,35.3429,191.1811,416.6254,82.3219,343.5399,171.7387,46.1802,68.6078,10.12,164.64,52.7648,134.459,350.7775,289.1116,65.7516,100.5822,49.6636,146.0256,68.6758,209.3638,149.6605,138.979,28.5811,48.5627,284.8913,250.94,314.4487,110.0589,363.6146,360.3456,277.2719,169.44,70.1533,157.4105,20.2731,130.3379,34.5922,124.3637,357.1885,130.6219,105.3368,413.5648,15.6179,123.7275,233.0333,377.9255,70.2593,47.57,21.4922,232.1095,88.2193,40.2546,38.1024,78.6678,20.6369,34.7166,96.0083,74.5775,62.1648,39.5336,29.0139,122.5933,86.854,47.8337
2021-08-09,142.492,107.58,167.0935,44.1244,232.27,35.8006,191.6766,417.4214,80.9492,345.8246,171.3412,46.3314,68.5736,10.0834,161.72,51.7105,135.6224,352.5318,288.1649,65.6011,100.3674,49.7834,145.7541,68.6734,208.2111,150.1792,138.829,28.6656,48.5713,282.4603,254.4836,313.5714,109.5849,359.8768,358.4622,276.1894,170.8921,70.1097,156.4721,20.2024,130.3548,35.2906,125.0408,357.8485,130.4902,104.3547,413.2283,15.5565,123.2838,237.92,374.0563,70.3328,46.6,21.5353,230.7634,87.7489,40.1817,38.0571,78.5253,20.3451,34.8083,95.6281,74.3367,62.3927,39.356,29.0053,123.0636,86.734,47.2881
2021-08-10,142.0141,106.48,166.034,43.9041,235.78,36.4696,196.4298,419.8474,82.4269,352.6602,171.6806,46.3936,68.7274,10.1347,161.77,52.0076,135.5175,359.6639,290.5491,65.4506,100.1783,49.682,146.6139,68.3679,208.6234,150.2311,140.532,28.7885,48.6999,281.0818,256.6649,314.6137,109.3397,357.1196,357.9863,274.379,171.4578,70.0836,156.9276,19.8451,130.4223,36.9868,125.12,356.0143,130.5278,102.9832,413.7423,15.6906,122.7146,236.6633,374.8847,70.2685,47.68,21.5525,228.9077,86.9155,40.4441,38.6322,78.6772,20.7036,35.1751,96.6017,73.8021,62.8396,38.933,29.0354,122.7778,87.0747,48.0982
2021-08-11,142.2676,107.68,164.6055,44.0216,239.49,36.9274,203.3943,421.0509,83.0486,361.5184,172.6695,46.5181,69.1973,10.2154,164.0,52.0172,134.9944,364.883,295.3875,65.556,100.29,49.8663,147.528,68.266,209.645,150.257,142.2086,29.019,48.6399,285.2918,251.5687,315.5344,109.5113,353.6245,356.8265,274.8676,171.3352,71.6849,156.0167,19.6092,130.9375,35.5439,125.4278,355.4029,130.6877,103.4806,414.7704,15.7297,122.6391,235.94,371.2068,70.3695,48.3,21.5094,226.0135,87.4271,40.5097,39.1756,78.8292,20.8661,35.5786,97.8535,73.8117,63.0499,39.1444,29.3064,121.5605,87.329,48.2388
2021-08-12,145.223,106.5,165.175,44.0862,238.18,37.1034,202.0914,422.0554,82.8791,361.0877,173.833,46.1091,69.1375,10.1934,164.04,52.3527,135.9008,365.8615,292.7755,65.6688,100.1869,49.3136,147.6909,68.6225,209.1482,151.4674,142.7645,28.704,48.7342,285.6271,251.7789,312.451,109.6666,351.4305,359.4931,277.6071,171.6181,72.2332,155.4428,19.8142,130.9628,36.2577,125.718,356.6839,130.81,102.8145,416.0135,15.6515,122.4383,240.75,369.5862,70.5257,48.1,21.5353,223.1732,87.6169,40.5607,39.1122,78.9717,20.8453,35.6427,97.6681,74.2355,63.0149,39.2798,29.3365,122.5195,87.3674,48.1297
2021-08-13,145.4278,110.55,164.6985,44.2592,234.46,36.6457,200.5589,424.3868,82.33,359.5708,175.5685,45.9935,69.5561,9.966,166.39,51.4229,136.4293,362.1412,290.4088,65.8118,100.7627,49.2676,147.7,68.7825,207.2457,152.3751,141.1674,29.0958,49.0685,288.1791,252.4861,310.9138,110.4021,352.178,360.0185,280.5191,170.7977,72.6248,156.3993,20.0959,132.1874,37.2094,126.3248,357.9359,131.3274,103.7116,416.7705,15.7464,124.3723,239.0567,372.9638,70.8196,47.43,21.4318,224.0012,88.0955,40.7284,39.1485,79.0192,20.5994,35.3768,97.3621,74.6401,63.5406,39.5421,29.543,123.2849,87.1179,47.6429
2021-08-16,147.3981,107.48,164.9495,44.4394,229.06,36.3464,199.7699,429.163,81.4902,358.6625,173.6391,45.5756,69.1973,9.8707,167.22,50.752,137.0058,359.999,293.6783,65.8344,100.9862,49.2491,147.7271,68.9305,205.3151,153.7497,140.2408,29.2034,49.2829,289.9955,257.9619,312.8853,110.4675,352.9644,363.369,282.1954,169.4211,73.06,157.0096,19.859,133.4796,37.5394,127.2043,358.0912,132.1081,104.4044,417.7519,15.752,124.6736,228.7233,379.8282,71.1871,47.04,21.4491,226.6105,87.9882,40.8086,38.9537,79.1522,20.2201,35.2851,97.6959,74.9772,63.9087,39.5844,29.7237,124.6867,86.7148,46.9464
2021-08-17,146.491,107.56,162.098,43.5791,222.22,36.1703,195.8517,428.6703,81.3368,352.3887,170.4783,44.7398,68.548,9.526,166.97,48.3749,135.3733,357.0191,281.144,65.6839,100.9347,48.5307,147.0031,68.2927,202.8127,155.159,138.5466,29.1265,49.1114,290.1537,260.6089,314.0578,110.2714,352.644,355.3296,280.7394,167.3373,73.0687,155.461,19.3693,133.3528,38.6984,127.4153,354.937,130.9981,103.5429,415.0134,15.7464,124.6235,221.9033,383.9887,71.2606,46.58,21.5784,225.8114,87.8975,40.9544,38.5054,78.4968,20.0116,35.0376,96.6388,74.3559,63.9437,39.6605,29.7409,126.1621,84.6563,46.6275
2021-08-18,142.7553,103.44,160.061,42.6942,219.0,35.9062,192.5208,422.861,79.1354,347.969,169.4215,44.811,68.2832,9.5334,167.1,48.7296,134.1723,351.5797,281.8452,65.5334,100.8831,48.0702,145.383,67.6622,201.0413,153.1878,137.2848,28.389,48.4427,288.6542,256.6048,309.7153,110.1978,350.4304,352.3558,279.0215,166.0832,73.469,153.7758,18.9532,131.9847,37.8465,126.0258,351.5209,129.4366,102.7523,410.4711,15.5453,125.042,229.6633,379.9283,70.443,45.4,21.5784,223.0191,87.0971,40.4368,38.0571,77.8984,19.5948,34.6066,95.5817,73.3302,63.1463,39.246,29.5904,124.244,84.9586,45.6456
2021-08-19,143.0869,103.7,159.3875,43.1093,212.16,35.3781,187.6025,430.4898,77.1631,336.1425,167.9768,44.0463,67.6083,9.2914,166.61,47.0426,134.4011,346.969,283.0285,65.5258,101.1065,48.3004,144.9305,67.8756,198.6327,154.3809,136.1376,28.2968,48.7513,289.8278,258.4014,307.4831,110.4512,346.8965,352.0286,284.8182,164.452,73.5821,150.8426,19.7077,134.2058,37.455,127.5121,353.2192,129.9916,101.5443,411.1067,15.3778,125.963,224.49,389.5513,70.7553,44.77,21.6818,222.9613,87.5179,40.3639,37.7175,77.9078,19.0863,34.3498,94.9141,74.0477,63.6545,39.5759,29.7108,124.8065,84.4164,44.2524
2021-08-20,144.5403,104.65,159.9975,43.2587,212.67,35.5365,188.0521,434.9722,77.1713,329.0728,169.7899,44.0108,67.8731,9.218,166.7,46.7743,136.1341,348.9966,288.5857,65.6839,101.012,47.9044,145.7993,68.5983,201.9879,155.1331,136.5259,28.1201,48.5627,292.324,258.8888,310.2103,110.5248,344.6441,356.2416,292.1025,165.6495,75.0877,152.8466,20.7211,133.7329,37.3936,127.6,356.8781,131.271,101.8196,414.3779,15.4001,126.0468,226.7533,391.2082,71.279,43.43,21.656,222.7592,87.9552,40.4733,37.9394,78.5823,19.128,34.5607,95.1645,75.0013,63.7597,39.762,30.0807,125.5166,85.2274,44.2608
2021-08-23,146.0228,108.77,163.2935,43.9214,219.4,36.0119,191.906,431.1247,79.1599,339.7195,172.2526,44.6776,68.5053,9.3354,168.73,46.18,138.7214,353.916,287.2709,65.8871,101.0377,49.0281,146.6954,69.4737,205.8306,154.4634,138.2731,28.1508,48.3912,291.3739,255.9359,310.3666,110.6065,350.4886,360.187,292.3809,168.8459,73.4516,154.6048,21.8579,133.3107,38.3223,126.9492,362.2157,132.0893,102.2815,418.0229,15.3722,125.963,235.4333,387.248,71.426,45.85,21.5267,225.4359,87.7902,40.4004,38.2654,79.5321,19.8449,34.845,95.9434,75.9692,63.5582,39.6098,29.6936,125.5627,86.3261,46.082
2021-08-24,145.935,107.65,165.289,43.8286,221.43,36.5136,195.0717,428.149,80.0683,344.5699,173.0379,45.6912,68.6505,9.592,168.65,47.5123,139.93,360.184,284.7816,65.9773,100.7627,49.5623,147.1569,69.6289,207.8549,152.5327,139.129,28.0816,48.0225,291.0479,251.11,311.7997,110.3531,351.2362,362.3282,290.4327,170.1754,73.2253,154.8416,21.6936,131.6554,37.1327,125.9202,363.3221,132.174,102.2194,418.6866,15.3331,124.9834,236.1633,385.4727,71.1963,47.37,21.5094,225.5322,87.4024,40.1015,38.5054,79.7886,20.1742,35.0559,96.4256,75.8825,63.0762,39.3137,29.5,125.1201,86.9355,46.4596
2021-08-25,144.7061,108.3,164.959,44.0088,221.03,37.1034,197.0629,427.6183,80.6166,352.4261,172.8828,45.7445,68.6761,9.658,167.48,47.6369,140.7398,364.204,283.8875,66.0451,100.3674,49.5623,147.7,69.7428,208.5859,151.5239,141.9968,28.2353,48.074,291.3926,252.1612,311.5826,110.067,348.6343,365.1831,289.8472,171.5709,73.5647,154.714,22.1117,131.0726,36.4649,125.4718,363.7394,132.3903,102.6546,419.5652,15.3219,123.9453,237.0667,382.1316,71.1871,47.81,21.4922,223.9435,87.3446,40.0432,38.682,79.9121,20.3284,35.4685,97.0468,75.8392,62.971,39.2714,29.5559,124.7789,87.2714,46.5435
2021-08-26,143.9062,107.27,165.8,44.2209,216.5,37.0066,193.833,425.7988,79.5609,355.6473,171.1861,45.3089,68.3174,9.46,167.67,46.6017,140.1073,363.5782,281.7839,66.0075,100.3674,48.936,146.8039,69.3354,206.3741,150.7151,142.7293,27.7129,47.6196,289.9675,249.7244,314.0752,110.0344,342.5762,361.208,287.0449,170.5243,73.2718,152.0541,21.9674,130.5912,36.3651,125.2519,361.4297,131.4967,101.5443,417.0883,15.0929,124.2885,233.72,379.5004,70.8472,47.48,21.5525,221.9504,87.3776,39.8026,38.4149,79.2187,20.02,35.2943,96.6203,75.3624,62.6819,39.2967,29.4828,124.2901,86.4653,45.9141
2021-08-27,144.9402,111.4,167.4815,45.1495,221.75,37.4027,195.292,426.7748,80.723,355.3477,174.6571,45.869,68.941,9.7607,170.19,47.7327,142.6466,369.9962,283.4493,66.188,100.694,49.636,148.0711,70.0169,212.1942,150.3933,143.8764,27.951,47.7139,292.9667,248.2241,314.3966,110.6473,345.3625,369.3862,287.6494,172.8815,72.9222,152.9072,22.5328,130.853,35.7665,125.1551,364.9428,132.823,102.2549,420.8174,15.1543,125.1341,237.3067,381.2393,71.1596,48.15,21.4577,224.0398,88.2936,39.9265,38.922,80.4725,20.5535,35.762,97.2879,76.0896,62.9009,39.6182,29.4742,124.1518,87.2522,46.8037
2021-08-30,149.3488,111.32,171.0785,45.4181,217.66,36.6721,194.0257,432.0724,80.5184,356.7616,174.502,45.9668,68.9239,9.57,169.35,47.1289,143.2276,364.6273,286.7099,66.2708,100.8917,49.682,147.6819,70.7419,211.3226,151.0282,141.5733,27.7513,48.1683,293.9073,250.6704,314.4487,110.8353,342.7606,377.3463,291.3636,172.3724,73.3942,153.3178,22.5845,131.7482,35.8893,125.7004,369.0383,133.3685,102.6901,422.6681,15.2102,125.4607,243.6367,380.8205,71.4168,48.4,21.4577,222.634,89.1765,39.9265,38.8813,81.0234,20.3118,35.2576,97.1766,76.9083,63.1814,40.1004,29.5172,124.8526,87.9096,46.2918
2021-08-31,148.0906,110.72,173.5395,45.2651,219.5,36.7513,193.4935,431.6554,79.1927,353.9806,175.7818,46.5981,68.8897,9.5554,169.69,46.9755,143.3336,366.3192,285.9035,66.2859,100.7026,49.7926,147.6095,70.5431,211.7349,150.5673,141.1409,27.961,48.2798,293.0132,246.8288,314.7549,110.582,336.1394,376.0775,289.7225,171.8349,73.4292,150.3159,22.2868,132.0776,35.3597,125.2255,368.7375,132.8701,104.36,422.0419,15.3163,124.6067,245.24,378.9724,71.3341,48.04,21.4577,220.5832,89.5973,40.0942,38.7681,81.3274,20.1742,35.2118,96.9077,76.5038,63.3215,40.3373,29.4828,124.6867,88.1207,45.7547
2021-09-01,148.7538,109.99,173.95,44.8964,218.12,36.2584,190.8233,432.6314,78.3252,352.7445,177.8954,47.1938,69.5134,9.614,169.7,47.0714,143.8467,366.4522,285.1195,66.3425,100.7456,49.4333,147.5733,70.7225,213.1595,151.0977,140.9379,28.0465,48.6056,292.3519,245.9783,312.008,110.7244,339.3821,378.7242,289.6745,171.6464,74.6095,150.1516,22.3426,133.3613,35.3367,126.5007,369.3488,132.9453,104.3245,422.2661,15.1878,124.8154,244.6967,379.9557,71.6005,47.93,21.4146,221.5653,91.0331,40.0504,38.6684,81.7358,19.8783,35.01,96.5368,76.523,63.6545,41.031,29.8699,124.7236,88.1159,45.1252
2021-09-02,149.8658,109.2,173.156,44.7817,220.83,36.2937,194.3285,436.8487,79.9619,360.4603,176.3248,46.9804,69.7953,9.5407,169.25,46.918,141.9364,367.1964,288.7314,66.4255,100.866,49.4886,148.4965,70.7104,214.6403,152.1326,141.591,28.0232,48.6741,294.922,248.052,313.2239,110.9209,331.3337,372.0131,289.0218,172.429,75.6061,149.3396,22.2978,133.4591,35.9507,126.5974,369.1741,133.0112,104.2534,423.5652,15.4392,125.3603,244.13,385.7458,71.9129,48.95,21.3629,215.8461,91.5117,40.3056,38.9175,81.1849,20.3826,35.1292,97.5753,76.4412,63.8999,41.2256,30.1409,126.0607,88.1111,46.2246
2021-09-03,150.4997,109.92,173.9025,45.3079,218.17,36.3203,193.0347,438.346,79.7819,364.571,175.491,47.2294,70.1114,9.4527,171.06,46.7934,142.3846,364.3704,291.022,66.4331,100.6252,49.286,147.9715,70.9747,213.6469,152.2283,140.735,27.8367,48.6399,292.922,248.0137,311.4306,110.5197,330.3143,372.9846,289.0123,172.6458,74.9155,148.9928,22.7428,133.5782,35.9507,126.6854,370.3096,133.0018,104.0935,423.4625,15.3945,124.2202,244.5233,384.972,71.8945,48.66,21.3198,216.7415,91.5282,40.4076,38.6594,81.1849,20.2659,34.9092,96.9819,76.7446,63.821,41.2256,29.8915,126.199,88.0583,46.0484
2021-09-07,152.8309,109.15,175.4645,45.2087,214.24,36.5592,191.071,435.5503,79.43,348.0906,178.7293,47.505,70.1626,9.4967,167.71,46.6976,142.9205,363.4933,289.7974,66.2595,100.2296,49.4149,146.7406,70.9408,212.1755,149.8628,140.4879,27.7047,47.731,294.9874,243.4937,305.4819,109.9957,334.6637,378.8531,288.0909,172.6741,74.3385,148.3997,22.5626,131.4013,35.8816,126.2105,370.8337,131.9576,102.85,421.9484,15.3163,123.1724,250.9733,383.4972,71.1228,48.04,21.4232,217.8584,90.4968,39.963,38.4058,81.3749,20.145,34.6983,95.3036,76.7638,63.085,40.7688,29.4957,125.4613,88.3175,45.7798
2021-09-08,151.2898,106.17,176.275,45.0075,211.38,36.0814,189.7314,441.3311,78.8817,346.6768,179.5146,46.8115,69.6073,9.5554,167.29,46.9372,142.3366,358.7805,292.1144,66.3349,100.5048,49.3412,146.6591,70.7298,209.8605,149.4975,139.8614,28.7923,48.3741,291.2024,243.5319,307.459,110.3478,340.8092,374.2832,288.1198,171.1372,75.5712,146.6387,22.241,133.2635,35.6974,127.1691,369.5429,131.7601,104.8486,421.4344,15.4169,124.0107,251.29,378.1713,71.4719,48.59,21.4577,220.5735,90.9506,40.0286,38.039,80.9569,19.8866,34.6157,95.4334,76.4701,63.6283,41.0141,30.0248,125.4059,88.4182,45.3602
2021-09-09,150.2755,106.15,174.208,44.9265,213.94,36.2141,188.4926,441.5586,78.5625,341.6297,180.2515,46.7226,69.4877,9.3574,168.03,46.41,142.188,358.4084,292.2818,66.3954,100.7886,49.1847,146.0347,70.4582,209.7574,146.1667,140.4703,28.4039,47.8939,292.2397,229.3504,305.2457,111.0683,341.1684,374.7094,285.279,171.7972,75.0466,149.0385,22.0797,132.4217,35.329,126.6327,368.2715,131.2615,105.5147,419.6306,15.3163,125.5112,251.62,377.4065,70.9942,47.75,21.406,219.033,89.1022,39.6859,38.0526,80.558,19.9283,34.7166,94.9698,76.1811,63.2602,40.1427,29.8613,123.9581,88.303,45.3938
2021-09-10,145.3011,105.2,173.4575,45.3507,210.3,35.6301,188.1164,440.8194,78.6198,339.9723,178.516,46.6692,69.334,9.2987,167.18,47.4356,139.5481,357.4341,292.4403,66.2972,100.4704,49.5899,144.9214,69.9053,207.705,145.21,138.8554,28.2252,47.6796,290.1276,228.8726,302.5776,110.749,337.2657,375.3935,283.801,170.6564,74.251,149.2666,22.3794,132.1921,34.9913,126.7557,365.4766,130.5842,106.0033,416.3219,15.1823,124.4046,245.4233,369.0106,70.6084,48.8,21.4404,216.549,87.7985,39.5329,38.0435,80.0355,19.9199,34.4599,94.5432,75.4299,62.9886,39.6351,29.4441,122.8239,87.7609,45.3015
2021-09-13,145.8667,104.8,172.8585,45.4245,214.48,36.223,189.2083,435.6073,80.1747,338.5209,179.3498,46.7937,69.8807,9.526,167.74,48.7104,140.9909,362.5544,295.5238,66.4632,100.5908,50.6492,145.7993,69.7816,208.8858,144.1925,141.0615,28.466,48.074,292.9874,227.401,302.9538,111.0191,337.683,373.2325,285.0294,171.0429,73.945,145.5529,22.0549,132.4472,34.2161,128.1189,365.2243,130.4525,105.8611,417.3874,15.3722,125.1591,247.6667,378.7039,70.4154,49.48,21.4404,216.2794,88.3926,39.8172,38.0345,80.235,20.491,34.8541,94.7936,75.4539,63.1463,39.8551,29.3925,122.0677,87.9768,46.468
2021-09-14,144.472,105.73,172.5,45.6894,211.57,35.2497,185.6572,434.4226,78.7262,333.3334,176.8483,46.4025,69.5902,9.4307,168.82,48.6337,141.2009,357.62,293.4711,66.4331,100.9692,50.2162,144.4417,69.6264,206.2242,143.3228,138.5996,28.132,48.1085,291.5295,222.747,301.2304,111.3548,335.7219,373.2522,287.7166,169.7417,73.9975,144.8595,22.1445,131.9285,34.3159,127.899,364.1859,129.8599,105.5769,415.1349,15.266,126.6764,248.1633,376.8949,70.1123,49.31,21.4404,214.7388,88.2358,39.6641,37.6178,79.5416,20.195,34.3865,93.653,75.3576,62.8571,39.7705,29.2935,122.0493,87.6841,45.805
2021-09-15,145.3596,105.6,173.7895,46.4059,214.22,35.5151,188.777,436.6213,80.3956,336.8822,178.7971,46.3936,69.7953,9.6947,167.83,49.6689,143.0681,356.0786,293.6913,66.5312,100.7972,50.7689,145.7812,70.1769,208.0892,143.862,139.5614,28.1397,48.2727,293.95,223.3586,301.869,111.2238,334.7025,370.665,292.5441,172.0141,73.9713,144.0839,22.243,132.6683,34.3619,127.6264,366.8935,130.6783,101.8285,418.6024,15.4001,126.2321,251.9433,381.4447,70.4522,50.69,21.3973,215.4899,88.5163,39.7807,38.0163,79.9311,20.9495,34.7166,94.6823,76.0174,63.085,39.9228,29.2548,122.8423,88.2503,47.3492
2021-09-16,145.1255,106.22,174.412,46.1883,213.36,35.7894,186.8225,439.0662,79.6428,332.7247,177.7597,45.869,69.6842,9.8267,164.03,49.3813,142.2563,351.41,296.3518,66.5086,100.479,50.5018,145.2563,70.2666,208.2392,143.6881,139.4996,28.3883,47.8148,292.5948,220.788,298.7459,111.0683,336.217,369.8125,292.9279,172.033,73.438,143.801,22.1445,132.2771,34.1317,126.7382,367.1458,130.4807,101.8552,417.9389,15.4169,125.6536,252.33,380.8234,70.2685,50.7,21.4922,215.9905,88.5906,39.6787,37.6043,79.8551,20.7119,34.6157,94.0332,76.0607,62.8747,39.9989,29.0096,122.5288,88.6533,46.8457
2021-09-17,142.4627,103.88,173.126,46.0654,213.36,35.8336,183.2898,435.4651,79.1845,326.8817,177.8858,45.6734,68.7701,9.9367,163.77,49.1992,139.4728,346.7857,295.7176,66.4255,100.1866,49.9768,144.4055,69.4567,208.511,143.2793,139.1378,28.3961,47.0287,289.0809,219.8897,298.291,110.8227,333.0423,361.5451,287.7934,170.694,71.3747,142.7243,21.804,131.0612,33.6865,126.9404,362.798,129.0885,100.736,413.8677,15.3778,125.0501,253.1633,383.8566,69.7173,50.32,21.5698,213.5064,87.7985,39.5693,36.8299,78.9717,20.5577,34.4599,93.0318,74.876,62.5329,39.6351,28.5623,122.6487,88.3414,46.2918
2021-09-20,139.4196,101.55,167.7865,45.0476,209.5,34.6038,175.0957,427.533,77.5641,318.1171,173.1737,44.4465,67.4972,9.4014,164.94,47.3206,137.4119,334.977,291.7884,66.1915,100.694,48.7978,142.2333,68.1448,203.5531,142.4618,134.9729,28.132,46.7004,282.4361,221.3614,296.0865,111.1665,329.79,352.6036,282.4477,166.1492,71.4184,140.7443,21.0204,130.619,33.9244,125.6652,355.3015,127.0191,99.3237,406.9667,15.199,126.601,243.39,377.0411,69.0558,49.6,21.5784,211.8696,87.2621,39.5547,36.1222,77.3846,19.9299,33.6605,91.9648,73.5122,61.9086,39.3637,28.5098,121.3688,86.3255,45.0581
2021-09-21,139.8974,102.82,167.1815,45.0265,208.51,34.6215,174.1964,428.4522,77.6214,315.5139,165.9601,44.7754,68.1636,9.3647,166.04,47.3206,137.7225,332.9483,294.4402,66.3047,100.6338,48.6965,141.826,68.3194,203.8624,143.088,134.9905,27.9222,46.6918,285.0062,219.9566,293.9783,111.1583,327.5473,354.3681,282.9276,166.1587,71.6195,141.447,21.1528,130.5595,33.7095,125.8587,355.7385,126.9156,99.679,406.5823,15.0594,126.492,246.46,376.7122,69.0191,49.58,21.5611,211.9852,87.3033,39.3871,36.0358,77.0611,19.9763,33.6144,91.4811,73.5412,61.8381,39.3723,28.4318,121.5539,86.4553,45.0161
2021-09-22,142.2579,104.38,169.0025,45.9068,216.98,35.5151,175.582,428.6607,79.9046,319.1565,168.3647,45.3356,68.5053,9.702,165.42,48.6721,138.9612,341.4793,295.9467,66.4255,100.7284,49.2768,143.238,68.9596,207.0302,142.5662,137.576,28.0698,46.7609,286.0341,218.1696,298.9471,111.4694,333.4016,340.2223,286.5553,168.9591,71.602,143.6551,21.8448,130.9591,33.7326,126.2896,359.0614,127.7528,100.434,410.5484,15.0873,127.2466,250.6467,373.3867,69.359,50.48,21.6215,214.4693,88.1533,39.4089,36.4087,77.023,20.5923,34.1762,92.2066,74.5494,62.0144,39.704,28.4145,121.7575,87.6326,46.3337
2021-09-23,143.2137,106.15,170.8,46.2471,221.1,36.8865,180.4178,429.0872,81.8851,329.1382,170.8855,45.6912,69.2485,10.054,163.51,49.7647,139.8849,347.14,295.929,66.4557,99.8167,49.7649,145.2473,69.6507,210.6947,143.375,142.2263,28.2097,46.6832,290.0622,221.8774,301.108,110.6998,343.751,342.9484,287.4958,172.4384,71.0512,145.6077,22.3834,131.0612,33.9168,126.8085,362.3744,129.0697,101.3844,415.5366,15.1878,124.3711,251.2133,372.7746,69.8367,51.38,21.5353,219.8226,87.98,39.6714,36.9272,77.8128,21.3137,35.0143,93.6207,75.548,62.2437,39.5084,28.2628,122.6366,88.5216,47.9031
2021-09-24,143.3015,105.8,171.276,46.3039,221.39,37.2847,180.6013,443.2739,82.327,327.0315,170.6431,45.1488,68.5993,10.1054,163.3,50.0619,140.8745,346.2453,297.321,66.3576,99.5157,49.9399,145.4319,69.7206,209.6785,142.9402,143.8675,28.2718,46.5536,289.9594,221.3996,305.7618,110.4624,347.7217,349.8875,287.2944,172.7823,70.5529,136.4924,21.9842,131.1207,33.7249,126.2457,362.7145,129.049,101.3578,416.2211,15.1543,123.1556,258.13,371.9067,69.7777,51.82,21.5956,222.9807,87.0393,39.6349,36.8727,78.4503,21.474,35.1984,93.816,75.6011,62.2701,39.0575,28.2324,122.1369,88.8532,48.3311
2021-09-27,141.7897,108.16,170.29,46.2975,224.16,38.2756,183.5192,436.4601,84.2665,329.9997,172.8343,45.4422,68.5566,10.384,163.64,51.0299,139.7422,354.1828,300.7744,66.2972,99.2491,50.3452,145.9413,69.1231,212.8652,141.9052,147.3442,28.6214,46.3117,288.978,216.3539,309.1211,110.4051,346.3723,350.5021,282.323,173.2262,68.8568,135.0781,21.565,129.8622,33.4409,124.5835,359.8192,128.247,100.9758,415.0303,15.3051,122.7028,263.7867,370.2531,69.0953,52.91,21.6215,221.0646,85.8686,39.7078,37.1592,78.4408,22.2376,35.6773,93.909,74.8678,61.988,38.4109,27.8987,120.3971,89.329,49.7662
2021-09-28,138.4149,101.52,165.798,45.0292,218.41,38.1872,184.0239,423.9414,84.5856,331.4231,169.2082,44.8554,67.0616,10.494,162.05,50.6561,134.5497,345.0494,294.0702,65.9953,98.8707,49.7373,144.1311,67.1606,208.024,141.5922,146.5501,28.4505,45.4737,280.3053,211.7669,308.0626,109.2262,340.9452,337.6846,272.1019,168.9754,67.5542,132.578,20.6082,128.4422,33.0341,123.6425,349.6371,125.5107,99.226,406.6667,15.2158,120.7915,259.1867,364.1777,68.0348,52.4,21.6991,217.1748,85.2874,39.4818,36.6998,76.5283,22.3136,35.0879,92.8206,72.6487,61.2561,38.1812,27.5477,118.3334,87.6086,50.2865
2021-09-29,139.3123,100.35,165.056,44.888,225.36,38.1075,181.5647,428.149,84.5611,329.526,167.4242,44.4375,66.9078,10.4867,161.32,50.7328,133.0871,340.9655,296.8276,66.116,98.9739,49.2676,144.595,67.0999,207.5822,142.6445,146.4353,29.1575,45.7502,279.567,220.1382,306.4354,109.2016,342.8966,336.6537,272.5625,167.7001,68.4984,133.235,20.427,129.5051,33.4102,124.9001,349.0639,125.6805,99.6346,407.3512,15.3051,121.0011,260.4367,365.813,68.459,52.32,21.8543,218.2532,85.9267,39.6422,36.5497,76.4617,22.3136,35.1156,92.923,72.557,61.8116,38.4279,27.9074,119.2681,87.6951,50.2529
2021-09-30,138.015,102.9,164.252,44.4707,219.94,37.559,176.1509,425.8367,83.0226,314.6872,164.021,44.7932,66.643,10.384,164.22,50.5219,132.416,334.8884,289.1896,66.0406,99.0943,49.0741,142.3754,66.5607,205.6362,140.4529,144.4411,28.6059,45.3269,274.1838,220.7975,301.8952,108.915,337.5471,336.4355,270.5663,165.877,68.647,132.5141,20.6252,127.898,33.0111,122.9477,347.7816,124.2935,97.9824,402.3725,15.0873,120.9843,258.4933,356.9785,67.7767,52.56,21.8198,214.4693,84.5069,39.3725,35.9812,76.2238,21.9761,34.563,91.0159,72.036,60.7006,37.8154,27.6863,117.8059,86.2342,49.3633
2021-10-01,139.1367,102.45,164.163,44.6927,226.0,38.1164,178.3164,424.87,85.3795,321.3834,170.6528,44.7487,66.8053,10.384,164.59,50.9245,135.2559,336.6335,290.5991,66.1988,99.4988,49.6084,144.2311,67.2723,208.9546,139.5571,147.4766,28.4971,45.802,278.3614,219.4023,304.2571,109.7066,349.6827,340.024,277.4571,167.5585,69.2502,134.1839,20.651,128.3571,32.9497,122.7542,349.9384,125.5579,100.3007,407.1543,15.1711,122.0025,258.4067,358.5225,68.1547,53.26,21.7767,221.8927,85.7025,39.5839,36.5543,77.5083,22.7144,35.134,92.2625,73.1215,60.8593,38.2238,27.6863,117.8337,86.883,51.1341
2021-10-04,135.7131,100.34,159.489,43.6472,223.79,38.3464,177.2153,417.1087,85.6986,317.8521,168.1804,44.0908,66.1048,10.5234,165.36,51.7392,132.3996,331.4511,287.6126,65.964,99.3783,49.2491,143.558,65.8199,207.0557,138.47,147.3177,28.6603,45.7761,275.3708,214.8727,302.6738,109.5262,334.1685,323.3902,271.7084,165.2724,69.3814,134.2569,19.6455,127.7194,32.5582,122.0595,342.5934,123.5009,99.0039,401.9036,15.2214,121.692,260.51,353.5709,67.5738,54.49,21.7077,216.3756,85.7191,39.7297,36.3951,75.8337,23.0856,34.8301,91.7601,71.4281,60.6653,38.2663,28.0678,116.0384,86.1958,51.7971
2021-10-05,137.6346,101.81,161.05,44.5157,224.42,39.125,176.6373,422.8894,86.6316,317.7112,169.2954,44.402,66.5575,10.4794,164.59,52.0843,134.7408,341.7805,290.2644,65.9338,99.0685,49.6913,144.5768,66.6627,207.7702,138.7831,149.7235,28.8001,45.8538,278.3427,220.6829,304.2134,109.075,333.2074,330.0615,277.1309,167.5868,69.4863,136.3737,20.3613,128.4762,32.4815,122.5344,347.218,124.954,98.4621,406.0854,15.2772,120.5168,260.1967,359.436,67.9887,55.63,21.7508,215.9424,85.1296,39.737,36.718,76.966,23.2206,35.5116,92.7834,72.446,60.9739,37.9685,27.9984,116.7324,86.5418,51.7132
2021-10-06,138.5027,103.64,163.1005,44.8238,224.99,39.1427,176.05,425.8272,85.8705,317.8145,170.1389,44.153,66.1133,10.3547,165.03,51.6913,136.2683,343.7649,291.0396,65.8959,99.0943,49.7189,144.9407,67.0975,206.6891,139.0701,150.0431,29.0176,46.3981,276.6792,217.7395,306.173,109.1078,338.5277,330.7356,281.3057,167.464,70.9725,135.7716,20.6092,131.767,32.2512,124.1702,349.4428,125.3314,99.1638,407.7731,15.2549,121.1967,260.9167,360.1853,68.3023,54.16,21.8111,218.0895,85.9433,39.7516,36.6498,77.0992,22.9759,35.5484,93.1927,72.9188,61.5647,38.3344,28.4318,116.5196,86.8157,50.7649
2021-10-07,139.7609,106.45,165.1215,45.2952,226.48,39.0366,179.6194,429.1725,86.4843,323.1584,172.3011,45.0155,66.6259,10.9194,164.16,54.0971,137.9127,346.0416,297.3122,65.9035,98.6984,49.9031,146.1051,67.8067,209.8759,140.3137,150.9929,28.8079,46.5449,279.5857,222.833,307.7389,108.6238,344.0297,326.3541,282.9755,169.3911,70.7452,138.5545,20.9826,132.9829,32.8038,125.164,352.6491,126.5391,99.6701,411.2986,15.5233,119.9293,264.5367,369.7324,68.9109,55.36,21.8025,221.9793,86.1758,39.7589,37.1273,77.4322,23.1531,35.7602,93.9183,73.5846,61.8381,38.3769,28.2801,118.065,88.166,50.9075
2021-10-08,139.3805,105.06,164.431,45.197,226.39,39.2312,179.078,428.2059,88.4238,322.2943,171.3606,45.1844,66.6173,11.088,164.23,56.1387,138.4679,347.9816,294.5459,65.7066,98.4832,49.5623,146.0596,67.5128,208.2966,139.9572,151.1083,28.5748,46.7523,276.81,223.5593,309.4623,108.1234,345.0504,327.1769,282.9755,169.0982,70.1245,139.1293,20.7396,132.6768,32.5813,124.6451,350.8905,126.4165,98.7907,410.5484,15.34,119.0899,261.83,373.1675,68.625,55.47,21.7853,221.7097,85.3621,39.2721,36.9227,77.0516,23.8661,35.9352,93.909,73.3096,61.7675,37.96,28.0721,117.4728,87.7624,52.1831
2021-10-11,139.2928,104.68,162.315,45.1503,226.45,38.7357,176.9951,426.1684,87.6709,312.3579,168.2386,45.0955,66.4038,11.066,163.92,55.6786,137.6046,341.2755,296.8629,65.5021,98.2423,49.2215,144.877,67.095,207.1028,139.3658,147.9303,28.5748,46.8473,275.5483,223.3013,312.3755,107.9184,337.4584,322.6169,282.3805,167.719,68.0438,137.122,20.6042,132.8554,32.2819,125.164,348.1992,125.6616,98.542,407.5761,14.9159,118.7877,263.98,369.9973,68.2654,56.18,21.8456,216.7415,85.578,38.4902,36.9272,75.8908,23.7775,35.576,93.1555,72.9044,61.7499,38.0111,27.6907,116.5566,87.4068,51.6628
2021-10-12,138.0248,105.04,162.3665,44.5028,223.57,38.5234,174.2699,423.4864,87.6872,310.4891,167.8605,44.8643,66.4379,11.4694,164.66,56.5125,135.1628,342.4183,297.594,65.6232,98.6898,48.0518,144.6678,67.078,208.2402,137.1394,146.794,28.5748,46.8473,276.4549,222.4508,313.2852,108.6074,335.6989,320.9516,281.0849,167.8796,68.953,139.9232,20.5803,133.4421,32.1207,124.9793,346.9849,125.388,98.5953,406.573,14.5721,120.8191,268.5733,368.3985,68.2838,56.11,21.8715,215.7209,86.6989,37.8632,36.9773,75.1867,23.7986,35.4655,92.8485,72.5281,61.7763,38.5215,27.8771,115.9921,88.0988,51.3943
2021-10-13,137.4396,109.16,164.214,44.4781,221.78,38.1695,173.3706,421.9986,88.211,308.9864,167.6956,45.4867,67.0957,11.374,167.59,55.3719,136.2852,342.2234,298.017,65.7974,98.8792,48.1347,144.8133,67.5614,209.2272,138.4526,142.9235,28.5903,46.8559,281.2959,225.9484,316.4695,109.157,332.7924,321.7148,284.3768,168.607,70.107,142.6149,20.8472,134.3435,31.7907,125.2695,349.7635,126.3221,98.3821,408.0356,14.4976,121.9941,270.36,368.6816,68.6988,56.16,21.7508,214.19,87.3299,37.8779,37.2547,75.5387,23.7775,35.2629,93.0439,72.9719,61.891,38.7427,28.2021,116.1772,88.5312,51.2516
2021-10-14,140.2194,111.99,164.993,45.6326,217.44,39.8771,178.3164,427.0781,89.0457,309.7096,169.1015,45.629,67.7621,11.33,168.0,55.2952,139.8205,346.5554,303.1002,66.1685,99.1115,49.6452,147.1057,68.72,212.3294,139.244,145.1162,28.9477,47.1756,288.5669,226.1873,316.7406,109.6738,334.9601,325.6701,290.5574,171.7999,71.2173,143.3813,21.6506,135.4233,31.9826,126.6854,356.2049,128.6055,99.3681,414.899,14.681,122.4474,272.7733,384.0392,69.7039,56.81,21.7508,216.8089,88.3926,38.2984,38.1598,76.6044,24.0686,35.8523,94.8021,74.617,62.5876,39.2872,28.5488,117.8429,89.4587,52.0321
2021-10-15,141.2728,112.12,170.451,46.1508,217.04,41.0273,182.62,428.7176,89.7004,312.5176,171.0891,46.1802,68.3259,11.5134,165.33,55.5924,140.0355,359.7284,308.7032,66.0549,98.6209,50.161,148.0154,69.2737,211.662,140.2789,147.9036,28.7302,47.0632,288.0716,227.3245,319.8463,109.2801,346.0614,321.933,291.9586,173.7552,71.4009,144.1752,21.7661,135.0407,31.8444,127.0108,358.4492,129.3226,98.995,418.0589,14.7268,121.7339,281.01,391.083,69.8146,57.15,21.7249,222.403,88.3262,38.5566,38.2735,76.4236,24.1868,36.3865,95.7137,75.2152,62.4377,39.3042,28.4665,118.426,90.8283,52.5272
2021-10-18,142.9406,116.43,172.337,46.1609,216.98,40.9477,181.8492,437.7774,89.6595,311.6536,165.9311,46.0646,68.0354,11.4107,164.92,54.5284,141.4322,366.4788,312.7557,66.0246,98.4832,50.1702,147.606,69.9174,211.5398,139.2527,147.8504,28.6525,46.5968,287.8192,228.3757,319.3039,109.1898,348.4332,332.4208,294.9146,175.0682,70.8064,145.4708,22.1246,134.4285,31.714,125.1815,362.0538,130.0397,100.7005,419.2966,14.5148,122.3047,290.0367,387.9312,69.916,56.96,21.7336,222.0756,88.5504,38.291,38.2462,77.0135,24.2036,36.3957,95.7788,75.852,62.0673,39.3723,28.1934,117.6208,91.9383,52.5021
2021-10-19,145.0962,116.33,172.2075,46.8056,215.97,41.1246,184.5653,442.6389,91.4108,322.2192,165.9698,46.6781,68.4455,11.308,165.45,54.4901,141.8869,365.1234,315.381,66.0701,98.1304,50.8518,148.7614,70.4226,212.3294,142.514,149.6436,28.5981,46.7782,290.352,231.5579,324.6139,108.591,351.9911,337.0303,295.8168,175.9184,71.7157,144.0018,22.1922,136.1376,32.305,123.7041,364.7937,131.1531,100.807,422.5313,14.6638,120.6176,288.09,387.7119,70.4785,57.42,21.6818,224.8389,88.5919,38.6156,38.4463,77.7557,24.4779,36.7548,96.3463,76.6046,62.0938,39.5509,28.5488,119.1663,91.6788,53.2909
2021-10-20,145.5839,116.39,170.753,46.7139,216.17,41.6644,187.364,445.1881,92.6056,323.1208,165.359,46.6692,68.6847,11.7627,166.9,55.276,140.4327,361.3407,315.5924,66.0928,98.0874,50.9992,150.135,70.3303,213.7395,142.4357,151.6587,28.6836,47.1928,290.8566,232.9054,324.6664,108.3285,346.8098,337.8134,295.0298,176.1357,73.368,144.5767,22.0061,137.1665,32.8499,124.1877,364.3175,131.5871,101.1357,424.1909,14.8471,119.8033,288.6,397.4966,70.8658,58.12,21.6474,222.8169,89.9868,39.545,38.7556,77.9079,24.6761,37.0495,96.951,76.3923,62.4553,40.1549,28.9996,120.8691,91.6116,53.5847
2021-10-21,145.7984,119.33,171.7505,47.1504,214.34,41.4343,185.4829,452.2578,91.4435,322.069,166.125,46.3669,68.3601,12.1367,166.75,55.9853,140.5486,361.0749,321.222,65.9262,97.8292,51.5794,149.9622,70.8549,214.2847,142.1052,150.4692,28.264,46.9509,290.9407,230.4685,326.4247,108.0988,346.2655,338.904,298.2448,176.5324,73.2718,147.98,22.5925,135.3553,32.8959,123.294,366.5424,132.2759,101.6509,425.2974,14.7612,119.6607,298.0,404.0653,71.1977,57.41,21.6991,221.6808,90.1113,39.3827,38.6556,78.1363,24.2205,36.893,97.1463,76.6866,62.3759,40.2825,28.9996,121.3596,92.9571,52.6112
2021-10-22,145.0279,119.82,166.7775,47.2659,212.97,42.0891,185.1323,456.7686,92.311,319.984,164.2634,46.2691,68.7701,11.9387,167.77,55.3719,136.2698,367.0369,322.4288,65.7671,98.0788,45.5557,150.2896,70.5003,213.7771,142.3836,152.4932,28.264,47.0373,293.5948,232.934,327.702,108.5336,348.6568,321.7842,296.7093,176.4568,73.8052,149.1662,22.6263,136.0271,33.1262,124.6214,363.4626,132.2287,101.7486,424.8566,14.6065,120.9785,303.2267,410.3509,71.4836,58.03,21.656,222.634,90.5348,39.0434,38.5828,76.4807,24.4483,37.4087,97.4905,76.4212,62.8609,40.5718,29.1469,121.85,92.6255,52.972
2021-10-25,144.9792,122.36,166.0185,47.8767,212.87,42.036,186.5716,464.4544,93.1702,331.2634,166.7746,46.5092,68.6334,11.7334,168.93,55.3623,136.1515,367.4178,327.0716,65.8807,98.1992,45.5096,150.5716,71.0759,215.8076,142.6967,151.7475,28.1397,46.8473,295.9593,234.1763,329.2154,108.5828,350.7857,325.8287,295.7208,179.3852,73.6915,149.8414,23.0644,135.3893,33.1185,124.6391,367.1837,132.9458,101.8907,427.1351,14.6924,120.7938,341.62,410.6524,71.5758,57.83,21.6905,225.1855,90.8254,38.7853,38.9694,76.8137,24.8069,37.3627,97.7138,76.6721,62.8168,40.6909,29.0213,121.9981,94.9226,54.0043
2021-10-26,145.6424,122.93,168.8035,48.9588,209.81,42.4341,184.2004,460.1235,93.3748,320.3973,166.8036,46.2691,68.7701,11.6894,167.68,54.9885,137.9954,369.9514,325.2567,65.8959,98.3197,44.4688,150.5352,71.1804,214.1813,144.149,152.1558,28.3107,47.0546,296.0434,237.4159,290.3566,109.0504,347.3445,313.0609,297.621,179.1113,74.7231,149.4491,24.6086,137.0475,33.4332,126.4089,368.3398,132.5873,102.0772,427.5195,14.5377,121.7927,339.4767,415.3574,71.5666,58.45,21.7336,223.2021,91.0745,39.1541,39.0785,76.1286,24.9504,37.3903,97.1091,76.8892,63.0373,40.8781,29.1773,122.5996,94.937,55.2547
2021-10-27,145.184,122.28,169.6245,47.9721,206.61,41.6201,180.9618,463.5161,91.7136,317.655,164.3894,45.8957,68.4968,11.374,168.12,52.0076,144.8392,364.0869,328.0055,65.8429,98.8705,44.1096,148.4702,71.2047,210.2425,142.4009,148.9866,28.2796,47.9617,298.0995,239.0691,289.5079,109.7148,326.3475,309.5021,310.1551,176.9197,74.321,148.1351,24.3438,136.5713,32.9804,125.5063,369.1947,131.6154,100.8248,425.6255,14.3601,124.0086,345.9533,414.2976,70.8197,56.9,21.7249,207.7583,90.3023,38.8221,38.5191,75.9193,24.2332,36.7733,95.9742,76.8217,62.6669,40.5803,28.9822,121.6279,95.1484,53.8196
2021-10-28,148.8124,121.16,172.3285,48.5645,207.85,42.2749,188.3062,465.6139,92.5728,328.4272,164.5155,45.9401,69.1631,12.364,168.08,51.9884,144.4742,367.4798,327.3446,66.0095,98.6124,44.2846,149.8257,72.0038,214.4351,141.627,151.2326,28.3417,48.4109,297.1556,242.108,289.9017,109.5508,323.7326,314.1612,311.2875,179.8008,75.5537,150.0604,24.8316,137.4301,33.1416,126.2584,373.2949,132.8515,100.5495,429.7323,14.6409,123.589,359.0133,416.0882,71.2808,57.4,21.5956,202.0392,91.5644,38.9475,38.9012,76.1667,24.4061,37.2245,97.1742,77.5935,62.8874,41.1758,29.173,122.6459,96.4122,53.9707
2021-10-29,146.1106,120.23,168.6215,48.7571,207.03,42.2749,188.2324,466.5726,93.694,321.4867,163.9241,45.2733,68.7616,12.5254,166.65,52.1705,146.6505,366.1776,327.4944,65.8353,98.6554,45.132,149.6801,72.3802,214.3788,141.653,150.8154,27.8834,48.696,298.3146,243.4554,290.7152,109.4933,326.1531,320.7533,318.2647,180.122,74.6007,152.6426,25.4549,137.4131,33.5714,126.5328,375.131,133.88,94.2163,430.6043,14.4747,123.9666,371.3333,420.6837,71.5113,57.15,21.768,203.8975,90.5348,39.0877,38.7147,76.4046,24.2458,37.0772,97.2021,77.9264,62.8256,40.6824,28.9996,123.8397,96.6621,54.105
2021-11-01,145.2913,125.23,165.9055,48.4251,214.58,42.3368,189.4965,466.8858,93.7267,336.9266,165.0099,45.629,69.4279,13.1634,167.52,53.1865,142.1444,369.1453,322.8605,65.7646,98.6476,45.6386,150.4443,72.3754,219.9345,141.7748,150.7355,28.536,48.5232,301.8377,238.2473,289.4992,109.2978,324.7242,327.1075,316.1053,181.9735,74.8281,151.7667,25.7137,137.124,33.4946,126.223,376.4136,133.6158,97.5294,431.345,14.5377,123.0741,402.8633,414.8731,71.4283,57.53,21.6991,204.5618,90.9831,39.0582,38.8057,76.5283,24.6635,37.0956,97.4719,77.8106,62.9226,40.776,29.1036,123.6916,98.4353,55.0785
2021-11-02,146.3252,127.63,165.6375,49.2523,212.77,42.3633,191.1018,471.7458,93.1539,333.6865,164.6609,45.22,69.2827,13.2074,167.16,53.2824,144.0616,375.4793,323.5741,65.9242,98.8888,45.9241,150.8718,72.645,220.3951,144.0099,151.3303,28.8079,48.4627,306.1368,245.4527,285.4576,109.7169,319.3097,325.224,319.714,181.9452,74.6794,153.1353,26.2852,138.3825,34.8838,127.4796,377.9875,134.38,98.995,433.089,14.4575,123.6204,390.6667,412.982,71.8064,57.53,21.7508,201.3652,91.4149,38.7779,39.2468,76.5378,24.4314,37.1877,97.7975,78.4957,63.3459,41.1588,29.1296,124.469,97.7722,54.3987
2021-11-03,147.759,130.53,169.2,49.7383,213.38,42.7969,187.8079,476.8145,92.4828,322.1817,164.9033,45.4333,69.8465,13.662,165.77,53.6754,145.2162,370.2083,325.0541,66.0533,98.5787,46.4123,151.6269,73.2231,224.3339,143.5489,151.3835,29.072,48.6268,306.9218,254.4452,289.8666,109.4374,320.2331,328.7332,320.5489,183.022,74.522,157.3965,26.4814,139.7091,34.4003,128.3556,382.0,135.0217,100.0254,435.733,14.4288,122.3429,404.62,417.8149,71.9908,55.34,21.6991,200.3639,91.7221,39.0508,39.6562,76.8137,24.2289,37.3258,97.5835,78.954,63.9366,41.397,29.0213,125.2001,99.531,53.6518
2021-11-04,147.2421,137.5,173.85,50.3115,213.03,41.8767,187.8449,489.4294,92.892,329.5071,165.0972,45.3267,69.8038,14.2414,167.65,56.2058,146.8699,361.5001,327.8821,66.2281,99.1127,46.6608,150.9901,74.0319,224.2493,143.1489,149.395,28.8933,48.8946,309.8097,258.9748,293.4971,110.0128,326.0656,332.9264,322.8906,182.3324,74.1024,160.079,29.6703,139.7175,33.9512,128.5946,386.8967,136.5407,99.6257,437.7865,14.2111,123.6288,409.97,417.2942,72.083,54.92,21.8111,201.0186,90.8503,38.2468,39.6334,77.1182,24.2627,36.8377,97.9742,80.189,63.9984,40.9291,28.8609,124.3394,100.8717,54.0546
2021-11-05,147.7695,136.34,175.9495,51.256,224.46,41.5582,189.9578,487.0564,93.8986,333.5926,170.2844,45.2733,69.9063,14.146,169.84,56.0908,147.449,360.6231,324.552,66.4788,99.6553,47.2266,151.7178,74.112,227.3138,142.1313,149.182,29.3983,49.102,310.2676,253.241,297.3375,110.8183,339.0526,338.1605,322.5259,182.0963,74.7756,161.9678,29.6215,141.1546,37.6367,129.2317,387.2659,136.6257,103.8448,439.3055,14.383,125.4777,407.3633,416.4263,71.7234,56.55,21.7939,208.6153,91.3152,38.5344,39.9427,77.7366,24.5791,36.8562,98.9696,80.6039,64.3687,41.0227,29.1339,122.9513,101.5205,54.5666
2021-11-08,146.949,150.16,174.449,51.2588,222.68,41.8856,197.6804,478.2194,94.2341,338.9083,171.4866,45.6912,69.8978,14.7767,170.45,57.1259,147.6262,361.7393,324.7194,66.3953,99.2247,47.8109,152.0453,74.1728,228.0189,141.6443,150.0786,28.9011,48.6614,315.4451,248.9694,298.9909,110.5635,339.9081,335.6723,323.4184,182.5969,73.9538,156.8034,30.6689,138.1189,37.4199,128.2672,386.7412,136.7955,102.2904,439.6804,14.2569,125.2425,387.6467,422.6479,71.7879,57.09,21.7508,212.2933,91.2405,38.6008,40.443,77.3941,24.8027,37.0588,99.3789,81.0381,63.8573,41.0142,28.7005,123.6824,100.0836,55.154
2021-11-09,147.3104,148.92,178.8115,51.1533,220.79,41.4786,193.5838,482.8705,94.9297,334.1654,169.7802,45.5134,69.744,14.7547,171.29,56.1866,147.5148,359.0905,326.5342,66.4484,99.6811,47.4863,151.8998,73.8109,226.6934,141.3312,148.9422,29.0176,48.7996,316.4637,250.3933,295.8328,110.8594,335.0282,332.4505,322.4204,179.8291,74.2598,158.6009,30.5226,139.0372,36.6224,128.6565,384.0792,136.8993,101.3755,438.2271,14.1595,126.8729,341.1667,424.2284,71.7418,57.97,21.7249,205.4572,91.3983,38.5344,40.6295,77.2038,24.904,36.8562,99.6301,80.7052,64.0778,41.1673,28.8479,123.2289,98.2335,55.6911
2021-11-10,144.4875,139.87,174.1025,50.3252,218.5,41.7882,190.6867,479.833,93.4158,331.1601,169.1403,45.3267,68.8983,14.1974,173.15,56.8096,144.5183,353.5715,324.7105,66.0761,98.8285,47.0782,151.4358,72.7349,223.1212,142.8619,148.8002,29.1264,48.9983,314.5947,252.9066,295.3605,109.7251,347.9472,324.7878,317.4777,177.9494,74.4871,153.5277,29.3298,139.4879,37.9541,129.922,378.4344,135.5783,101.0276,434.7017,14.297,124.5532,355.9833,420.1629,71.7234,56.32,21.9577,207.9119,90.9748,38.8,40.3521,76.3285,24.2458,36.7917,99.0719,79.3737,64.2717,40.9631,29.0819,123.5805,97.8683,54.594
2021-11-11,144.4386,146.01,173.625,50.9332,219.38,42.0183,192.4028,486.1642,93.4239,334.3533,157.1759,46.1091,69.146,14.3367,174.12,59.2538,144.3925,356.4241,323.8736,65.9622,98.5098,46.8649,151.4358,72.8442,224.9167,141.8095,148.7914,28.9633,49.0156,313.6975,250.9763,293.8383,109.4128,344.4477,324.887,319.0421,178.45,74.6357,152.3506,30.2567,138.34,38.8523,129.5503,379.4837,135.7859,99.4129,434.8423,14.2799,124.3683,354.5033,417.8698,71.6219,56.22,22.0094,202.9543,91.1243,38.6894,40.675,76.1762,24.3386,36.893,98.6626,79.7452,64.2277,40.9802,28.9042,123.2196,97.604,54.696
2021-11-12,146.5094,147.89,176.2575,51.6504,220.96,41.5051,193.0856,490.9008,93.4812,337.0298,154.7714,46.2336,69.5219,14.3,174.45,60.7682,147.2766,358.7009,328.2785,65.985,98.7165,46.6608,151.8907,73.721,225.1423,143.5054,148.1256,28.9166,48.9033,314.9684,248.9341,296.6114,109.2978,353.352,337.9225,323.1594,179.2435,75.4575,154.285,30.2567,138.306,38.5039,129.6919,383.4768,137.2295,99.6627,438.1241,14.2913,123.8221,344.4733,419.3315,72.0738,55.98,21.9836,204.565,91.0579,38.6082,40.9797,77.2895,24.2796,36.9759,99.444,80.7148,64.2277,40.9972,28.8869,123.8304,97.9308,54.2793
2021-11-15,146.5192,146.49,177.284,51.8842,233.09,41.629,191.6463,493.4826,95.6008,339.1806,153.6079,46.0824,69.3938,14.564,174.18,60.356,147.0527,358.6122,326.913,65.909,98.329,46.6701,152.009,73.6651,224.2493,142.2096,147.8592,29.2274,48.9119,312.1554,247.7645,298.2385,108.4676,351.2717,344.5344,322.5355,178.6956,76.358,154.066,29.8933,139.2839,38.4419,130.4352,383.3894,137.2861,99.7966,438.274,14.2111,122.2672,337.7967,411.8492,72.1199,56.07,22.1043,204.7676,91.6972,38.6525,40.7932,77.5083,24.4821,36.9759,99.6301,80.6328,64.5363,41.2269,29.2683,123.0623,97.8491,54.7471
2021-11-16,147.496,152.45,177.035,52.1593,225.8,41.6555,189.5426,499.9656,95.9772,339.9883,153.9957,46.1446,69.24,14.5127,172.92,60.011,146.4821,357.0885,345.6338,65.9394,98.2428,46.9391,151.7633,74.3792,224.6629,141.4704,146.794,28.7768,48.5664,311.1834,247.0838,297.7574,108.2868,359.2428,339.9745,325.837,179.6214,76.0433,156.7851,30.0706,138.8672,38.4032,130.2494,386.1194,137.8428,100.1177,440.0086,14.1309,121.9563,351.5767,410.7711,72.332,56.2,22.1905,207.5454,91.0911,38.4017,40.6795,76.9279,24.52,36.939,99.6487,81.4819,64.1307,40.9716,29.1296,123.5805,99.3916,55.2999
2021-11-17,149.9283,151.34,177.45,52.2391,226.62,41.1512,187.2821,499.5576,95.5468,332.0148,152.5414,45.9046,69.1546,14.6374,174.5,61.928,146.6515,346.8653,347.8539,65.871,98.5959,46.5866,151.0538,74.2238,221.7205,142.0009,146.0039,28.4039,48.2986,309.791,250.401,299.1746,108.7224,349.1429,337.8035,326.0582,178.2516,76.7427,156.703,29.1327,138.9182,39.3865,130.1697,386.3235,136.7389,100.3764,438.9398,14.1309,122.9228,363.0033,410.159,72.1014,55.0,22.1474,197.7845,91.3734,38.1583,40.4112,76.6329,24.1446,36.5154,99.0533,81.2359,63.9896,41.2439,29.1556,123.7564,100.0259,54.696
2021-11-18,154.2066,155.02,184.803,52.7132,227.25,40.9831,185.8427,502.481,94.7438,335.3864,150.8446,45.3444,69.2229,14.4163,173.94,59.7426,148.4261,346.706,357.5446,65.8178,98.6562,46.0765,150.4079,74.8018,220.7805,141.2356,144.7434,27.4794,47.8666,309.3424,250.5448,299.2533,108.969,338.4986,335.7417,328.1254,178.2044,76.5853,156.3472,31.5361,138.9607,39.8046,130.1874,390.3264,136.9087,100.7154,440.4306,13.9761,123.385,365.46,410.634,71.9355,55.55,22.087,196.1159,91.39,37.7968,40.2384,76.0811,24.0011,36.3312,98.8487,82.0463,63.7603,41.2354,29.0039,123.8027,101.1601,54.1007
2021-11-19,156.8244,155.41,183.8285,52.1547,214.13,40.1691,184.9385,506.6765,92.6411,325.0932,149.3127,45.2733,68.6334,14.291,172.61,59.2346,147.5227,343.1802,360.0466,65.7646,98.9232,45.9281,149.0798,75.0666,218.7688,141.6617,142.8525,27.4561,47.6248,310.4545,249.9408,298.6934,109.3799,330.2358,342.2941,329.8944,177.0331,77.206,159.5681,32.8403,139.2923,39.3323,129.922,392.5027,137.2201,98.8242,439.643,13.8272,124.6878,379.02,401.9822,71.8525,53.78,22.1991,193.7335,90.8503,37.5165,40.1656,75.8242,23.0645,35.9352,98.3556,82.6446,63.531,41.0142,29.1686,123.0531,101.5973,51.6002
2021-11-22,157.2835,152.52,178.6285,50.7388,209.9,40.9477,186.7285,512.2388,94.2967,327.92,149.4679,44.9088,68.2319,15.0943,168.74,61.4008,144.9229,350.9492,360.1347,65.5139,98.1998,46.2156,149.7256,74.129,217.8381,139.7972,145.8974,27.5571,47.9185,308.1648,249.6915,301.7903,108.4265,312.3302,338.0415,326.7408,177.4865,76.3755,158.9841,31.8159,139.5815,39.642,130.7892,387.946,136.1728,99.4219,438.4053,14.1538,123.2254,385.6233,399.7348,71.5758,54.45,22.3112,188.6409,90.4019,38.0181,40.2293,74.9012,23.4738,36.4417,98.6254,81.7231,64.0337,40.81,29.3463,122.4978,101.3427,52.3146
2021-11-23,157.6644,149.92,179.002,50.9075,209.13,42.0271,189.4503,517.564,96.2752,328.0327,146.4332,44.8643,68.1636,14.888,167.28,60.4327,144.4079,359.9675,359.7646,65.4228,97.795,45.5386,150.7263,73.7696,217.4621,140.6638,149.3862,27.829,48.2727,308.6414,251.1487,301.9652,107.6539,319.8152,334.3142,324.6736,177.5243,76.3318,157.0771,31.6068,140.5168,39.5491,132.2404,386.1779,136.3709,101.322,438.9866,14.1882,121.4437,369.6767,408.4962,71.6865,56.2,22.3025,191.4476,91.1326,38.173,40.2702,74.7014,24.1952,37.0127,98.7929,81.535,64.4569,41.2439,29.3767,122.6274,100.6074,53.6924
2021-11-24,158.1821,157.8,179.0205,51.2386,210.6,42.1421,191.0558,521.8068,97.012,345.4825,146.7337,44.8021,67.7108,14.9248,167.12,59.6084,144.7427,353.6336,363.0595,65.4076,98.0964,46.1507,150.6626,74.2359,217.6971,140.2699,148.2144,27.6483,47.8839,305.8377,251.1872,300.5655,108.1717,330.5081,338.091,324.8947,178.3367,76.582,156.9676,32.5307,139.2328,39.402,131.5502,387.4213,136.8993,101.6699,440.1588,14.022,123.3935,372.0,411.2644,71.8617,55.88,22.3888,196.0387,92.2369,38.1066,39.9837,74.8061,24.4314,36.9298,98.6812,82.1284,64.2629,41.7969,29.394,122.5811,100.8141,53.9901
2021-11-26,153.1712,154.81,175.228,50.1253,199.21,40.4876,183.3607,518.3898,94.7934,337.4432,143.602,43.2995,65.8912,14.5563,166.85,57.6723,140.8428,344.9519,354.7695,64.9365,99.3624,45.2418,147.2877,72.6013,209.4905,139.3595,143.7491,27.3654,46.4153,299.5948,249.6244,299.8133,109.0511,315.12,330.2202,316.9818,174.8038,75.5985,153.3087,31.3649,137.022,41.8099,130.4971,380.0763,134.0498,98.7171,430.3417,13.8787,126.5115,360.64,401.9001,70.9857,49.63,22.2163,190.6374,89.6713,38.2099,39.2969,73.4359,23.4484,35.705,96.0114,80.078,63.4517,40.6654,28.9346,122.1277,98.0653,52.0935
2021-11-29,156.5216,161.91,178.0785,51.7531,198.5,40.3372,180.7681,526.6954,95.0749,326.9151,143.3111,43.4684,66.2243,14.4973,166.62,57.3751,144.1587,342.4272,358.3991,65.3392,99.1385,46.3733,147.8699,73.9712,209.3589,139.841,143.1277,27.3261,47.1496,299.7537,244.313,298.5097,109.1251,313.9923,335.0874,323.6641,177.4865,77.8553,154.9967,33.2296,139.573,40.5711,131.8687,388.3249,135.7198,98.7796,435.6205,13.6896,125.4945,378.9967,412.9455,71.5666,50.17,22.2594,189.3256,90.3355,38.1066,39.4788,74.0639,23.5835,35.8155,96.1788,82.0801,63.6104,41.1758,29.3637,122.4608,99.5887,52.3826
2021-11-30,161.4642,158.37,175.3535,50.7755,197.85,39.3462,178.3968,511.9828,93.4358,324.5201,140.4897,43.424,65.6434,14.1436,165.5,55.4677,140.56,337.5106,352.9282,65.0657,99.7328,45.6314,144.3403,72.8369,205.091,136.497,140.9972,26.4069,45.661,297.3238,237.8033,294.0025,109.3635,306.1282,321.6355,317.8567,173.0089,76.2044,154.4219,32.5327,135.8655,41.6009,127.9398,382.6218,133.0685,97.8072,427.1445,13.0822,127.4024,381.5867,405.8377,70.0451,47.91,22.156,186.8951,88.6251,37.0813,38.5009,71.7137,23.0308,34.959,93.7416,81.3951,61.9792,40.3166,28.5055,120.0547,98.2431,50.8943
2021-12-01,160.9465,149.11,172.186,50.8745,188.19,38.7888,176.6622,502.9272,92.7984,320.7729,137.8234,43.584,65.2676,14.431,166.16,55.6499,139.722,335.2753,354.2198,65.0748,99.9207,45.0749,142.9302,71.4889,200.4754,138.3791,140.1627,25.8333,45.5304,297.464,238.8484,289.6805,109.3791,297.7294,307.8962,317.3663,169.306,77.1352,152.1043,31.301,136.1886,42.3364,129.5503,376.1124,131.2097,96.933,422.4,12.7384,128.1883,365.0,405.9473,69.5656,47.04,22.2163,183.4131,87.1638,36.7125,38.1098,70.0582,22.7861,34.5722,92.4392,80.2806,61.6793,39.7891,28.5575,119.8418,96.4699,50.8517
2021-12-02,159.9599,150.68,171.868,50.6627,202.38,39.909,181.5708,498.8172,95.315,329.2912,142.7197,44.1175,66.0791,14.6447,165.24,58.487,141.6184,345.1248,360.7218,65.555,99.7052,45.9096,146.0232,72.2782,206.0687,137.5125,143.1099,26.124,46.2007,303.8122,237.6499,291.5416,109.6344,311.2608,307.6881,316.799,172.1399,77.8202,155.1154,31.989,137.5027,41.0667,130.3112,378.823,133.0213,99.3951,428.8697,13.2083,128.3482,361.5333,407.4821,70.7367,48.29,22.225,191.2547,89.7792,37.4206,38.8875,71.238,23.4484,35.6037,95.1834,81.0188,62.3318,40.8781,28.9216,120.4249,97.8443,52.119
2021-12-03,158.0844,144.01,169.4895,51.1827,198.49,39.0022,182.5027,502.0633,94.7106,327.9951,141.7695,43.4951,65.8058,14.1067,166.63,57.2314,140.663,340.8413,360.7571,65.555,100.2913,45.6777,145.6684,71.0711,201.8385,139.5171,140.5178,26.4304,46.6099,300.7178,235.4448,294.4346,110.5483,313.1174,304.1689,310.5686,168.4086,77.3021,155.6135,30.5621,141.0041,42.019,132.6298,372.2358,131.8041,99.2345,425.138,13.4432,129.8796,338.3233,411.8359,70.6352,48.0,22.2163,189.3546,89.4803,37.9296,38.8011,71.0762,23.2628,35.0235,95.0719,79.6632,63.1078,40.6739,29.212,120.647,95.9413,51.7873
2021-12-06,161.4837,139.06,171.3685,51.8118,205.88,39.2511,185.7135,506.1165,96.1925,332.9445,145.7932,43.833,66.4379,14.1657,166.22,57.356,141.8056,346.6922,367.7369,65.8447,99.7914,47.2915,147.6879,71.7245,205.8901,142.6334,142.1778,26.9254,47.8026,304.778,236.1638,299.8592,109.9884,324.0242,315.1029,313.6262,167.9363,78.2856,154.3978,29.9089,142.4679,39.8588,134.6385,375.2185,132.8138,101.1257,430.173,13.3401,128.0957,336.3367,421.7257,71.2346,50.51,22.2508,195.4889,91.0496,37.6714,39.3696,72.2466,23.6088,35.5576,96.6812,80.4206,64.2188,41.2609,29.6584,121.3318,97.0369,52.3741
2021-12-07,167.2077,144.85,176.1645,54.1429,208.83,39.749,188.6752,514.4886,97.6163,339.3591,146.2198,44.5265,67.839,14.7111,166.81,58.9758,145.8813,356.319,368.1614,66.1954,99.4122,48.7569,149.5346,73.8352,210.6655,143.0011,144.3172,27.114,48.0637,310.0478,234.9942,299.1624,110.0379,330.0317,319.9999,322.02,173.6135,79.3921,156.5733,32.2887,142.3053,40.0446,134.2845,386.5177,135.9463,103.7128,439.071,13.2255,127.0607,350.5833,425.9603,71.9724,51.59,22.2594,200.0125,92.3614,37.4649,39.97,72.9887,24.1614,36.1931,97.6672,83.2283,64.3599,41.9925,29.8794,122.8957,99.3003,52.961
2021-12-08,171.0172,145.24,176.158,53.9742,211.03,39.26,188.3985,503.1834,98.055,339.096,148.6728,44.7043,67.9671,14.6005,166.9,58.257,146.7897,353.8344,363.8003,66.1801,99.0933,47.9964,149.6438,74.3112,212.1038,143.8589,142.6661,26.0455,47.8809,312.4295,234.2368,300.8471,109.305,332.7828,327.6824,322.068,173.7741,79.313,155.6227,31.6903,142.5536,39.7969,134.8862,388.2472,136.1161,103.7038,440.2336,13.2771,124.8645,356.32,429.7457,72.0646,52.42,22.156,201.575,93.0257,37.2436,40.1383,73.5216,24.1572,35.9997,97.9091,83.6094,64.1571,42.1712,29.8491,123.8212,99.5502,53.1141
2021-12-09,170.5093,138.1,174.171,53.5028,207.56,39.5534,188.3431,497.6971,97.7984,339.9039,148.285,44.4909,67.4033,14.4236,165.88,57.1451,146.2469,353.0952,363.8799,65.8828,99.3432,46.8185,149.0979,73.4222,207.3002,145.2245,142.4442,26.2969,47.759,311.4262,232.8754,303.0699,109.2144,334.9019,326.9489,320.2701,170.9119,78.953,153.6574,30.36,142.3738,40.3234,135.6739,382.5343,135.0122,102.901,437.2614,13.1453,125.563,334.6,433.8337,71.8064,51.02,22.2336,203.8899,91.6806,37.0002,39.9154,72.9412,23.9716,35.926,97.6021,82.7073,64.3335,41.6352,29.8101,124.1081,97.825,53.2502
2021-12-10,175.2858,138.55,172.212,57.9285,205.06,39.5801,187.7249,530.435,97.964,336.5603,148.062,44.5265,67.5485,15.8093,166.58,60.5861,146.6064,348.2596,367.4714,66.0353,99.4122,46.9205,149.7984,74.1436,206.7267,144.8656,141.876,26.8312,48.9952,313.189,234.0642,304.199,109.3379,340.1511,326.8795,329.3465,172.7256,79.2779,154.5349,30.0693,144.651,40.8653,137.5676,386.6927,136.1067,104.132,441.3775,13.088,125.26,339.01,438.3341,72.5625,52.03,22.1991,205.8286,91.9629,37.0223,40.161,72.9792,24.1488,35.9628,98.0021,84.3668,65.418,41.8479,29.9704,124.543,98.5074,53.5904
2021-12-13,171.6619,133.8,169.5675,57.0096,197.4,38.7444,185.6859,528.9164,95.9276,330.0425,145.8514,43.8203,66.9157,15.0575,167.0,56.6754,144.452,342.5422,358.4836,66.0353,99.8862,46.3733,149.1461,73.2391,203.7056,147.4567,140.1893,27.0904,50.2837,313.3672,238.273,304.7898,109.832,335.6698,331.5782,326.3274,170.0126,80.56,152.5056,28.0409,145.3701,42.739,139.5232,381.1061,135.1008,103.0883,437.4677,12.8587,127.1112,322.1367,438.2515,72.877,51.44,22.2681,203.533,92.8264,37.0887,39.92,72.5986,23.478,35.576,96.9882,83.1125,66.2733,42.4094,30.3388,125.7183,95.9701,52.4167
2021-12-14,170.2846,135.6,169.0915,56.3906,195.5,39.2333,186.0457,517.6399,96.209,327.3471,144.5619,43.7211,66.5594,14.7774,165.44,55.9758,142.5505,346.2647,355.7944,65.9209,99.7138,46.0951,148.872,72.3514,201.9518,149.0674,141.2635,27.3261,50.3185,313.658,239.088,304.8692,109.3379,331.0427,330.8347,315.6933,167.9767,79.0584,151.1893,28.2162,145.0105,43.0023,140.0365,377.1617,134.0033,102.33,434.4579,12.7728,126.8083,319.5033,439.4615,72.3867,50.92,22.3112,202.5299,91.6391,37.3616,39.879,72.4083,23.3809,35.7879,96.0672,81.7472,66.3174,41.9415,30.1568,125.2093,95.4127,52.3401
2021-12-15,175.1393,146.5,173.315,58.6787,195.43,39.0644,186.8853,536.757,95.6627,323.0176,145.8223,43.5949,67.4633,14.8806,166.15,56.177,145.0606,347.2354,360.7571,66.1725,99.5673,46.9947,150.1876,73.8812,205.1577,149.8115,140.2071,27.4047,50.5448,320.0905,263.9191,303.7932,109.4779,336.6807,338.6859,321.7604,171.6697,80.7883,149.8182,30.3291,146.8768,45.5264,140.5762,385.7599,136.6905,102.3033,441.2463,12.704,125.5882,325.33,453.1368,73.4136,51.62,22.2767,204.7772,92.926,37.2878,39.9655,73.1695,23.267,35.8892,96.9044,83.9133,66.9875,42.5625,30.6509,127.7727,96.6237,52.1105
2021-12-16,168.2626,138.64,168.871,56.9198,190.79,40.0068,190.2253,524.5597,96.5567,327.1028,144.2225,43.649,67.472,14.9985,168.16,55.9662,143.0835,353.8789,353.4325,66.1235,99.8572,47.1431,150.8363,72.2371,201.0089,151.4484,142.3997,28.2847,51.0585,318.8246,267.5239,304.1636,109.4746,343.0674,331.9846,312.3859,168.952,80.9903,148.7396,28.266,147.0908,47.4233,142.5672,375.8403,134.9779,101.3309,437.3552,13.5865,125.637,308.9733,451.7436,73.5246,51.87,22.1819,206.7641,92.8928,38.9106,40.3748,73.0648,23.4147,36.3404,96.951,81.535,67.4637,42.7242,30.8069,128.5315,94.4901,52.1955
2021-12-17,167.1686,137.75,170.0175,58.2293,192.63,39.0111,185.7966,519.7944,94.0401,325.9196,144.2322,43.4325,66.6202,14.571,167.8,52.8702,140.3891,340.013,343.2151,66.0624,100.0815,46.9483,148.9725,71.9039,202.857,147.2641,139.1595,27.8997,50.2575,313.0297,256.3835,303.5461,109.7304,339.5581,330.8843,311.3282,167.0961,79.8575,147.4965,27.6825,144.0773,46.0529,139.3374,373.9652,133.4355,96.9062,432.7004,13.6266,127.0607,310.8567,446.4825,72.7198,50.78,22.337,204.3625,92.7766,39.2205,39.87,72.7699,22.938,35.5392,95.2951,80.9898,66.3086,42.5795,30.3432,127.6339,93.8461,51.0559
2021-12-20,165.8109,135.8,167.079,59.1528,188.48,38.371,180.3436,520.6962,94.0815,318.0587,142.0119,42.7832,66.4725,14.3131,167.09,51.7967,140.2722,330.9383,344.4713,65.9476,99.9952,46.0023,147.3644,71.0235,200.0094,146.8439,136.6562,27.7111,50.0921,309.7384,252.6061,297.6188,109.2519,327.6113,322.6169,307.588,164.3499,78.9793,143.4928,27.6008,145.0361,47.2452,139.6913,370.3376,131.6188,96.4245,428.0994,13.8615,126.1087,299.98,443.3753,72.3775,49.9,22.3112,201.3339,92.0542,39.1614,39.1577,72.2617,22.6538,34.8489,93.7684,80.0265,66.3281,42.3007,30.372,126.8609,92.3311,50.3159
2021-12-21,168.9757,144.25,170.417,59.6429,199.52,39.2867,182.9732,517.7253,95.5881,328.5305,146.4525,43.5047,67.2113,14.4531,167.02,52.5156,142.1201,338.695,345.4178,66.2995,99.5984,47.0875,149.5663,72.6676,205.7235,146.3713,138.5648,27.499,50.2924,312.1483,253.9483,300.5737,109.4664,340.9482,331.2908,314.6838,168.1187,79.4272,152.3137,28.951,144.6081,45.6425,139.6028,378.6259,134.0979,98.4584,435.702,14.022,125.6286,312.8433,446.5649,72.9048,51.57,22.2853,207.7383,93.0921,38.9328,39.6514,73.6347,23.2991,35.5707,95.6359,82.0517,66.2394,42.5409,30.3283,127.3905,94.723,51.4556
2021-12-22,171.5642,143.88,171.037,60.4698,201.69,39.3667,186.5163,521.7499,96.1345,325.8914,147.2573,43.7121,67.8371,14.8437,168.59,53.7521,145.0349,340.485,349.9913,66.4754,99.6933,47.273,150.4891,73.5796,207.7035,147.0015,139.1063,27.5854,50.6493,314.4549,255.5014,302.6641,109.6396,347.5,327.5734,320.3661,170.1167,79.7345,151.226,29.2747,145.5071,46.1071,140.9833,383.237,135.2239,99.6806,440.0585,14.1996,126.2099,336.29,452.9077,73.4228,52.48,22.1991,210.2268,94.0469,38.9254,39.9669,73.8158,23.4486,35.7372,95.9067,83.1247,66.6566,42.9614,30.4594,128.8768,96.4507,51.8723
2021-12-23,172.1894,146.14,171.0685,61.3558,204.22,39.4912,190.2531,522.4145,96.3663,327.9763,148.954,43.9376,68.2369,14.9248,168.97,54.5476,145.5317,342.8984,351.2563,66.6666,99.4862,47.5883,151.3297,74.1657,209.3631,147.2816,139.6034,27.6954,50.6841,318.0369,261.829,306.0865,109.4746,350.5134,332.3217,321.7987,171.5845,79.6467,151.4361,29.5136,145.3444,45.4567,141.6735,386.1263,136.1418,100.2426,442.7965,14.2512,125.1147,355.6667,454.0533,73.7003,53.13,22.1819,208.9343,93.9473,38.859,40.3691,74.4737,23.4615,35.9223,97.0366,83.5887,66.8075,42.8327,30.455,129.4063,97.7887,51.8979
2021-12-27,176.1454,154.36,169.6695,62.2307,203.17,39.6868,190.4191,534.8491,98.3365,329.4132,148.1493,44.136,68.7671,15.3302,169.37,55.046,146.5123,345.5701,357.4664,66.7354,99.5207,48.1726,152.9652,75.2772,211.3243,148.5247,140.4024,27.8368,51.0585,322.0221,266.9199,308.9619,109.7963,350.2511,343.1664,329.2599,174.6621,80.1912,153.1821,30.8131,146.7912,45.8361,143.3283,392.5078,138.4127,101.8929,449.0631,14.1996,125.418,364.6467,457.8297,74.5329,54.52,22.1905,209.9085,95.5422,38.859,40.9771,75.1983,23.9743,36.2924,98.0637,85.3819,67.5178,43.7078,30.6035,130.772,98.7416,52.6378
2021-12-28,175.1295,153.15,170.661,61.7434,206.13,39.7401,190.6405,535.9595,98.1461,328.4929,150.4762,43.9917,68.7931,15.3007,168.64,54.7393,145.3043,345.1871,359.3506,66.7048,99.5035,48.0057,153.221,74.9489,210.0325,149.1199,140.8285,28.1747,51.2587,322.3691,265.0216,312.0226,109.6561,350.7079,343.2061,328.1061,173.2416,80.6829,152.1217,30.1927,147.5531,44.9147,144.0981,390.6887,138.0625,103.0972,448.696,14.2225,124.921,362.8233,460.9827,74.6439,54.67,22.2163,210.3136,95.8942,38.8885,41.2148,75.1602,23.9572,36.3109,98.5586,84.9373,67.8996,43.8966,30.8787,130.4282,98.7849,52.4677
2021-12-29,175.2174,148.26,169.201,62.0766,203.66,39.6779,191.2956,538.9305,97.6411,324.6799,150.1562,43.7933,68.7671,15.1533,168.59,54.8543,145.2726,343.9314,363.4376,66.5977,98.9945,48.0706,153.5682,74.9878,210.2588,150.1704,140.7574,28.1354,51.3196,323.8787,266.9295,312.4813,109.0539,351.2037,339.9547,328.7791,173.4026,80.7795,154.2789,29.8731,148.0753,44.5818,145.2928,390.6303,138.4316,103.8198,449.27,14.1194,123.5563,362.0633,463.4023,74.9677,55.08,22.156,210.4293,96.5395,38.623,41.384,74.7883,23.8033,36.2647,98.736,85.0098,68.2103,44.1626,31.0447,131.1714,98.9822,52.0084
2021-12-30,174.0648,145.15,168.6445,61.3816,202.71,39.589,190.1423,535.2665,97.2107,322.2024,151.184,44.295,68.5868,15.087,169.8,55.717,144.8224,343.3259,362.6414,66.5672,99.3223,47.9871,153.4677,74.6984,210.2023,150.8357,140.6864,28.0175,51.1716,322.8754,265.8077,311.8727,109.4912,350.912,341.3622,326.2505,172.683,81.4644,153.0998,29.4599,147.8184,45.2167,144.0362,389.463,138.0625,103.6949,448.028,14.1996,124.5925,356.78,462.3483,74.9307,55.1,22.1905,210.1399,96.9585,38.5418,41.2377,75.103,23.658,36.1999,98.3812,84.4491,67.9972,44.36,31.1583,131.4408,98.6261,51.7022
2021-12-31,173.4494,143.9,166.717,61.4121,201.32,39.5534,190.7513,538.8641,97.1444,323.0125,150.1757,44.0784,68.5258,15.3081,170.96,56.1962,143.4866,340.6809,367.1265,66.5519,99.2102,47.7645,153.4311,74.3214,209.7497,149.7502,140.5711,28.2061,51.546,324.8446,264.8203,313.4868,109.3261,349.2886,333.422,323.366,172.1716,81.9825,152.3502,29.2856,148.7088,45.7199,144.753,387.0309,137.7314,104.3461,446.8989,14.0965,124.8367,352.26,460.2495,74.8382,54.36,22.0956,209.0211,97.2267,38.3279,41.4205,74.0637,23.7179,36.1351,98.8014,84.0383,68.4589,44.4543,31.2675,130.8834,98.3902,52.0424
2022-01-03,177.7864,150.24,170.4045,61.2192,207.86,41.0559,190.9912,537.9244,98.7256,329.8139,151.9887,44.3942,68.97,16.0451,168.33,58.6308,143.6248,352.0622,361.4914,66.5213,98.2871,49.3505,153.9702,74.854,212.4558,150.1616,143.5449,28.3947,51.6243,317.54,260.5156,312.5606,108.1629,360.594,335.593,321.8565,172.5409,80.4897,150.522,29.9926,148.0838,43.8617,144.1512,390.7568,137.3623,104.0874,449.4865,14.5721,121.5598,399.9267,460.3777,74.3757,54.83,22.2336,213.5736,96.4641,38.682,40.8811,74.5786,24.4529,36.5793,97.989,84.8358,68.45,44.0425,30.9573,129.5364,101.2153,54.0411
2022-01-04,175.53,144.42,167.522,61.9206,213.63,42.665,201.2142,535.5703,100.5219,349.7661,150.9901,44.2408,69.3619,17.9172,169.57,63.011,143.0384,362.8824,365.2068,66.353,98.2353,49.2856,155.3224,74.0782,212.1352,149.7589,148.9866,28.9996,52.4862,323.3255,255.7987,319.2906,108.2537,364.9101,333.6005,316.3376,171.9444,79.6292,152.0943,29.1651,148.2979,42.2203,144.6556,385.6885,137.2015,101.9108,449.3359,14.6924,121.0543,383.1967,449.947,74.1259,55.59,22.2508,214.5671,96.3467,39.4418,41.384,74.4165,25.2991,37.5417,99.9592,83.9368,68.9117,43.8709,30.8612,127.8271,100.5993,56.0738
2022-01-05,170.8609,136.15,164.357,59.3438,213.07,41.9449,202.7551,521.9872,101.1759,350.4821,150.4665,43.519,68.7522,17.4381,169.06,60.1356,136.4763,355.0011,360.2529,65.8405,97.8212,49.9626,153.961,71.7142,204.9503,150.7569,146.2629,28.8818,52.9215,324.8259,249.8928,315.8948,107.6185,363.4616,321.3481,304.194,166.1775,78.7949,148.31,27.4863,148.8029,43.072,145.3105,373.8397,133.8992,98.5209,440.7077,15.0191,120.3973,362.7067,448.8381,73.2378,55.43,22.225,212.1944,93.5894,39.8475,41.3794,72.5477,25.2948,37.1068,99.0068,81.3557,68.8495,42.4466,30.8438,126.9167,97.8849,56.7713
2022-01-06,168.0087,136.23,163.254,58.7928,211.34,42.7895,204.8219,521.8733,102.0368,354.5421,152.1245,43.7175,68.4039,18.0277,166.99,60.2602,136.4491,353.4871,358.9436,65.8482,97.5797,50.0925,154.2626,71.5148,206.1195,150.2404,147.8168,28.9368,52.6429,316.9492,248.6273,315.7713,107.4782,360.1424,329.5659,301.7903,166.7646,75.3175,147.2039,28.0579,148.8372,42.4603,144.0893,373.577,134.0222,99.1453,440.2938,14.9618,120.7089,354.9,430.4698,72.9325,56.89,22.2422,211.9532,93.6732,39.6557,40.8583,72.8719,25.8589,37.6527,99.4643,80.9449,68.6631,42.498,30.5249,125.4489,97.6299,58.1066
2022-01-07,168.1747,132.0,162.554,57.1427,215.5,43.723,206.8517,508.9451,103.5021,356.6994,153.0262,44.1145,68.6042,18.013,167.75,59.6851,135.7255,354.0037,348.1955,65.6799,97.2605,49.5638,154.6463,70.7268,203.7339,152.2713,149.2814,29.3453,52.521,315.327,248.7903,317.6589,107.0162,359.8018,328.9017,301.9442,165.2306,75.8795,143.4836,27.1308,149.0255,43.1417,144.0097,369.5302,132.7637,95.9606,438.553,15.4729,119.8413,342.32,420.3417,72.6643,56.67,22.1215,209.2623,93.053,40.4918,40.8217,72.8814,26.2136,38.0969,99.4363,80.2005,68.7341,42.275,30.7564,124.8079,96.0032,58.5828
2022-01-10,168.1943,132.0,161.486,57.3282,209.31,43.5007,204.4989,492.4479,103.5683,357.8393,151.8336,44.1145,67.9684,17.5781,168.26,58.5349,137.3624,355.482,342.7551,65.7335,97.2346,51.2054,154.4088,70.6855,203.0267,151.5185,149.4243,29.3532,52.6081,314.5301,249.3751,320.402,106.9172,354.2147,325.2141,302.1652,165.8082,74.0179,137.5147,27.2832,149.1026,43.5443,142.0452,369.7733,132.1676,94.5868,438.0073,15.5729,120.1361,352.7067,426.2078,72.4793,56.16,22.1732,204.4493,92.5167,40.2156,40.4057,72.4238,26.1324,37.9673,98.3158,80.215,68.1925,42.0261,30.5555,126.0899,95.416,58.2341
2022-01-11,171.0172,137.31,165.362,57.4103,216.02,43.7497,202.9397,495.5139,105.9359,358.4893,153.0843,45.1341,68.7087,17.9466,170.29,58.9087,138.4188,358.9372,342.0563,66.0394,97.4675,51.8546,155.6604,71.4929,205.186,149.9078,149.5761,29.5339,52.6255,315.4677,251.494,321.1871,107.2389,356.5314,331.4593,302.848,167.6737,74.457,137.3867,27.6984,149.034,43.8927,140.3992,375.3281,133.3977,92.8116,441.9968,15.5023,120.9364,354.8,429.8741,72.729,58.16,22.0784,206.7738,92.6591,40.0065,40.8491,73.3296,27.0213,38.3005,98.9041,81.1769,68.1126,41.9575,30.2803,127.0932,96.3352,60.6836
2022-01-12,171.4568,137.47,165.207,57.4057,217.45,43.4385,205.2001,499.0924,105.4061,354.4385,152.9971,45.883,69.3793,18.0351,170.74,58.4966,140.0974,347.5916,344.4713,66.1465,97.4847,51.697,155.7884,71.7264,203.6585,148.6297,150.4245,29.3061,52.7038,320.0248,245.3581,318.682,107.1647,357.5241,330.3589,306.0112,168.3555,74.7204,139.1326,27.8796,148.8714,43.8617,140.709,376.8165,133.587,92.6599,443.1917,15.5671,120.473,368.74,434.2003,72.8123,58.91,21.9318,208.0566,92.7681,39.902,41.2605,73.4249,27.0726,38.3282,99.2216,81.5587,68.1393,42.069,30.3764,126.7309,96.9705,60.505
2022-01-13,168.1943,132.74,161.214,55.1159,223.9,43.3496,209.4444,490.6254,104.9673,358.3386,150.7089,45.2334,68.8742,18.4404,170.16,59.2059,137.2807,348.028,342.3305,65.9094,97.7953,50.955,155.1488,69.9388,201.7915,147.728,150.2369,29.581,53.0172,312.6359,239.366,322.1043,107.5029,359.6753,323.6379,293.06,163.6586,74.5536,136.7377,26.4617,149.1111,43.0023,140.0718,367.39,131.6756,91.3486,437.0851,15.7731,121.5429,343.8533,428.435,72.0722,58.27,21.9232,207.3717,92.5837,39.9543,40.9405,72.6622,26.9358,38.1802,99.4363,79.4465,68.2636,41.9232,30.5249,124.7615,95.0214,60.0712
2022-01-14,169.0538,136.88,162.138,55.0402,225.96,42.5939,211.2344,477.441,106.7554,357.5567,147.3154,45.2153,68.8045,18.5657,169.67,58.5637,138.1657,339.2472,329.0789,65.8482,97.1224,51.6599,154.893,70.1163,202.0744,146.9227,141.0029,29.8718,53.4438,308.1536,234.045,328.6667,106.5542,362.2254,329.0107,298.2521,163.0148,73.0607,135.4488,26.8271,150.361,42.5455,141.4168,369.6761,131.4391,89.3147,437.2639,15.9967,119.7065,349.87,429.5899,71.767,59.97,21.9836,207.0535,91.7456,39.7751,40.5931,72.9959,27.5683,37.7823,98.8387,80.1184,68.3878,41.4341,30.3152,124.5478,94.5786,61.1258
2022-01-18,165.8597,131.93,158.9175,53.3255,225.01,41.127,212.0924,463.2788,107.1031,361.6545,147.6354,44.4123,67.7942,17.9687,169.39,56.3496,134.7161,315.6118,324.4081,65.5269,96.3892,50.7881,152.6362,68.4942,195.9644,146.275,135.0909,29.4082,53.0172,301.1491,236.8733,332.1245,105.5395,356.541,315.3805,290.9929,158.782,71.3484,134.3245,25.7926,148.9228,41.8951,138.6914,360.4732,129.0924,87.1826,429.5201,16.0732,118.0217,343.5033,422.5323,71.0269,60.97,22.1215,208.0566,90.7818,39.8871,40.0583,72.1091,27.6794,36.9402,97.6995,78.1947,67.4024,41.1509,29.9527,122.8013,92.7883,62.155
2022-01-19,162.3726,128.27,156.299,52.05,217.08,41.287,205.5098,465.2627,106.714,354.1089,145.5412,44.6018,67.7332,16.5463,172.08,53.9054,133.8429,309.3068,318.1891,65.4657,96.6221,49.7307,151.2931,67.7548,192.7773,145.8198,133.0011,29.2432,53.1043,302.1149,234.9367,332.8212,105.7045,351.1195,316.8079,291.6467,156.9733,72.525,132.6426,24.9601,149.9929,41.4538,143.3548,356.514,127.9097,86.4154,425.0602,16.0556,118.8388,331.8833,423.9347,70.9436,61.05,22.0698,207.0631,89.5582,39.9393,39.9577,71.9852,27.4786,36.3202,96.607,77.1023,67.8285,40.619,30.0881,122.2997,91.1135,62.1805
2022-01-20,160.6925,121.89,151.6675,50.5502,214.19,40.6736,200.8463,458.2956,106.3332,345.706,143.1269,44.8634,67.4023,15.9567,171.65,52.3814,132.0509,310.0014,309.2457,65.3434,96.8291,48.2654,149.8587,66.9133,189.2886,144.6555,131.867,29.1175,52.8866,301.6367,233.0959,330.8807,105.6467,354.3024,313.8043,289.9833,155.2404,73.3329,130.4671,24.047,148.9057,41.8487,144.1288,351.8835,126.2443,85.3895,420.3557,15.9025,119.5716,332.09,424.3746,70.2776,60.66,22.1387,206.7448,88.41,39.8647,39.3772,71.2701,27.2264,36.0889,95.3745,76.1067,67.3846,40.2586,30.1274,121.5008,89.4531,62.3166
2022-01-21,158.6412,118.81,142.643,49.2129,205.44,39.9357,198.4913,457.1469,105.0584,343.1625,133.1986,44.2138,66.4878,15.2196,171.09,51.0683,129.1228,306.27,308.821,65.351,97.3899,48.2654,147.7664,65.1671,185.7433,144.3229,129.5629,29.0704,52.6255,296.4232,233.0288,327.4142,106.3397,345.62,300.5309,284.6278,151.5001,72.5338,130.6682,23.2743,149.1453,40.8731,144.6805,342.1262,124.1626,85.9158,412.1039,15.6612,120.9954,314.6333,422.6973,69.556,60.78,22.0784,198.6236,88.1921,39.6855,38.4172,68.8579,26.688,35.3486,94.4967,74.5938,67.4379,40.2328,30.0706,120.2745,86.8302,61.381
2022-01-24,157.8695,116.53,144.544,49.9836,204.2,39.6067,198.7138,464.0667,105.2819,342.927,133.2762,43.5912,65.8259,15.028,172.03,50.4548,129.571,305.8069,321.8339,65.2822,97.3036,48.1726,148.0131,65.6876,190.024,142.6597,129.4469,28.5911,52.1989,296.4606,230.4977,329.293,106.0097,340.1108,306.0226,284.9547,152.3049,71.9367,133.4561,23.2724,148.3834,39.9053,143.5061,343.6924,124.9953,87.5127,413.8539,15.5023,120.0012,310.0,423.7055,69.8705,60.11,22.1474,194.6884,88.3597,39.5362,38.44,69.3633,26.8674,35.4504,95.0383,74.9805,67.2159,40.3186,29.7823,119.8751,87.8746,61.9083
2022-01-25,156.0723,111.13,139.986,49.2969,204.1,40.3891,198.6953,453.0749,109.7604,346.8741,132.3551,43.5099,65.4252,14.7258,172.58,49.7456,125.7385,304.1682,317.5611,65.0909,97.1742,47.3008,147.4193,64.2137,187.4876,146.7389,130.8578,28.4497,52.077,294.0508,229.5774,341.5005,105.7127,329.7348,297.5372,277.3783,149.9091,65.9478,132.9808,22.2288,146.6799,40.6795,141.9402,335.7252,123.1975,86.5403,408.8011,15.5847,119.8076,306.1333,418.7285,68.742,60.97,22.156,194.833,88.0078,39.4914,38.0926,67.9426,27.9102,35.5984,94.1046,73.2453,66.4702,40.2071,29.3149,119.104,86.3874,63.7284
2022-01-26,155.9843,110.71,138.8725,51.4178,194.27,40.8069,198.6767,458.9125,109.8432,350.661,129.5336,42.9595,65.1727,14.6742,169.79,50.1769,128.0148,305.1746,316.0573,64.8691,96.484,47.9407,146.4142,64.2454,184.7815,147.3954,132.0992,28.3161,51.8855,289.6811,228.0434,345.0904,104.995,335.4776,292.0652,285.2817,150.0701,63.7876,131.6188,22.6749,145.1304,41.0434,140.7035,335.1999,122.9042,85.2646,407.7755,14.2723,118.3586,312.47,420.1859,67.9186,61.68,22.2767,198.5657,86.6333,38.088,37.6949,66.951,27.8632,35.691,93.2828,73.6754,65.9641,39.5378,29.0746,118.4816,85.9687,63.082
2022-01-27,155.5252,102.6,139.6375,50.0509,189.75,40.4247,196.7112,458.0107,112.0617,354.1653,131.2982,42.4632,64.8678,14.4089,167.6,49.3142,127.789,303.7052,315.3053,64.5861,96.8895,44.5648,145.9848,63.6957,180.5855,149.33,129.7684,28.3554,51.929,291.9503,226.9505,343.1851,105.2343,341.1912,292.0751,288.2911,148.2047,63.6735,132.213,21.8504,144.9934,41.6363,141.5755,331.8243,122.3648,85.0327,405.762,14.1958,120.532,276.3667,423.0915,67.9002,61.86,22.4663,198.8358,85.2001,38.2149,37.8229,67.0273,28.1666,35.3671,92.4518,73.168,66.408,38.8257,29.3324,118.7882,83.8848,63.89
2022-01-28,166.3774,105.24,143.978,51.6928,190.57,40.7803,186.5034,467.4174,108.1213,352.1212,134.4105,42.6708,65.0856,14.4756,167.1,48.1545,132.094,309.0308,324.2489,64.7697,97.1138,44.268,148.1319,65.9356,184.1026,150.3804,130.9293,28.3239,52.965,295.3167,234.9846,346.7751,105.3498,372.3192,299.0836,296.3868,152.0777,63.6647,133.3739,22.7426,147.8184,42.3853,142.7943,342.2332,125.6671,86.7187,415.8392,14.8373,120.5742,282.1167,427.1794,69.5283,61.97,22.4577,219.9106,87.9575,39.4914,38.0423,68.9437,28.0469,35.8298,93.0961,76.3677,67.1893,40.1728,29.6862,121.2128,85.7137,64.0261
2022-01-31,170.7242,114.25,149.5735,54.0721,200.24,41.0203,186.8742,479.4723,108.7173,354.5799,138.6184,44.0694,66.0349,15.0386,168.09,50.5411,134.0281,315.8612,324.6381,64.785,97.1138,45.2789,149.7947,67.8691,189.7506,150.8181,132.7065,28.1275,53.113,298.8236,235.2627,343.2293,105.3993,376.0861,310.533,299.002,156.6229,68.5998,135.3483,24.3816,148.5461,41.1058,142.7498,353.1772,128.1556,87.7089,423.329,15.0079,119.9507,312.24,433.1463,70.3608,62.48,22.3025,218.1455,89.0386,39.7378,38.6046,70.5074,28.1709,36.1444,94.0672,78.2865,67.4468,40.619,30.2497,121.9095,89.0103,64.6044
2022-02-01,170.5581,116.78,151.1935,54.7034,208.34,41.7315,190.3881,482.5858,111.5816,355.9741,140.0922,44.3401,66.662,15.3053,168.23,51.8255,136.3466,324.2146,326.1596,65.0422,96.9826,45.3995,150.882,68.3969,191.7496,149.5839,134.9837,28.3868,52.7212,301.3835,238.0334,341.3594,105.5745,381.6147,316.223,296.8675,158.4316,67.8183,135.4854,24.533,147.5359,41.4023,142.1182,355.5801,128.8842,88.1014,426.1893,14.3723,119.5526,310.4167,429.3333,70.4626,62.53,22.2422,224.1159,88.7201,39.7154,39.1989,71.1176,29.1751,36.6441,95.3651,78.4895,67.3846,40.3444,29.8478,122.2347,89.5494,68.7464
2022-02-02,171.7596,122.76,150.6125,55.6918,207.52,41.6871,190.008,495.5044,112.0948,352.7711,138.2791,44.2679,67.1584,15.2831,168.84,51.2792,146.6049,323.324,330.6093,65.1419,97.1811,45.9189,152.0972,68.8663,189.8449,151.2383,133.9032,28.5832,53.261,302.2087,240.4781,341.6504,105.5828,386.1798,320.1883,301.3865,159.6721,68.2573,135.9333,25.1344,150.2155,42.0186,144.6627,358.4694,130.6442,87.1826,430.3293,14.4429,119.9575,301.8867,439.7547,71.1749,62.52,22.156,227.0673,89.8515,40.1633,39.3223,72.5382,29.2691,36.8939,96.0281,79.1275,68.1925,41.0394,30.289,123.879,89.0152,68.5678
2022-02-03,168.8878,120.08,138.8455,53.6079,206.39,41.2781,185.9749,496.0178,111.0932,349.3893,135.7679,43.7987,66.0959,14.7349,168.6,50.9053,141.7412,319.6016,322.7184,64.5585,96.7666,44.7781,150.4709,66.3491,186.2524,151.2296,132.7958,28.159,53.6353,292.3723,234.7066,343.732,104.7314,379.6778,235.6903,289.6468,155.9317,66.5362,132.8254,23.8459,150.1299,41.6441,146.0327,343.9356,126.6512,85.5858,420.2144,14.4547,119.0211,297.0467,447.9948,70.3423,63.51,22.0439,223.325,88.8961,40.1558,38.6366,67.6852,28.9914,36.4868,94.4967,76.8317,68.2103,40.619,30.1536,123.3494,86.2912,67.7683
2022-02-04,168.6042,123.6,157.6395,54.4671,206.45,42.9229,183.9538,494.1164,112.4839,348.0704,137.6974,43.907,66.2526,13.3051,168.86,49.1609,141.9423,327.3672,318.1715,64.3052,96.024,44.8669,150.5165,67.1492,187.0539,150.2404,136.2429,27.3026,53.0695,279.4135,232.2714,343.4057,103.69,372.0174,235.0261,294.1562,157.9581,66.7469,132.8986,24.2153,147.6643,41.3477,143.7107,348.2744,126.2159,84.7472,422.1904,14.1722,117.2665,307.7733,442.862,70.1666,64.91,22.0267,220.2867,88.0161,39.7975,37.9966,67.8568,29.4444,37.1068,93.4789,77.141,67.3757,40.0612,29.9133,122.9036,88.7457,69.2397
2022-02-07,167.8902,123.67,157.9355,54.2336,211.92,43.1273,185.2611,490.428,114.6942,350.6234,138.1724,43.8167,66.3659,13.2532,170.11,48.605,137.8889,327.857,316.1192,64.2592,96.05,45.0257,150.6627,66.692,187.978,149.7414,136.6984,27.279,53.6266,277.9975,233.4986,346.0606,103.88,366.1091,222.9521,289.3584,157.5699,66.4572,132.67,24.6226,147.0822,41.5115,142.6342,345.4726,125.6955,84.9167,420.8355,14.0839,117.3424,302.4467,443.3477,70.0186,64.68,22.0353,219.1004,87.8904,39.5661,37.8092,66.6745,29.8204,37.2178,93.5536,76.6286,67.5,40.0698,29.8697,122.6899,88.5628,70.0732
2022-02-08,170.9906,128.23,161.4135,55.3956,213.27,43.9008,186.8186,495.4283,112.9475,367.2784,138.1434,44.2408,66.7055,13.1273,170.63,47.4069,138.085,329.5936,319.7373,64.1901,95.7391,45.6145,151.686,67.3876,191.1838,150.1353,139.2703,27.4518,53.9748,280.0978,230.0088,349.3242,103.4916,364.3961,218.2633,292.8293,158.6399,66.264,131.1984,25.001,147.262,40.3335,142.3139,349.3542,126.2443,84.6759,424.2981,14.0898,116.5579,307.3333,452.2477,70.2313,63.62,22.0698,219.8527,87.4797,39.4317,38.3943,66.6459,29.1794,37.736,94.4874,77.576,67.7575,39.7094,29.8915,123.6931,89.8093,68.2616
2022-02-09,172.4087,132.85,161.1895,56.4219,215.86,43.8119,188.7657,502.7293,114.065,372.4784,142.7488,44.9356,67.7855,13.594,171.21,48.6146,140.2574,333.5387,322.3293,64.5278,95.8686,46.6425,153.3946,68.7179,194.814,150.1178,139.8508,27.4597,53.1391,285.199,233.2302,348.0012,103.8387,371.2096,229.9804,299.2231,162.5034,67.3177,133.6938,26.5911,147.1935,40.1541,141.9936,356.7572,128.6666,86.6473,430.5081,14.4194,116.7772,310.6667,456.5465,71.0639,64.17,22.0439,222.6787,89.4576,39.9393,39.2309,68.5242,29.423,37.9766,95.7853,79.2967,67.7753,40.6704,30.0225,124.65,90.998,67.9348
2022-02-10,168.3401,125.77,159.0035,54.5779,218.75,43.6074,188.2743,492.8901,112.6163,370.3589,147.5287,44.6378,66.9233,13.394,170.56,48.2503,137.3134,330.0122,314.12,63.6757,94.9878,45.6612,151.3389,67.3243,191.825,148.3058,139.2703,26.9411,53.4351,289.6061,229.75,339.9657,102.4253,364.4155,226.0846,290.7332,159.4637,66.2552,132.3775,25.7139,144.1373,39.4753,139.8317,348.6829,125.8469,85.4549,422.7738,14.2723,114.9213,301.5167,446.1158,69.6393,63.96,22.0784,217.9401,87.3457,39.596,39.0023,67.5421,29.2392,37.6435,94.2166,77.2232,67.0472,39.5121,29.2625,122.6992,89.4291,67.2813
2022-02-11,164.9366,113.18,153.2935,52.9221,212.3,42.6028,186.5776,484.515,114.9094,369.9068,144.9206,43.9611,65.913,13.0013,173.81,46.803,133.0168,323.324,309.8738,63.4531,95.9722,44.5117,149.6942,65.3544,189.8826,146.8089,137.4575,27.2868,52.4862,276.3659,226.0109,349.4565,103.1858,359.9186,217.6388,283.676,154.8522,65.8249,128.1362,23.8469,144.3171,39.6158,139.0488,337.6221,123.2353,84.0382,414.4372,14.2016,116.6253,286.6667,438.2424,68.9362,65.74,22.1732,217.0706,86.5495,39.805,38.3989,66.0834,30.0897,37.116,92.7786,74.8645,66.8075,38.9716,29.2799,120.9991,86.8591,68.9753
2022-02-14,165.1713,114.27,155.167,53.3984,210.04,42.1583,185.3259,481.5585,113.1379,364.8103,146.2586,43.6543,65.4862,12.9347,174.74,46.3909,134.2485,320.8127,310.9973,63.3457,95.3073,44.465,148.5613,65.403,189.2226,144.9619,136.1804,27.1768,52.8257,275.222,225.9435,341.3241,102.2683,364.1917,215.8049,283.6375,153.6685,65.7898,129.425,24.1635,142.7077,38.8512,139.4491,338.0405,122.5635,83.9665,413.0823,14.1546,115.1744,291.92,434.8236,68.6032,66.36,22.2336,217.6985,85.7617,39.7677,38.0835,66.0929,29.3803,36.6996,92.4331,74.8403,66.6211,38.5511,29.031,119.7636,87.3548,67.9176
2022-02-15,168.9954,121.47,156.5105,55.6309,217.73,42.4872,188.5895,488.5551,112.3097,370.5944,150.0108,44.6018,66.6881,13.394,173.08,47.6081,135.3208,324.1078,312.5011,63.4531,95.0224,45.2687,150.2699,66.8793,194.2954,146.4588,138.1719,27.2476,53.0259,283.0891,234.7525,337.1344,101.7558,371.3751,219.0762,288.8969,157.2669,65.9391,133.0722,26.382,142.0742,38.8434,139.5203,346.4454,124.7493,84.7376,419.744,14.3252,113.8669,307.4767,438.3341,69.0842,64.28,22.1474,220.0944,86.5327,39.8348,38.7829,67.0177,29.0726,37.1993,93.8244,76.8075,66.7365,38.7399,28.8955,121.1106,89.3087,67.0663
2022-02-16,168.7607,117.69,158.1005,55.1178,218.93,42.3894,188.8027,487.1102,112.3432,367.919,151.5912,44.9266,66.9407,13.3421,174.86,48.3366,136.4397,320.6435,309.6969,63.8063,95.2209,45.0725,150.5348,66.8452,194.7009,146.3713,138.422,28.7718,53.0172,284.8989,236.4277,341.2623,101.9046,372.728,214.655,288.5596,157.39,66.062,133.9041,26.398,142.3652,38.7576,140.579,346.3579,124.9953,85.3383,420.2144,14.0898,114.5417,307.7967,440.0022,68.89,63.54,22.1043,221.0605,86.935,39.8647,39.0663,66.5506,29.3076,37.227,94.3193,76.7302,66.8608,38.8428,28.9611,121.2964,89.5638,67.3758
2022-02-17,165.1713,112.37,154.6525,53.4371,213.58,40.9581,180.5512,489.5914,111.766,358.4705,148.2947,44.4032,65.8607,12.9939,177.25,46.7934,131.2897,310.8563,307.7949,63.5376,95.7304,44.4557,148.205,64.919,189.7129,145.4784,135.2338,29.691,54.0793,280.3417,231.9895,342.9118,101.979,363.7439,205.9019,280.11,152.0493,66.1937,130.5311,24.4025,142.7505,38.1491,142.1894,336.056,122.2229,83.4285,411.2381,13.9839,115.3937,292.1167,431.1023,68.0482,64.17,22.1129,216.9933,86.0131,39.9991,38.3989,64.7771,29.2606,36.3017,92.5919,74.4343,67.3757,38.5082,28.9785,119.3456,87.1671,67.2727
2022-02-18,163.6259,113.83,152.6015,53.5285,209.03,40.8603,177.9644,487.3669,111.6071,347.7031,146.7531,43.9611,65.582,13.3644,177.12,46.5826,129.1738,308.1668,306.8484,63.6297,96.0413,42.0913,147.5563,64.2186,188.0816,143.919,135.8679,30.2175,54.4449,283.9894,231.354,340.8743,102.227,360.0938,204.3653,277.4123,150.2879,65.1136,130.6682,23.5412,143.5723,37.8604,142.2605,332.2231,121.4565,83.6886,408.5753,14.0486,116.6085,285.66,428.7834,67.8817,64.74,22.1732,215.1384,85.4935,40.1857,38.3349,64.2718,29.0811,36.2924,91.8262,73.6803,67.5,38.3366,28.9261,118.4537,86.6281,66.5245
2022-02-22,160.7114,115.65,150.1975,53.295,198.74,40.5047,177.2784,477.3947,110.7538,333.2712,143.5826,43.3385,64.8156,12.8087,177.49,44.8285,128.5899,306.5906,279.6905,63.4838,96.0327,41.7642,146.3137,63.3625,185.4321,141.9632,135.6267,31.7417,54.2186,275.2969,230.218,340.6449,102.0947,358.478,200.3209,277.2099,148.4793,64.7887,126.3172,23.2903,144.1202,37.0803,140.5078,328.8863,119.8857,83.4823,404.1906,13.978,116.9122,273.8433,423.9255,67.3729,65.54,22.1819,213.8149,85.1834,40.238,37.7909,63.614,28.611,36.1074,90.9391,72.9988,66.9762,38.2337,28.8955,118.1565,84.1014,65.7506
2022-02-23,156.5547,109.76,144.827,52.1626,196.42,39.8112,173.0691,470.8162,113.3888,317.9538,141.4302,42.8332,64.2843,12.5569,178.29,44.4547,126.3854,303.8477,272.8612,63.3687,95.5318,41.7268,144.5047,61.8157,181.9622,142.0337,132.7868,31.506,53.6179,272.9527,229.4286,343.0264,101.169,351.6061,196.7224,270.0321,145.2313,63.5066,125.074,22.2916,142.6991,36.5654,138.7552,320.4618,117.9365,80.3801,397.0208,13.8367,115.3009,254.68,421.2766,66.4941,66.24,22.2077,208.6269,83.7754,39.8722,37.3064,62.5461,28.9059,35.4781,89.2677,71.1717,66.4347,37.736,28.4063,117.5619,81.2908,66.0172
2022-02-24,159.1661,116.61,151.358,53.5294,198.43,38.7621,171.2334,480.6268,112.8033,322.89,144.8528,41.9489,63.4221,12.705,177.14,44.426,131.4403,302.9572,277.0986,63.8216,95.7564,43.6613,144.6874,63.8149,186.7333,139.3202,129.0896,30.626,52.6777,267.4766,234.0209,349.0331,101.6484,359.539,205.7928,283.8289,149.341,66.2464,125.3848,23.6468,140.2165,35.8555,135.0185,331.2308,120.1696,81.5995,402.9956,13.6719,115.3768,266.9233,417.8578,67.1786,66.34,22.3888,209.9312,85.1834,39.26,37.1966,64.3004,28.6794,35.0525,90.4069,73.603,65.2894,38.3881,28.6335,118.0357,83.1485,65.183
2022-02-25,161.2298,121.06,153.7885,54.2687,201.48,40.0246,173.4308,491.949,117.4292,326.8654,144.9788,42.7249,65.0072,13.2088,176.55,45.4611,133.1921,311.8003,280.1151,64.1824,95.7304,44.5865,148.7897,64.8947,190.9387,146.2448,132.1439,31.2153,54.7148,278.9539,241.5013,361.1877,102.0617,359.2567,208.6477,286.4496,152.2671,67.7568,126.8747,24.054,144.1459,37.2285,140.7836,336.3672,123.1313,83.0071,411.8873,14.0722,115.4612,269.9567,436.061,68.6865,65.8,22.2767,211.8344,87.2367,40.4022,38.5543,65.3397,29.4358,36.1814,92.5638,74.6035,67.3935,39.3491,29.5202,121.6494,84.7945,66.9373
2022-02-28,161.4939,123.34,153.563,54.2161,205.34,39.2956,173.9129,493.6222,120.4573,339.1494,143.9413,42.1655,63.7704,13.0088,178.38,44.7806,133.7839,303.9367,279.3898,64.2285,96.8185,44.5772,147.9948,65.0431,191.7119,144.985,126.6338,30.8146,54.1838,274.9688,240.6348,385.2645,103.1527,351.2071,209.193,287.8755,152.4281,69.1122,124.8181,24.281,140.1737,36.62,138.6929,337.3691,122.8947,82.2988,410.8335,13.9427,117.992,290.1433,436.1709,68.2054,67.48,22.3112,208.7912,85.9377,40.0663,38.1155,65.2634,30.1623,35.6447,93.2735,74.4681,66.4968,38.6712,29.6731,120.7297,85.3912,67.4361
2022-03-01,159.616,113.83,151.142,52.6176,194.91,37.7575,169.5089,497.1205,125.2422,337.8588,141.2654,41.606,62.3769,12.3717,181.62,42.6719,132.7978,294.0023,283.2997,64.049,97.7614,43.7548,145.7107,64.0824,188.1006,144.4828,121.8559,30.3903,53.9487,264.9543,240.2016,405.5224,103.5056,335.3025,201.7186,284.1758,150.0417,68.3793,120.8601,23.3769,138.9153,35.6916,136.3975,332.2036,121.2672,80.8195,404.5764,13.8485,119.3561,288.1233,436.5192,67.9557,71.82,22.4836,201.8836,85.4851,40.0215,37.2378,64.4434,30.4657,34.3307,91.8822,72.9794,66.1062,38.594,29.4154,120.0609,84.0966,68.081
2022-03-02,162.9021,118.28,152.0525,54.0629,197.81,38.371,178.5764,501.9403,128.9396,354.1842,142.8554,41.6782,63.1608,13.4088,179.73,44.3972,133.303,301.33,289.5983,64.2031,96.2921,45.6706,148.5796,65.1355,192.5793,146.2801,124.3833,30.6967,54.3492,272.1182,244.6975,399.652,101.9318,334.9227,206.2984,289.2244,153.3655,68.4765,124.0228,24.1208,140.8414,37.2129,136.8245,337.7778,123.5665,83.1775,412.0191,14.0192,115.2763,293.2967,444.8876,68.927,75.42,22.4663,201.4103,87.0858,40.4171,38.056,64.9965,31.1623,35.219,93.8431,74.56,66.8075,39.2804,29.7736,121.8724,85.8629,69.2505
2022-03-03,162.5795,111.98,147.8985,53.4002,188.85,37.96,180.6532,506.741,130.6795,359.7893,141.1393,41.0917,61.9153,13.0384,180.8,43.0362,132.6374,298.6784,286.9355,64.0104,96.7069,44.7921,148.6893,64.2064,190.2975,148.4297,123.4992,31.3881,54.384,269.5021,249.0009,397.7159,102.3046,331.9054,201.2031,285.1104,151.1402,69.5714,122.4597,23.6169,140.6906,37.3143,137.3317,332.9526,123.065,82.0657,409.9678,14.0722,116.4504,279.7633,445.9967,69.149,74.53,22.5526,200.2027,87.7982,40.8053,38.1018,64.3195,31.2478,35.108,93.9458,73.6706,67.3491,39.7094,30.2977,122.4948,83.9185,69.6891
2022-03-04,159.5867,108.41,145.641,55.0052,180.84,36.5842,181.4041,499.5637,132.7122,367.4574,136.4369,40.2616,60.1212,12.4828,183.68,40.6399,130.6631,295.3191,286.8471,63.5944,97.6664,44.9229,148.141,63.2531,187.3179,149.3107,120.0252,31.3017,54.4711,263.8946,253.0733,406.8901,102.404,321.9479,198.3185,279.2717,148.735,70.8252,120.183,22.8421,142.8277,37.9541,138.0256,328.1275,121.9296,80.7208,406.6371,14.0486,118.4608,279.43,457.0505,69.6115,79.46,22.725,193.498,88.2005,41.1413,37.9692,63.3946,32.1495,34.451,93.7404,72.3801,67.358,40.0441,30.9661,123.1079,82.5854,72.3119
2022-03-07,155.8016,102.95,137.453,52.6711,169.17,34.2524,182.3684,502.4346,135.548,347.609,129.4367,38.7547,58.2138,11.8309,186.41,38.1766,125.1873,288.3498,285.5291,63.0396,97.2515,44.5585,144.7513,60.7797,182.66,151.7158,115.3903,31.5453,53.1739,254.1051,251.8892,413.995,101.1616,304.5832,185.838,268.7218,142.8356,74.3307,114.0081,21.2646,139.984,37.4314,135.9793,316.0258,118.3245,75.7268,394.6497,13.872,117.5569,268.1933,446.2533,68.5292,82.37,22.8888,184.2332,86.4573,40.8203,36.6527,61.2875,32.6238,33.1925,91.2286,69.7314,66.1328,39.3148,31.3679,120.962,78.538,74.9175
2022-03-08,153.9825,105.53,136.0145,53.1556,173.8,34.4758,194.6993,497.5292,142.6499,343.7747,127.7399,38.881,58.719,11.8753,191.51,38.5313,125.9064,287.884,280.1948,62.8162,96.6205,44.3902,143.5819,60.4392,183.6688,148.6411,114.5777,30.3746,51.0672,254.527,250.2428,398.755,100.557,305.9556,188.6335,265.7735,142.1065,72.3616,111.0489,21.4259,136.0374,37.0101,130.5967,314.5569,117.4539,75.3143,391.6576,13.5366,116.3744,274.8,433.962,67.2434,85.43,22.8457,185.2089,86.0382,39.7527,36.4652,61.135,33.1367,32.9982,90.6683,69.3931,64.3483,38.963,30.8831,118.4909,78.7016,75.485
2022-03-09,159.3715,111.05,139.279,55.1002,178.56,36.6646,194.4953,501.6075,139.0864,347.477,129.5821,39.9819,61.175,12.1272,185.82,40.5249,132.1624,298.8307,282.295,63.3401,96.0242,44.5117,146.1493,62.7083,188.8454,149.205,119.1679,29.9975,51.3283,274.5281,252.9963,398.5152,100.7309,319.3879,196.772,277.9615,147.807,70.9223,116.3076,22.9198,135.6324,38.0321,132.3583,325.8804,120.5954,78.5421,402.1582,13.6896,115.234,286.3233,445.0617,68.3257,75.47,22.6215,192.986,87.3624,39.6258,37.5943,62.9656,32.1238,34.2104,92.3117,72.1384,64.7833,39.6151,30.6647,120.7297,81.2331,71.1939
2022-03-10,155.0388,106.46,146.8175,54.2428,178.39,36.334,196.3589,506.4272,142.8925,356.2285,129.5724,39.2329,60.4434,12.0976,186.4,40.1128,131.1812,295.5251,282.9536,62.8085,95.5834,43.6052,145.9939,62.2146,188.5059,149.4692,117.7569,29.8069,50.3881,266.8835,256.1058,394.643,99.5797,315.9423,193.5107,275.1578,147.0873,70.7811,115.4648,22.5652,133.1421,38.3831,128.9508,322.2615,119.81,78.1476,400.3422,13.6484,113.5784,279.4333,450.4421,68.2239,74.06,22.7336,191.2567,87.5803,39.7378,37.6949,62.4984,33.1067,33.9235,92.1904,70.8769,64.1708,39.7524,30.87,120.6833,81.8106,73.404
2022-03-11,151.332,104.29,145.5245,53.331,176.23,36.0303,199.1774,501.3889,142.9594,366.9016,127.7399,38.4118,59.7902,11.8827,185.09,39.7869,128.6463,292.9273,281.9302,62.3539,95.5574,42.8296,144.8336,60.9985,185.4981,149.1961,115.1046,29.664,50.423,264.3227,256.3754,389.9182,99.5383,316.1369,185.9768,269.8393,144.2465,70.0217,112.3498,22.0095,132.4699,39.2179,127.4206,315.5783,118.0595,74.1757,395.2519,13.6484,113.9585,265.1167,443.8968,67.7429,76.4,22.8543,190.0394,86.8847,39.596,37.4161,61.3734,32.8418,33.6829,91.4527,69.6299,63.425,39.3577,30.7651,119.7822,80.2369,73.0256
2022-03-14,147.3123,102.25,141.853,52.4035,175.52,36.8075,199.743,499.9915,139.4628,371.0277,125.1027,37.4824,60.3389,11.6605,182.3,39.1351,124.7638,291.1178,283.3274,61.6143,94.3474,41.4932,144.6782,59.9795,181.7076,151.2577,116.2476,29.926,51.3528,268.6534,258.9749,394.7229,98.0971,319.8357,185.0054,266.342,142.5894,70.004,107.714,21.2427,134.3312,40.7626,129.0487,309.5178,116.9051,71.0914,392.3633,13.4718,111.2977,255.4567,448.5391,67.6689,72.84,22.8457,193.5366,86.2058,39.1928,37.3612,60.6583,31.8589,34.1086,91.7608,68.3394,63.7624,39.1174,30.7302,120.6276,78.8989,70.4114
2022-03-15,151.6841,109.33,147.3665,54.7071,179.89,37.0756,200.6886,515.5535,132.4027,365.9501,130.1154,37.5366,60.9138,11.8975,178.89,40.3811,127.9802,294.8623,292.3871,62.0765,94.3042,41.8764,146.4964,61.8328,184.6023,155.1781,118.3106,30.0292,52.3002,276.8817,265.194,398.4708,98.8674,326.075,190.3584,276.6607,146.2351,72.3881,109.3906,22.879,137.0111,40.7314,133.6928,319.2263,119.4315,74.5253,400.9915,13.5896,111.1034,267.2967,457.7227,68.89,68.63,22.8198,199.1496,86.7841,39.3869,37.7909,61.8215,30.6922,34.5898,93.2175,70.6353,65.1917,39.4263,31.1233,123.0336,81.5411,66.4041
2022-03-16,156.0853,115.37,153.104,56.0324,188.99,38.237,200.3363,516.5706,131.9259,365.6958,133.9355,40.5594,63.0998,12.2828,180.01,42.0297,132.0242,305.2536,294.4964,62.9472,94.1746,43.5772,148.8262,63.8611,190.4107,153.7509,123.5974,29.9181,52.1599,286.701,266.1375,374.1986,99.7122,335.4971,201.8574,283.6362,151.3296,72.8561,114.6952,24.3957,137.6143,41.2853,133.2391,331.0654,122.0147,78.3717,409.8831,13.6484,112.1931,280.0767,458.0446,69.5745,68.28,22.656,204.6853,87.815,39.1854,38.3852,63.5281,30.5512,35.5614,94.4501,72.9311,65.2628,39.8639,31.0665,124.5107,84.3228,66.1548
2022-03-17,157.0926,111.69,157.239,55.6217,190.19,38.4424,205.5468,525.5065,134.2096,382.6053,135.225,40.3518,63.6311,12.2828,180.89,41.8476,132.5774,307.502,299.3467,63.3786,93.9931,44.0538,150.5897,64.6977,193.3997,155.7596,125.1602,29.9736,52.7125,291.2577,274.8696,380.6374,100.6895,337.2102,206.0307,284.4359,154.0189,73.015,116.7291,24.6646,138.6828,42.3151,133.6573,335.0733,123.7085,78.5959,415.0112,13.6484,111.3568,290.5333,466.0975,70.3886,73.68,22.6043,206.2118,89.1727,39.0883,39.1212,64.2146,31.6025,36.0056,95.6639,73.4483,65.7155,40.4302,31.1976,126.4801,85.7281,67.9176
2022-03-18,160.3789,113.46,161.2505,56.336,192.83,38.3263,204.8144,533.6443,135.2887,389.1994,136.0297,40.9293,64.2495,12.4902,179.3,42.9595,134.8424,309.3922,303.2448,63.5867,94.2696,44.3435,151.1195,66.0937,195.4363,154.0328,125.1156,29.8704,52.7213,293.4136,276.9202,378.4971,100.8883,340.7629,214.6055,289.4556,157.0207,72.7325,120.238,26.3447,140.277,42.5257,133.5861,341.9316,125.5725,80.3353,419.5567,13.6661,112.7168,301.7967,465.2701,70.8419,74.64,22.6301,211.6798,89.1727,37.9237,39.3589,65.0537,31.5726,36.0889,96.0281,74.9515,65.8665,40.5246,30.9311,127.2604,87.5329,67.651
2022-03-21,161.7481,115.92,161.4915,55.8696,185.9,38.2727,207.4104,528.1115,137.7229,397.8097,134.4008,40.2977,63.8488,12.2087,180.67,41.7997,134.8186,303.6769,293.1258,62.8547,93.0423,44.2874,151.4211,65.8773,193.7108,154.905,124.7137,29.8704,53.1424,292.5098,278.8456,390.7708,99.4886,336.3731,209.649,288.232,156.8218,72.2292,119.276,26.6246,140.0788,42.2761,134.0932,340.981,125.298,77.8786,419.434,13.6307,110.1067,307.0533,466.6859,70.7124,79.54,22.7164,209.68,88.6279,38.1477,39.686,64.4448,32.8453,36.0536,96.2445,74.8091,65.9512,40.3166,31.1378,127.1635,86.7997,70.6866
2022-03-22,165.1126,114.78,164.889,56.8034,191.04,39.4698,206.4833,531.8094,137.2628,402.7646,135.8455,41.0286,64.4498,12.6606,179.36,42.7103,138.5496,307.2691,293.4462,63.1783,92.5324,45.222,152.3804,67.0131,195.6532,154.1738,127.3661,30.1324,53.3353,293.8561,274.3978,391.2949,99.2484,340.2179,214.764,292.953,159.6721,73.1563,121.9329,26.4154,141.6127,41.3789,135.1253,347.6822,126.566,78.8021,424.342,13.6602,108.696,331.3267,464.5348,71.0639,78.56,22.7077,211.0615,88.8542,38.073,39.9017,65.6492,32.6037,36.6388,96.7692,75.8841,66.4417,40.3425,31.1818,127.1915,88.9543,70.377
2022-03-23,166.4721,113.92,163.408,55.6921,186.04,38.496,205.9826,526.676,138.7435,406.5045,133.4507,40.7579,63.6137,12.3568,181.81,41.9626,136.9721,300.6402,282.1615,62.978,93.1547,45.1098,150.6262,66.05,192.2587,153.5923,124.8298,30.3945,52.9845,289.3089,273.5987,395.4334,99.53,333.0637,211.6018,288.55,157.0112,72.9091,121.8505,25.5291,140.8716,40.7158,134.1822,342.6855,124.7587,77.3048,418.8771,13.6602,111.0781,333.0367,462.6134,70.1943,81.95,22.7336,207.4,87.8573,38.0506,39.7182,64.7506,33.1646,35.9607,95.8417,74.7171,65.9066,39.8851,31.2257,124.9083,87.8505,71.4863
2022-03-24,170.2473,120.53,163.6495,58.2055,189.05,38.4782,206.0197,530.5641,139.1115,407.164,134.7305,40.9744,64.2059,12.468,183.13,42.509,140.2375,301.1956,281.0313,63.109,92.6361,48.2405,152.142,67.2856,194.4695,154.3852,125.6425,30.6724,53.4932,299.4201,276.9683,399.4122,99.5714,340.0426,217.6586,292.9916,159.6848,73.9069,121.0076,28.0348,141.7247,41.0278,134.4135,350.3023,126.744,78.1117,425.1914,13.7308,110.2081,337.9733,472.0178,70.8887,79.75,22.7595,209.9408,88.4135,38.073,40.5166,65.8117,33.2465,36.2486,96.5724,76.6589,66.3704,40.1958,31.5467,126.3994,88.535,71.7013
2022-03-25,170.883,119.67,164.7735,58.4322,188.95,39.0678,207.0859,528.2825,141.6294,411.1487,134.905,40.6496,64.2408,12.2013,182.38,41.838,140.3376,302.3242,276.4925,62.6544,91.6854,48.4368,153.5917,67.2003,194.734,155.8652,126.7409,31.1964,53.9757,300.0791,278.2487,402.9024,98.7845,339.7214,219.889,292.587,159.6278,74.1188,122.4918,27.5786,142.3882,41.176,135.9705,350.0101,127.1425,78.4076,427.2679,14.031,108.6791,336.88,471.6224,71.2786,80.74,22.7681,211.0229,89.5174,38.2821,40.9708,66.1271,33.9757,36.7131,97.172,76.6153,66.9233,40.6704,32.0041,126.9864,88.3807,73.2664
2022-03-28,171.7437,120.24,168.9905,58.8048,188.16,38.907,205.6859,537.3137,139.1534,407.5313,134.4978,40.7849,64.0317,12.3494,179.06,42.3844,140.1221,300.3625,279.6964,63.0473,91.8928,48.1377,153.4908,68.2282,194.8001,156.667,125.8032,31.2758,54.3178,303.7508,280.7903,395.1936,99.3312,341.1523,221.6436,299.3505,161.6494,74.5514,123.5088,28.1035,142.8104,41.5661,136.9046,355.4256,128.0441,79.2414,430.3071,14.0486,109.6083,363.9467,471.7787,71.8542,74.53,22.8371,213.2835,90.4696,38.1999,40.7873,66.3374,33.1344,36.6109,97.2001,77.5257,67.1998,41.1882,32.2108,127.909,90.7377,71.2112
2022-03-29,175.0299,123.23,169.315,59.603,193.8,38.8087,204.9349,541.8483,137.4552,388.9828,138.0464,41.4797,65.4514,13.1495,179.14,44.3397,141.1622,304.2682,282.7489,63.8255,92.3509,48.8293,154.9681,69.4509,200.0152,156.5877,126.08,31.2599,54.5284,307.2341,277.6422,388.2397,100.1677,357.7577,227.859,303.8884,163.9462,74.7192,127.4758,28.5387,144.9302,41.1449,138.3103,361.5424,130.3785,81.7967,435.6303,14.1192,110.4361,366.5233,469.5081,72.6712,76.15,22.6991,220.3842,93.1241,38.2597,41.1314,67.494,33.0481,36.6946,98.0995,79.1721,67.7973,42.3963,32.5098,128.6638,92.3187,70.8328
2022-03-30,173.866,119.22,166.301,58.6385,194.91,38.4156,206.8263,548.0179,138.4255,392.4583,136.6696,41.3624,65.1814,12.7939,180.58,43.3429,140.6006,300.6222,274.5168,63.6329,92.7139,48.063,154.5644,68.6617,196.0,158.2175,125.5085,31.2837,54.5722,306.5564,279.0863,396.0551,100.3996,352.5892,225.8665,302.3951,162.029,75.4963,126.926,27.5766,144.732,40.9108,137.3583,357.5489,129.477,81.6174,432.9404,14.2075,111.2977,364.6633,478.7837,72.5969,77.91,22.5784,216.3557,92.4499,38.5284,40.9938,67.0161,33.432,36.4344,97.9871,78.1164,67.8419,42.1633,32.778,128.9155,90.9161,72.0453
2022-03-31,170.7754,109.34,162.9975,58.5075,191.5,36.8254,206.5853,547.4285,136.2088,392.3733,132.9853,40.7398,64.1014,12.5272,180.65,41.9243,137.7567,295.7043,266.3915,63.4018,92.8868,46.3154,152.298,67.6217,193.931,156.1384,121.7399,31.2758,54.388,300.7288,275.6975,392.0142,100.1677,347.8586,220.4243,297.0478,159.7038,74.7987,123.2797,27.1743,144.2322,40.3881,135.9438,353.1172,127.7594,81.5636,426.2769,13.9074,111.568,359.2,468.8094,72.012,74.12,22.6733,214.2496,91.3207,38.0282,40.4477,65.7447,32.979,35.5984,96.4787,76.9591,67.6814,41.6973,32.7428,127.6574,89.1712,71.022
2022-04-01,170.482,108.19,163.56,58.2566,190.76,36.5395,203.7575,547.1624,137.3716,393.6389,132.8301,41.4166,64.7024,12.3346,179.5,41.1767,138.8294,295.8118,268.6698,63.3971,92.2819,44.9603,152.9036,67.7727,196.1039,156.9841,120.8379,31.7046,55.1512,303.8356,281.7627,396.0818,100.5038,354.2731,222.8927,298.1172,159.96,75.6817,122.3269,26.6026,146.2831,40.2321,137.9811,352.4451,127.9302,82.0298,427.485,14.1134,111.9927,361.53,471.218,72.4855,74.17,22.7077,218.6839,93.0988,38.9091,40.8745,66.2322,33.2465,35.5055,95.7292,76.7315,68.3592,42.5257,33.2002,128.6638,89.2821,71.4777
2022-04-04,174.5213,110.53,168.3465,58.9879,191.18,36.477,204.7217,546.7441,137.497,394.2528,134.3621,42.1474,64.9636,12.342,180.37,41.3875,141.6239,294.0112,271.9537,63.8767,92.2213,45.979,152.665,68.9808,196.4252,155.4688,121.3737,31.6728,54.8617,302.621,280.5593,394.3322,100.8524,357.1349,231.854,303.4645,161.7253,75.6022,123.0781,27.248,145.904,39.7406,137.0825,359.7014,129.0405,78.9814,431.1471,14.2311,111.2144,381.8167,468.8553,72.6247,76.86,22.8112,220.0172,92.6437,39.1629,40.8836,68.0579,33.2897,35.3475,95.6075,78.189,68.1451,42.3963,32.9451,127.5922,91.2872,71.5122
2022-04-05,171.2155,106.82,164.055,57.0617,182.65,35.8606,200.2807,546.9246,136.6521,390.7206,131.4921,41.3714,64.084,11.7197,179.24,39.7006,139.2658,290.204,271.313,63.049,91.1224,44.979,151.6098,67.6534,191.7769,156.4732,119.9613,31.4346,54.8003,302.9317,281.5894,397.2007,99.0846,353.6405,229.8218,299.5239,158.2042,76.2291,121.2092,25.8248,146.0591,39.9746,137.563,351.7146,127.3323,75.4219,425.7011,14.0604,108.7018,363.7533,475.9707,72.4298,74.8,22.9319,218.4231,92.1887,39.4018,40.5578,67.1881,32.7676,35.1246,94.249,76.5427,68.2076,42.4308,33.1518,127.8624,89.1471,71.1424
2022-04-06,168.0565,103.67,158.756,55.9356,178.72,35.4675,200.4568,555.9274,137.8651,388.3973,128.535,40.83,63.3176,11.4012,179.66,37.8603,135.2609,283.3065,265.6884,62.5539,90.8023,44.4276,151.7107,66.153,189.056,160.5433,118.2969,31.7919,55.353,296.6051,294.4419,403.7195,98.5036,344.1306,221.3562,288.5596,155.4708,76.3704,117.5994,24.3071,148.5494,41.2463,139.5292,344.0784,126.1556,74.7405,421.4444,14.1428,107.8219,348.5867,488.8316,72.7733,73.05,22.9491,211.5832,93.2841,39.7154,40.0898,65.9359,32.9618,34.883,93.5182,74.7316,69.0726,43.0608,33.8114,129.81,86.872,71.9335
2022-04-07,168.3597,103.72,157.7845,56.0331,177.97,35.1905,200.1694,578.0392,139.7807,386.7067,127.8563,40.5052,63.4569,11.0826,180.34,37.1127,134.6076,281.4163,269.4352,62.4533,90.5773,44.4463,152.3806,66.3868,188.4419,160.1293,117.937,32.0063,55.6512,299.4295,296.9353,413.4267,98.0471,340.7095,221.0092,290.3613,156.6952,76.8914,118.5339,24.1089,148.6873,43.0328,141.3353,344.8965,126.782,74.5253,423.5681,13.9662,107.0098,352.42,493.6118,73.2839,73.11,22.9922,208.8202,92.3572,39.7985,40.3514,65.3624,33.3932,34.8459,93.8368,74.8479,69.911,42.707,33.7279,132.3075,87.3155,73.1374
2022-04-08,166.3547,101.0,154.4605,54.5418,175.2,35.4407,201.2171,570.4246,142.148,395.0555,127.8563,40.5413,63.483,11.1493,181.47,37.7165,132.0311,287.9018,276.8752,62.0742,90.1187,43.9417,153.2064,65.6707,186.9397,160.4464,120.0962,32.5065,55.9933,299.213,300.0739,409.883,97.2752,343.3607,220.3946,286.122,155.9169,76.0172,117.4071,23.0244,149.187,43.0406,142.4385,340.0752,126.26,73.0908,422.4355,14.2075,105.8508,341.83,501.8945,73.4324,74.11,22.9922,209.622,92.5089,40.4483,40.5992,65.0756,34.3122,35.1989,93.3121,73.8019,70.2053,42.8623,33.8422,133.0996,86.5105,74.6767
2022-04-11,162.11,97.37,151.122,53.9481,175.03,35.3692,200.3085,555.8133,138.4925,395.2538,126.6734,40.036,62.8124,11.3197,182.37,38.6559,127.6092,287.3375,272.9683,61.6488,89.6861,43.5211,151.7567,64.1776,185.6832,158.4378,119.6554,32.7526,55.9758,298.5822,297.4456,412.3076,96.329,338.5846,214.5757,274.8398,152.6045,74.6839,114.5028,21.8273,148.7304,42.0732,141.8958,332.0299,124.1058,72.3376,415.2151,15.2964,104.1757,325.31,494.0623,72.5412,72.3,23.044,207.4677,91.5145,40.7279,40.3973,64.2345,33.281,35.041,93.0123,71.9425,69.9199,42.2755,33.3805,130.453,84.9054,72.1055
2022-04-12,163.978,95.1,150.7875,54.3625,176.28,34.994,200.9112,552.6667,141.3785,396.406,126.8576,39.9097,62.3421,11.379,183.77,38.3779,126.5107,286.4596,272.5856,62.1207,90.1187,43.4557,151.2795,63.9487,186.269,158.4906,118.3418,32.6494,56.6337,295.6166,296.5984,415.2384,96.3954,337.0543,212.2759,271.7567,151.7978,74.0746,114.5578,21.416,149.3335,41.4335,141.4687,330.6273,123.5744,71.5397,413.6765,15.2419,104.0319,328.9833,490.6334,72.1699,75.98,23.1215,204.2313,91.3797,40.5541,40.4064,63.7087,33.8333,34.6601,92.8624,71.6228,69.9377,42.146,33.508,129.1857,85.0934,73.6104
2022-04-13,166.6579,97.74,155.541,55.0566,182.87,34.6813,202.3667,561.9164,143.6035,403.5459,128.3217,40.433,63.0127,11.4901,184.65,38.5504,128.6696,288.4214,276.2612,62.492,90.3177,43.9323,152.4448,65.0423,189.8119,159.1602,114.5273,33.3482,56.7828,300.5592,291.39,416.6949,96.8934,346.1582,213.1185,277.1136,153.9048,73.7744,116.8024,22.1121,149.075,41.4257,141.8691,337.348,124.9978,72.5528,418.4147,15.3509,104.2434,340.79,493.6578,72.6805,78.42,23.0267,206.0379,92.0286,40.9093,41.0029,64.6455,34.3381,34.6601,93.7337,72.7753,70.3301,42.3186,33.442,129.8193,87.2094,74.6509
2022-04-14,161.66,93.06,151.7065,53.32,181.94,33.5646,211.2117,561.2509,143.5366,412.4802,126.4989,39.9097,62.7253,11.4679,184.04,38.4642,125.5354,288.1258,271.0103,62.0742,89.5044,42.68,151.6098,63.7855,187.9696,158.4906,113.4657,33.5784,57.0372,299.8719,290.6101,415.3361,95.7646,348.7703,208.3504,269.6082,151.0385,73.121,122.2719,21.171,148.1272,41.4413,141.0772,329.6339,123.6029,71.2796,413.2046,15.4458,102.1538,328.3333,491.6537,72.207,79.57,23.1302,205.5741,91.6325,40.675,40.8653,63.5462,34.4502,34.2699,93.6307,71.0079,70.3123,42.077,33.4596,129.195,85.99,75.528
2022-04-18,161.4449,93.89,152.785,54.4954,179.85,34.7081,213.168,553.3892,145.4606,414.0858,123.8811,39.7743,62.3595,11.6086,184.61,38.9434,126.473,295.5072,267.1746,61.9737,89.2448,43.5866,151.4447,63.7027,186.7036,156.5172,115.5709,33.4752,56.5284,298.9494,287.6835,415.1407,95.0342,347.7761,208.9352,270.2729,151.1619,72.1497,120.5953,21.6938,146.8518,40.4427,139.7338,329.8871,123.2708,71.3693,413.3746,15.3826,101.6463,334.7633,490.9734,71.6964,80.41,23.225,205.9412,91.2617,40.3426,40.902,63.3359,34.955,34.4743,93.3027,71.2403,69.7326,41.9734,33.2793,127.7692,86.2502,76.1472
2022-04-19,163.7238,96.93,158.1155,55.5286,185.98,35.3513,215.2447,564.968,143.7374,413.4908,127.8854,39.5758,62.6556,11.9642,181.82,40.3332,128.7836,300.9448,273.9294,61.9195,88.6564,44.7921,153.4358,65.0545,190.4259,161.2922,117.964,33.8325,57.0811,299.5237,285.9409,408.4443,94.2789,354.6674,215.4183,274.8783,154.0282,72.2557,125.5609,22.1071,148.9888,39.1477,141.8246,337.2603,125.8045,72.8218,420.0475,15.4063,100.8848,342.7167,494.3013,72.5783,76.86,23.2767,208.3854,93.2505,40.6146,41.2874,64.5977,34.6703,34.9481,94.9985,72.5768,70.7938,42.8537,33.4948,128.99,88.7519,75.4678
2022-04-20,163.5575,94.02,153.998,55.5379,183.55,35.4317,217.952,573.7426,144.323,413.0846,120.7785,39.3412,63.0737,11.8901,182.71,39.9882,126.8331,305.5223,280.4618,62.1129,89.3486,44.9603,154.5277,64.4504,191.1534,162.0058,118.3778,34.4201,57.8618,307.2624,282.0034,403.0891,95.2583,356.0515,198.6753,275.8996,153.6581,71.9731,124.4799,21.3941,151.2034,38.8122,145.5968,332.3416,125.7475,71.8804,419.736,15.3588,102.9152,325.7333,501.9406,72.8568,77.24,23.1129,210.4045,94.801,41.1133,41.549,61.797,34.804,35.1896,95.5138,72.509,71.8551,43.6648,33.7674,130.7233,87.6095,75.6398
2022-04-21,162.7653,89.85,148.296,55.0742,181.02,34.7617,215.6248,562.5342,137.6727,400.7787,117.9571,38.5833,62.3944,11.6308,182.06,39.0201,123.638,299.4667,276.2077,61.6874,88.8554,44.3902,152.5366,63.2253,186.8736,161.5389,117.4602,34.9362,58.0811,305.3795,278.8167,390.3623,94.2457,355.223,186.4328,270.5523,150.1179,67.2667,124.1043,20.1004,150.6606,38.3129,145.4832,325.4651,123.6124,70.7955,413.4595,15.9754,102.1538,336.26,494.0623,72.1884,78.12,23.1819,209.11,94.1437,41.5667,40.8699,60.0382,33.6995,34.6322,94.5394,71.279,71.7927,43.3801,33.209,129.2789,86.7612,74.8401
2022-04-22,158.2369,88.14,144.35,54.5372,176.92,33.5556,201.502,543.4835,134.6362,381.144,114.6702,38.2404,61.3753,11.2086,180.29,38.1862,118.5078,286.4507,267.0857,61.3161,88.8987,43.4931,148.5635,61.3888,182.0364,159.9354,114.0864,34.2851,57.239,291.5872,268.3422,395.913,94.1378,342.2983,182.5073,264.02,145.4389,65.2976,118.2499,19.4351,148.3425,37.5484,144.2664,316.9425,120.329,69.863,402.1146,15.43,101.5108,335.0167,478.8941,70.4246,76.31,23.3198,201.1108,92.4921,39.2242,39.3419,58.614,32.8755,33.6011,92.216,69.284,70.669,42.6034,32.6505,124.5636,84.7464,73.2062
2022-04-25,159.303,90.69,146.074,54.6236,175.91,33.3144,201.8746,540.1656,131.7419,364.0876,116.2991,37.9607,61.0792,11.3279,177.05,38.167,121.9139,287.9287,271.3842,61.8344,89.4698,43.9791,148.6094,62.1853,183.1418,163.8735,114.0505,34.1739,57.8443,295.6072,274.5711,393.3375,95.1836,345.6318,185.3622,270.4657,146.5304,65.3771,117.2146,19.8205,149.7126,38.1881,145.4295,321.0138,121.3254,69.9168,404.4458,15.4221,102.526,332.6733,481.9551,70.7123,74.65,23.4319,202.8304,92.2561,37.9926,39.2318,59.4169,31.7883,33.6568,92.216,70.3251,70.9811,42.4049,32.4262,125.4023,85.3585,70.7382
2022-04-26,153.3566,85.16,139.391,52.0396,167.04,32.564,195.9125,526.4289,130.9388,360.5554,112.2463,37.1305,59.3722,10.9699,177.32,36.4609,117.5316,280.4936,266.9521,61.4708,90.0668,42.5399,145.5906,59.8275,177.3693,162.7017,110.6767,33.5943,57.0635,285.7596,272.2895,396.1794,95.1338,335.407,179.3748,260.3492,141.0636,64.9621,110.4167,18.7111,149.3335,38.2505,142.9602,308.8973,118.2507,67.8098,392.7328,15.2561,103.5582,292.14,472.3119,69.292,76.46,23.5785,194.2805,90.7393,37.3352,38.6261,57.4669,31.8314,32.8114,90.2017,67.7054,69.8842,41.7405,32.1008,123.1937,81.0398,70.764
2022-04-27,153.1316,84.91,138.167,51.9903,154.46,32.3853,199.3221,526.7332,130.6962,364.1065,111.7034,37.5636,59.6422,11.0743,175.98,37.0552,113.2172,280.5921,268.4117,61.1691,89.565,42.2595,145.6823,60.0394,176.6324,160.4288,109.2373,34.0469,57.5109,289.0641,274.4652,395.1936,94.2208,352.4255,173.427,272.8744,141.0067,64.6972,111.0763,18.3396,150.6692,38.8044,142.5755,308.5271,118.1368,67.0118,393.837,15.0743,102.2299,293.8367,472.3394,69.3755,76.37,23.725,206.8494,90.141,36.6173,39.1951,56.186,32.2974,32.7836,90.539,68.7078,70.1428,41.4902,31.9469,122.9235,81.0494,72.7849
2022-04-28,160.0463,89.64,144.5965,53.7929,154.22,32.8856,197.9061,535.1313,135.3389,363.4359,111.7809,38.105,60.487,10.9028,176.93,37.1414,117.4053,285.2324,277.4536,61.5095,89.4352,43.7735,147.9762,62.0927,179.9296,161.627,110.9646,34.6265,58.0636,296.7369,286.1913,392.2895,94.503,369.2491,203.9391,279.0502,144.8315,64.8915,116.3993,19.701,152.9527,39.4051,146.1989,319.4846,121.4772,68.6616,403.7851,15.3509,102.3822,292.5033,482.0931,70.5453,78.08,23.863,213.1772,91.8011,36.572,39.8145,58.4323,33.2767,33.2016,91.5602,71.4582,71.1773,42.2496,32.3031,124.6195,82.7123,74.9863
2022-04-29,154.1879,85.52,124.2815,51.5118,148.84,31.8761,196.1361,506.299,131.0559,356.5699,108.2323,38.2404,59.7815,10.5598,176.91,36.3363,113.0339,273.6585,267.3438,60.7514,88.9592,40.7362,143.5352,59.3696,174.7334,158.984,107.384,33.8484,56.6776,293.6961,281.2429,383.7724,93.4572,354.1897,198.7249,267.3826,139.4501,62.7105,114.2463,18.4711,147.9634,38.2817,143.6402,305.1083,117.1784,66.9222,388.8629,14.9083,101.054,290.2533,467.504,68.1687,77.16,23.7681,205.9026,87.5877,34.9852,39.0161,56.4537,32.4225,32.059,89.1337,68.4802,69.2421,40.2131,31.3357,121.4139,78.5092,73.3094
2022-05-02,154.4911,89.84,124.5,53.5523,148.61,32.287,197.5614,503.6614,133.6323,360.0455,110.0454,38.1862,59.6335,10.6418,173.63,36.8539,115.4841,278.0749,273.1908,60.7553,88.2965,42.0165,143.5994,60.149,176.5663,157.3806,108.3646,33.3323,55.6512,294.9482,278.7686,382.609,92.9032,349.9595,209.2921,274.0787,141.3103,61.695,115.5106,19.453,144.5597,37.7122,141.6987,310.2024,118.2128,67.5767,391.2038,15.1138,99.3024,300.98,460.7013,67.9644,78.38,23.8888,204.3568,85.4726,34.9323,38.8968,58.0118,32.9402,32.0683,89.3211,69.5213,68.3324,39.1689,31.0147,120.659,79.6564,74.3069
2022-05-03,155.9777,91.13,124.2535,54.0001,153.58,33.1715,199.0054,502.8331,135.9244,367.7992,110.0939,38.466,60.0776,10.8581,174.09,38.2821,116.228,281.8731,271.4019,61.0737,88.4005,42.11,144.8382,60.1783,178.0779,157.0722,110.6857,33.6499,55.3354,295.6261,277.3342,386.1259,93.5021,348.7411,210.1843,271.4869,142.4018,62.4809,112.5605,19.5218,144.7579,38.4533,139.7573,310.5335,118.5259,66.6442,392.997,15.2798,99.9718,303.0833,459.2948,68.2058,76.69,23.8457,201.4875,86.5343,35.6426,39.3327,58.1647,33.8635,32.4863,89.9113,69.6423,68.1362,39.6435,31.1334,121.0411,79.4588,75.8376
2022-05-04,162.3741,99.42,125.9285,56.0898,156.97,34.5026,207.3617,518.4013,140.1906,374.3253,112.6535,38.881,61.1315,11.1713,175.8,39.461,121.1086,290.3384,280.6131,61.695,88.9722,43.4931,148.6461,62.1171,182.83,158.7549,114.3473,34.3963,57.046,303.3741,283.9095,395.8686,94.4172,359.1997,221.4652,279.3873,147.0808,64.5118,115.4923,20.2508,149.8161,38.742,140.7861,321.0334,122.2743,73.1984,404.9649,15.7699,100.5227,317.54,466.649,69.7283,80.22,23.6474,207.2454,87.5287,36.5493,40.6083,60.1625,35.27,33.4803,92.5158,72.0877,69.6701,40.1095,31.8282,123.7249,81.7917,78.856
2022-05-05,153.3272,93.87,116.407,53.8905,150.47,33.5378,201.1573,492.5875,139.078,361.7549,109.1825,37.4463,59.1632,10.8357,175.13,38.2916,115.4073,280.4487,266.1956,60.5999,88.08,42.0096,144.985,59.109,175.4137,155.7243,111.4864,34.2533,56.5898,294.3079,281.4739,393.5684,92.9697,344.4329,206.4669,267.2188,140.7694,63.4345,108.6851,18.7669,146.826,37.798,138.1916,304.8648,117.3777,69.4685,390.5713,15.7699,97.7685,291.0933,454.7903,67.918,80.48,23.8457,198.2802,85.1945,36.1489,39.3511,57.9448,34.7393,32.5049,90.0987,68.6206,68.3502,39.0826,31.5028,121.3207,77.2078,77.6607
2022-05-06,154.052,95.34,114.7725,53.9007,148.9,33.4573,199.9649,479.2949,142.7838,356.4849,106.9331,36.932,58.5883,10.5971,175.42,37.937,114.6555,280.3502,261.9239,60.2582,87.5774,41.727,144.572,58.4416,172.4944,155.3807,111.3065,34.6106,56.7916,290.5893,285.8351,399.1457,92.1795,338.3409,201.9962,264.6944,139.1844,63.9908,104.8922,18.5985,146.8432,38.2583,139.5694,301.2122,116.0776,68.6078,388.2401,15.8331,96.3279,288.55,459.2948,67.5374,82.13,23.8888,195.9422,84.1833,36.4738,38.7867,56.75,35.7748,32.2726,89.4897,68.0686,68.4216,38.6856,31.7534,120.9386,76.2293,78.8474
2022-05-09,148.9391,86.36,108.789,52.3044,133.31,32.4925,192.1768,474.9814,133.2141,344.2734,103.7239,35.8673,56.8203,9.9706,172.88,36.6718,111.4505,276.7044,264.3445,59.6214,88.2272,40.5684,140.5348,56.0595,165.2386,156.2265,109.6331,35.087,56.6776,282.6904,278.451,389.7406,92.5039,319.6948,194.502,254.9152,132.5218,62.4367,101.8871,16.8806,147.9548,37.9463,139.2205,289.4268,112.6518,65.8911,375.8096,15.4537,97.1753,262.37,447.1602,66.2099,76.57,23.8974,186.4552,80.4755,36.7382,37.5616,55.278,32.8151,31.5016,87.3255,65.4344,68.3948,36.8821,31.516,117.8075,72.9806,72.6301
2022-05-10,151.3389,88.73,108.859,54.0205,132.95,31.9475,189.1026,477.4857,134.494,344.4812,104.4026,36.0387,57.2471,9.9557,171.42,37.0935,113.3167,273.2734,259.1206,59.9631,88.5218,41.4538,140.0943,56.4882,165.2858,156.015,106.9611,34.5074,56.1512,281.8525,275.0525,389.9982,92.8949,317.1021,195.9294,259.6555,133.319,61.801,100.3113,17.523,147.7738,38.6094,138.4868,292.9428,112.8132,64.4296,376.678,15.3035,98.0566,266.68,448.6219,66.1913,74.53,23.9492,187.0155,79.0092,36.368,37.3275,55.5265,33.1128,31.2229,86.7541,66.4319,67.9222,36.0623,31.1334,118.2269,72.7637,73.1116
2022-05-11,143.4933,87.92,105.372,52.6937,129.39,31.7778,191.1707,465.6975,136.4849,343.8012,102.0077,35.7861,56.9074,9.5679,172.82,35.7229,112.5317,270.1292,251.8228,59.6059,89.0675,40.3424,139.2318,54.8612,161.1761,155.1693,106.2864,34.5392,56.4144,282.8599,276.0056,391.135,93.3275,317.6284,187.097,251.0324,130.1301,61.9864,98.8729,16.5619,147.0586,38.5782,136.5365,284.2548,110.8772,62.8157,370.694,15.3588,99.9464,244.6667,446.9119,65.7364,78.18,23.975,190.0491,78.8407,36.1791,37.3459,54.5228,33.5572,30.9349,85.9671,64.3351,67.6278,36.0105,31.3577,117.4441,70.156,74.6337
2022-05-12,139.6341,87.06,106.9305,53.1081,123.14,31.3311,189.1399,462.9362,137.7815,342.8096,101.1351,35.5515,56.7681,9.2771,170.17,34.0839,111.7803,268.2121,257.8123,59.5825,89.3621,40.3518,139.4337,54.7881,163.0657,156.7022,106.1964,34.1819,56.5898,283.6978,280.9252,385.9662,93.369,313.1155,189.5752,246.0224,130.2819,60.4941,98.8546,16.1088,146.8346,39.6321,135.9818,283.5827,111.3613,63.1137,370.3071,15.5881,99.76,242.6667,440.1552,65.9406,79.23,24.1819,187.7502,79.4559,36.3151,37.2771,55.1155,33.6995,30.7027,86.1263,63.6718,67.61,36.278,31.0411,118.581,70.638,74.9725
2022-05-13,144.0908,95.12,113.055,54.657,127.2,31.4204,190.351,473.4961,140.4248,346.3134,104.0632,36.535,58.3445,10.0676,168.79,36.6239,114.9566,275.0023,263.4546,59.6525,88.8943,41.0677,141.8652,56.7294,168.2335,155.8036,107.141,35.1664,57.6513,290.6928,281.7076,386.4813,92.8782,324.3832,196.891,251.5816,135.1128,61.6332,103.5362,17.6335,149.6954,39.2624,137.44,294.0922,114.0847,68.2603,379.1603,15.6829,98.2855,256.53,446.2224,67.0083,81.28,24.113,192.8415,81.5541,36.4058,37.8506,56.4059,34.8515,31.1486,87.2225,65.7878,68.6267,37.1841,31.4104,119.839,73.4192,77.1965
2022-05-16,142.5529,94.24,110.8105,54.1395,124.05,31.0988,193.0153,470.887,144.7244,353.6422,101.9787,36.3906,58.3967,9.732,170.4,35.5599,113.3662,271.8223,263.4191,59.567,89.2668,40.5779,141.9753,56.0863,167.4305,156.8872,106.3943,34.9997,57.8618,291.3235,289.1939,388.5949,93.003,321.3908,198.2986,251.9477,133.376,61.9158,103.1606,17.1933,151.2034,39.8523,138.7821,290.6832,113.6957,65.389,377.6218,16.0308,98.1838,241.4567,449.7342,67.0175,83.11,24.0181,191.4671,81.0401,37.0556,37.7818,56.0427,35.7704,30.8885,87.1007,65.2068,68.9388,36.8821,31.5072,120.7243,71.8334,79.0122
2022-05-17,146.177,102.47,115.3685,56.507,132.05,32.153,198.5116,467.0211,145.5777,362.907,105.3333,37.2839,59.4854,10.0899,169.33,36.5184,115.3751,280.3593,267.8333,59.5127,88.5911,41.8212,144.4253,57.4138,172.551,157.5392,109.921,34.2692,57.7039,300.1074,291.1452,391.6589,92.4706,330.2898,200.8562,257.0733,136.5554,63.5935,106.184,18.1026,150.3331,40.3793,138.3884,298.2123,115.8119,66.5628,385.3896,16.26,96.9973,253.87,452.777,67.6395,81.11,23.8198,197.4586,82.144,36.98,38.8509,57.2662,36.1846,31.7152,89.0775,67.0953,68.4662,37.2791,31.8326,122.383,73.6458,80.0199
2022-05-18,137.9299,96.28,107.1125,53.0152,125.52,31.1613,193.714,408.8708,141.7403,348.1833,101.1254,36.3906,58.0658,9.5306,169.42,34.3427,110.8447,274.7694,253.7985,59.0234,89.2235,39.8903,139.764,54.6834,166.5046,154.6142,108.0407,30.9979,53.6862,291.9167,285.1464,385.7352,92.8117,327.4047,190.5665,245.3689,130.2534,62.6928,100.2014,16.8687,141.0181,39.64,129.7638,283.5729,110.4787,64.3597,369.854,15.9912,99.0651,236.6033,433.3341,65.1237,79.29,23.9405,193.5772,79.7592,36.9423,37.6441,55.3927,35.257,30.842,85.761,64.0252,64.0605,36.1917,31.5248,119.224,68.8305,78.7516
2022-05-19,134.5311,96.67,107.319,50.7518,127.14,30.7772,192.6147,402.7101,140.7282,344.3584,100.0007,36.9681,58.6232,9.5828,171.91,34.6206,109.3435,276.0863,256.0947,59.4195,89.544,39.57,138.9198,54.4934,166.7786,153.2399,106.4393,30.6168,52.6336,292.5098,276.5299,377.9997,93.0613,323.8178,189.6248,244.4612,130.3389,62.216,97.517,17.0539,138.9069,39.8366,126.7755,282.0535,109.4918,64.9466,367.5887,15.9754,99.3024,236.4733,439.9254,64.8638,80.58,23.6905,191.0412,79.4053,37.1009,37.9103,55.3162,35.1276,30.6376,84.9927,63.3231,62.919,36.1227,31.4588,119.4849,68.8787,79.1772
2022-05-20,134.7661,93.5,107.591,50.4712,120.7,30.2501,184.2863,396.5209,141.5379,295.8997,99.3027,37.1215,59.0238,9.3218,172.03,33.9305,107.8814,274.8321,255.5873,59.3806,89.9599,39.2309,139.2869,54.3862,166.3534,155.9181,105.5666,30.4659,53.4932,296.7275,288.6819,376.6942,93.5188,327.6776,191.8552,243.901,130.0636,62.8871,98.9463,16.6257,139.7772,41.268,126.856,281.1769,110.0611,66.2649,367.7492,16.1256,100.4294,221.3,446.5259,65.2908,81.65,23.7423,192.648,79.9109,37.4259,37.8185,55.4596,35.2786,30.5819,84.0746,63.4635,63.0527,36.5456,31.5467,120.9386,67.6785,79.8027
2022-05-23,140.1728,95.07,107.557,48.9074,124.07,32.0458,190.1832,408.947,144.8271,316.7243,102.6089,37.4012,60.0254,9.5679,172.83,34.5056,110.4371,283.6199,254.555,59.6136,89.4141,39.5606,141.7551,55.3459,168.3658,159.1012,112.0982,30.9582,55.1424,301.6608,292.3043,384.5807,93.186,339.6178,194.5218,251.7137,132.9868,64.0615,99.5234,16.8288,142.6984,41.5905,129.7727,285.8522,111.8642,66.292,374.6298,16.3944,98.7769,224.9667,452.3633,66.247,81.97,23.5267,200.9044,80.8379,37.5317,38.5114,56.2912,36.2105,31.5759,85.4518,64.9211,64.3548,37.0202,31.9249,122.0009,68.1846,81.5663
2022-05-24,137.4793,91.16,104.1,48.7067,119.4,31.8492,191.5807,416.7835,145.603,318.3015,98.4979,36.7516,59.9296,9.2622,174.13,33.7484,104.9711,281.2372,256.237,59.9709,90.1851,39.2498,141.9019,54.2328,165.8716,160.8391,113.6816,31.4505,56.16,301.7267,295.55,393.2398,94.4089,332.0736,179.7019,250.719,130.6805,65.9334,98.2958,16.0879,144.6114,42.0073,132.081,279.7743,110.8298,65.6599,371.77,16.7264,100.726,209.3867,457.4011,66.5812,82.0,23.4578,196.1325,81.5204,38.2948,38.2911,54.2934,36.3486,31.5109,85.4049,63.9574,65.4072,37.4516,32.5625,122.3644,66.4301,82.0093
2022-05-25,137.636,92.65,106.775,49.397,122.06,32.019,194.9902,419.0688,147.9392,323.9114,100.1171,36.932,59.947,9.4784,173.08,34.4864,104.8077,282.0881,261.2653,60.8795,90.3671,39.749,142.8837,55.0,168.8571,159.2608,114.4733,31.6649,56.2039,297.3583,296.5643,397.4673,95.3822,336.0406,182.2297,253.5195,132.7211,66.0394,99.1295,16.9055,145.6024,42.2433,129.9158,283.6898,112.0634,65.4432,375.0546,16.837,101.1243,219.6,457.8883,66.7854,82.48,23.544,197.3037,82.2114,38.718,38.4609,55.0199,37.0993,31.7617,85.9015,64.7032,65.425,37.6587,32.5406,122.3271,68.3051,83.66
2022-05-26,140.8291,98.75,111.0775,51.1652,127.73,32.7605,198.4185,442.7593,148.9344,328.1992,102.3956,37.5095,60.6089,9.7842,172.76,35.8666,106.7765,289.9085,269.4886,61.726,90.3237,40.9546,144.9941,56.4492,172.6266,159.1189,116.4525,29.7319,56.4056,301.576,302.7949,397.8669,95.4071,341.041,189.9618,256.7837,136.7357,66.2601,103.4721,17.7779,146.5847,42.4635,131.0521,291.5501,114.9199,67.2581,382.5486,16.8528,100.6667,235.91,461.6941,67.6302,84.59,23.4664,201.8627,82.3125,38.5291,39.1675,56.3581,37.5091,32.4956,87.6441,66.2576,66.1206,37.6156,32.6329,122.849,71.6551,83.9553
2022-05-27,146.5688,102.26,115.1465,54.1962,132.23,33.0732,202.2846,448.2535,150.3598,340.6847,105.9927,37.9426,61.3405,10.1645,172.85,36.9689,111.2578,294.3426,274.5168,62.2774,90.4537,41.9625,147.6276,58.3271,177.2748,160.5642,118.099,30.3415,56.739,310.3315,312.4739,400.1493,95.9063,348.7314,193.4314,263.872,140.4087,68.7599,106.2664,18.734,148.0151,42.4006,133.0562,301.0662,118.004,69.2625,391.9399,16.8291,100.9125,253.21,466.1802,68.8835,85.46,23.4147,206.0538,84.5203,38.8389,40.0852,57.5625,38.1951,33.0437,89.4429,68.4996,66.8876,38.677,33.143,124.8898,74.1133,84.7806
2022-05-31,145.7852,101.86,120.2095,53.9035,131.4,33.234,201.0828,443.9305,147.3067,337.8985,107.0786,38.475,60.9747,10.2018,171.14,37.0743,112.6897,294.586,269.4352,61.7416,89.5094,41.84,146.3797,58.0129,175.0735,159.181,118.9626,30.3415,55.5986,305.6713,302.7755,393.3128,95.1992,348.8191,191.9543,262.549,138.6149,67.2148,108.8867,18.5956,144.5511,41.7163,132.3047,300.2674,116.9791,70.8788,389.7408,16.8291,98.7769,252.7533,456.684,68.1965,85.47,23.4578,205.3666,83.4838,38.7557,39.475,57.5243,37.6213,32.9508,88.7215,68.0105,66.4149,38.1593,32.6857,123.2217,74.4893,83.3993
2022-06-01,145.6579,101.22,121.684,53.2986,130.65,32.7605,202.6852,435.1418,148.7067,332.5814,105.8666,38.2043,60.3302,10.1049,172.23,36.6814,112.8185,290.0796,266.1573,61.5131,89.0054,41.548,145.2786,57.5526,174.0816,157.5673,116.8754,29.8763,55.3266,300.8982,300.4958,392.5888,94.6438,348.0296,186.9978,263.0801,138.2258,67.641,108.7309,18.245,143.4653,41.1894,130.3006,298.0467,115.6031,68.8743,386.5883,16.7738,98.6641,246.79,452.7954,67.6674,85.54,23.6388,203.1984,82.7928,38.8389,39.0803,56.8647,38.2339,32.4213,88.1781,67.8071,65.5499,37.745,32.6329,121.4511,73.7132,84.9978
2022-06-02,148.1066,108.59,125.511,53.5885,140.5,32.9762,204.9489,464.2979,148.4368,341.0151,107.4955,38.863,61.5844,10.3584,174.35,37.2564,116.5138,292.2426,273.931,61.7704,89.1355,42.2356,146.9853,59.1918,178.333,157.0708,118.7557,29.1865,55.9056,314.8261,292.14,394.2065,94.6855,353.8973,197.1289,265.166,138.8617,69.7279,113.0644,19.5118,144.628,41.4332,131.7052,306.209,118.3361,71.7094,393.9503,16.7501,98.715,258.3333,452.5288,68.475,87.25,23.4319,208.1543,83.9304,38.7557,40.1586,58.2507,38.1131,32.8672,89.8644,69.4487,66.5041,38.3146,32.8528,122.411,75.969,84.8501
2022-06-03,142.3962,106.3,122.35,52.3416,139.25,32.5179,207.6505,453.481,149.7863,340.9396,105.3624,38.2314,60.7047,10.0676,172.58,36.0488,113.4613,287.2225,273.2234,61.3104,88.962,40.8699,145.5906,57.7986,176.7269,156.4235,117.1003,29.1144,55.2389,313.6167,291.3866,395.6184,94.3853,348.7703,189.1192,260.7624,138.2638,69.8788,111.0852,18.6434,143.0401,41.8422,130.5242,298.2415,116.5046,71.3754,387.485,16.5208,98.5027,234.5167,446.4154,67.8902,89.47,23.5354,205.8312,82.8097,38.3931,39.7686,56.989,38.6179,32.3934,89.5178,67.7877,65.8353,37.8313,32.6945,120.9759,73.747,86.0837
2022-06-06,143.1406,105.65,124.79,52.1474,139.24,32.482,208.3306,449.8817,149.1368,342.7435,104.548,38.4389,60.9486,10.0377,171.82,36.2596,115.7194,288.8719,272.1578,60.8505,88.2941,40.8228,145.8842,58.0324,177.4921,156.4058,116.7135,29.4271,55.1512,317.0279,293.0385,396.2619,93.7182,351.0316,192.5591,259.5359,138.3966,71.2109,110.4239,18.7091,143.6389,41.8894,130.0143,299.235,116.7608,71.3121,388.6649,16.5525,96.686,238.28,450.6167,67.8995,88.39,23.5871,206.1119,82.5485,38.718,40.1449,57.2757,38.5748,32.4863,89.8925,67.7926,65.862,37.7191,32.8396,120.9945,74.4845,85.8665
2022-06-07,145.6579,105.28,123.0,53.2401,140.82,32.6617,211.5632,449.2247,151.9791,347.3995,104.5092,38.5562,61.1315,10.2466,172.94,36.7772,116.0452,289.7732,270.2591,60.9908,88.6498,41.0017,147.4899,58.578,180.3547,158.1259,117.0194,29.74,55.4845,317.2642,301.4812,407.7812,94.2185,354.8136,193.9469,263.1574,140.627,70.8468,111.7465,18.8485,144.5239,42.4399,131.4636,301.8162,117.966,71.7546,392.3929,16.7106,97.7302,238.8867,456.9782,68.4286,90.04,23.5612,207.6219,83.6861,39.0278,40.434,57.6868,39.7267,32.7371,91.1011,68.6012,66.2098,38.1593,33.0375,122.5694,74.3013,89.802
2022-06-08,144.9233,101.9,121.18,52.5311,139.63,32.2483,214.0784,445.6158,152.7634,335.2918,104.0729,38.7637,60.278,10.0899,172.78,36.1254,116.0893,283.6174,266.4619,60.4684,88.3202,38.8353,145.5906,58.1128,177.5677,157.186,115.157,29.9966,55.1687,310.4985,302.8238,396.2619,93.6765,353.1663,194.9282,261.1391,139.3172,69.7012,112.4169,18.5756,143.8037,42.0545,129.8264,299.6441,116.6565,70.8517,388.1268,16.6394,96.8643,241.8667,453.6963,67.5838,91.99,23.6302,206.654,81.7563,38.9522,39.5943,57.5338,39.813,32.1612,89.4522,67.8265,65.3983,37.2445,32.391,121.6002,73.8627,90.8618
2022-06-09,139.7125,98.8,116.15,51.6819,133.73,31.0084,208.3678,449.4818,149.7188,326.1404,100.1559,37.8465,59.0121,9.9035,172.23,35.1286,113.7531,274.1899,268.5486,59.985,88.2421,37.6862,142.3789,56.5761,173.8867,154.0206,112.7369,29.8923,54.2126,301.1345,292.9323,386.7086,93.0595,340.1735,182.3982,255.7117,136.2563,68.68,108.9268,17.9779,141.244,40.7253,127.4823,291.6183,113.9064,71.2489,378.896,16.505,97.1869,239.7067,449.9273,66.2075,91.08,23.8026,199.501,79.8182,38.4913,38.6582,55.7655,38.9329,31.3529,87.6909,66.0154,64.4173,36.3902,31.6127,118.8512,72.5275,88.8985
2022-06-10,134.3156,94.82,109.65,50.2928,127.0,29.8043,200.4586,441.1597,147.9308,316.6016,96.3746,37.4279,57.5878,9.5083,174.54,33.5567,110.1137,258.6877,259.0374,58.9637,87.3747,36.9044,139.1359,54.4706,169.1694,152.9922,107.5549,30.0367,53.8704,293.7641,286.9045,384.4475,92.1589,326.2839,174.0417,244.3163,134.1249,67.4101,105.3725,16.9081,141.0184,39.3018,126.9992,281.3327,110.4593,68.3235,367.9097,16.3548,96.5841,232.23,445.5147,65.2111,90.13,23.9923,193.1126,78.0486,38.4006,37.4744,54.2074,38.2728,30.2196,85.1051,63.4781,64.1408,35.5273,31.3709,116.9409,69.6355,87.2739
2022-06-13,129.1733,86.99,103.67,48.0953,115.86,28.771,192.7265,430.6284,141.1246,306.8456,92.7969,36.1175,55.6827,8.8073,169.93,30.94,105.3897,255.353,253.5924,56.9913,85.822,35.5763,134.1332,52.0627,161.222,151.4494,104.3521,28.9058,53.809,284.7307,281.3694,378.8532,90.0325,311.6534,162.8301,233.9541,129.5005,64.302,101.4324,15.5862,138.6062,37.6815,123.5994,268.2518,105.9838,65.3349,353.9408,15.6197,93.5534,215.7367,431.7897,63.3394,90.36,24.225,186.095,74.147,37.4712,36.0106,51.6457,36.2752,29.3185,82.5475,60.6647,62.7584,33.8187,29.9285,113.3997,66.4205,83.269
2022-06-14,130.0352,86.99,102.31,48.3322,122.16,28.2678,192.5495,433.0565,141.3102,308.4323,91.3522,36.618,55.1575,9.0981,168.57,31.8218,105.7096,254.6499,249.5712,57.3655,85.1367,35.727,133.1842,52.1066,160.4453,149.1264,102.6157,28.986,52.3335,279.3353,280.8961,371.9184,89.5656,313.9928,162.3047,236.1077,128.8535,63.4761,101.6895,15.7745,135.4651,37.6894,119.7434,268.7389,105.6981,65.2897,352.8743,15.3747,92.3734,220.89,424.4813,62.967,88.45,24.2768,187.3146,73.5824,37.1463,35.7353,51.5023,36.3442,29.0677,82.3414,61.0472,62.0182,33.577,29.1722,112.3187,66.3675,83.4862
2022-06-15,132.6504,89.3,107.67,48.9399,133.72,28.798,191.9067,436.8557,138.5354,312.21,92.9617,37.1003,56.1901,9.1503,170.77,32.7611,108.7299,261.4367,250.5206,58.4804,86.3251,36.4052,134.1977,53.2971,162.7944,150.7224,103.8303,29.0181,52.7223,283.4645,283.0213,370.0684,90.9665,317.1605,167.8758,243.1284,128.9582,65.8827,104.1877,16.4628,136.9142,38.1535,118.5535,275.4497,107.136,66.9872,357.905,15.3668,94.0967,233.0,426.8532,63.4232,86.93,24.0871,189.87,75.3267,37.1387,35.7261,52.6589,35.5418,29.3928,83.1377,62.3353,62.0806,34.3451,29.3613,113.4557,68.2328,82.435
2022-06-16,127.3906,82.05,103.66,46.1961,133.36,28.6183,181.4636,430.1618,131.1304,299.9229,91.4104,35.9628,54.9527,8.3896,172.69,30.1157,105.034,256.8492,244.9052,57.5526,86.8889,35.1712,130.3558,51.2088,155.2543,150.8021,102.0489,28.8978,52.1921,273.7603,278.2687,361.7484,91.0665,300.9706,159.4696,236.5713,125.6565,62.9345,98.3832,15.5404,136.2548,37.3433,119.2782,264.3363,103.3842,64.0618,346.0597,14.9873,94.8438,213.1,420.7734,62.1382,87.66,23.8543,182.988,73.3465,36.9045,34.4368,50.7376,33.5399,28.6496,80.3646,59.7979,61.608,33.5253,28.794,111.7876,64.8925,79.3944
2022-06-17,128.8599,81.57,106.22,46.3327,136.8,28.6812,179.4607,425.3342,125.1423,304.7867,91.4686,36.0993,54.7302,8.3747,171.27,30.5566,106.1336,252.1715,242.4603,57.7319,86.9149,34.8227,129.8952,51.6918,156.4668,150.2524,101.6891,28.5369,52.5102,274.6674,281.0024,361.0513,91.25,302.8322,162.3146,239.1594,123.9342,62.8812,98.5852,15.8183,136.2808,36.5962,118.4193,267.5505,103.4318,64.8924,346.8058,15.3193,95.1494,216.76,417.0555,62.3151,83.34,24.0957,183.9172,73.9026,37.0481,34.3771,51.464,31.7063,28.7332,80.1585,60.3451,61.385,33.7237,28.5258,111.7224,65.6011,74.8161
2022-06-21,133.0814,83.79,108.68,47.1965,136.75,29.5168,182.9355,440.9691,130.3798,310.9728,90.4506,36.6817,55.5581,8.5463,170.63,31.2851,110.4926,256.6958,241.09,57.6929,86.4639,35.5386,132.9078,53.0068,159.2706,153.4,104.2081,29.363,53.6323,282.3213,287.2234,374.4117,90.3327,309.3726,155.6829,245.0406,128.0828,64.5862,99.8159,16.5017,139.4479,37.8389,122.0069,274.3007,105.641,65.8766,355.5361,15.7778,93.5365,237.0367,443.1272,63.7305,84.05,24.0095,188.1568,74.9307,38.2722,34.8969,51.8282,33.3489,29.3067,81.6208,61.8807,63.023,34.3518,29.0687,114.73,67.4775,79.4726
2022-06-22,132.5721,83.75,108.95,46.4779,137.16,29.2922,174.9798,437.9698,124.7122,300.263,90.6542,36.0265,55.1842,8.5612,171.31,31.4672,110.4366,256.4525,240.8931,57.6773,87.5569,35.2089,132.6867,52.9897,158.9675,155.8206,103.6234,29.7159,54.0299,281.9621,296.2552,371.2749,90.9915,308.1542,154.4933,244.4515,127.3691,66.3267,96.3626,16.2965,140.5932,38.5939,123.9126,273.9006,105.4601,66.1836,354.8915,16.0624,96.1087,236.0867,451.7624,63.9727,80.88,23.975,187.6051,75.8829,38.3779,34.4487,51.9144,32.0139,29.2413,81.1691,61.6185,62.9781,34.9085,29.3746,116.3209,67.3471,76.3278
2022-06-23,135.4321,82.43,112.44,46.5229,133.97,28.8249,166.4464,452.2908,120.1242,280.9776,91.4298,36.1357,55.1219,8.6208,170.26,31.6205,111.184,257.9217,246.6606,58.0905,88.0512,35.2372,133.2487,53.9168,160.8715,159.2963,102.4898,30.3575,54.6749,280.4786,302.08,366.9584,91.6919,308.7488,157.368,249.985,127.7973,68.5557,99.1914,16.162,142.3894,39.3961,127.3123,277.9798,106.9836,67.8991,358.3704,16.2916,96.8982,235.07,461.108,65.0063,78.98,24.0009,190.3346,77.3246,39.3602,33.9775,52.5564,30.8272,29.1292,80.7551,62.541,64.2001,35.5957,30.0661,118.9318,68.4051,74.0256
2022-06-24,138.7526,87.08,116.46,47.6949,141.53,29.0316,172.7999,461.2128,122.0977,293.5952,94.8039,36.9911,56.7688,8.9564,170.09,33.3746,116.863,272.865,253.4491,58.5038,87.739,36.3675,136.8326,55.9051,165.854,161.6282,105.5486,30.7987,55.6999,286.526,314.5411,374.4831,91.8003,322.1413,168.6787,258.5219,130.4521,69.2838,103.7009,17.0595,144.1508,40.5759,129.1464,287.5044,110.5164,70.5266,369.7643,16.592,95.5569,245.7067,457.2609,66.4962,81.27,23.9492,198.9201,78.9698,38.5064,35.3266,54.559,31.2329,30.2032,83.578,64.7888,65.4581,36.3699,30.5891,120.9064,71.014,75.4938
2022-06-27,138.7526,86.16,113.22,47.3782,138.72,29.0675,174.7562,458.718,124.4592,297.8073,93.6695,37.0366,56.5284,8.9788,169.9,33.1925,114.7417,271.0894,253.1714,58.1451,87.2446,36.3863,136.851,55.5124,166.4698,161.4774,104.7029,31.0072,55.585,279.94,316.1349,374.6708,90.9581,320.5135,168.0146,255.8083,131.4987,69.1684,101.4875,16.8035,144.3417,40.804,128.1623,285.3965,110.0403,70.1384,368.3519,16.426,94.7419,244.92,466.5051,66.4217,82.93,23.9061,197.0327,78.8511,38.5064,35.0355,54.0416,32.1491,30.1005,83.3804,64.3518,65.2783,36.2395,30.8373,121.3556,70.27,77.3442
2022-06-28,134.6192,80.78,107.4,46.698,138.7,28.9867,174.6165,446.2062,126.458,291.9803,93.0005,36.8091,56.1456,8.8073,169.62,32.579,110.9517,269.9268,241.9409,57.5058,87.3573,35.5857,135.1097,53.9339,163.3438,156.8846,104.1991,30.2613,55.0284,277.2376,306.8132,375.9756,90.9331,310.2401,159.2813,247.6866,130.5472,67.8808,94.3971,15.9199,142.3113,39.8444,126.0777,276.7013,107.2407,68.9285,360.8255,16.2916,95.1834,232.6633,469.0697,65.2763,84.72,24.044,191.7671,77.8928,38.1286,34.6613,52.4701,33.0173,29.8016,82.4112,62.4244,64.4068,35.7436,30.7221,119.2406,67.463,79.49
2022-06-29,136.3725,77.99,108.92,45.9448,138.45,28.6273,170.9274,447.3775,123.9616,284.9848,92.7387,36.6635,55.932,8.591,169.49,32.0614,110.6486,273.3427,245.2724,57.42,88.0599,35.1242,134.4833,54.029,161.6862,156.9289,103.7313,30.4618,55.426,275.3571,312.0103,374.3491,91.4751,314.4314,162.5129,251.337,130.138,67.49,94.8288,15.4816,144.6714,40.0647,127.2229,276.9551,107.0408,69.0097,360.5316,16.5604,96.669,228.49,475.7768,65.5464,82.95,24.1819,193.1029,77.4094,38.4913,34.4118,52.633,31.8699,29.6335,81.9313,62.5507,64.8111,35.5174,30.7443,120.2794,67.4099,76.5536
2022-06-30,133.914,76.47,106.21,45.5138,136.72,27.9713,166.5303,456.3661,122.1061,283.8664,91.5268,36.4906,55.6293,8.3002,168.46,30.4416,107.9359,267.7006,245.6307,57.3889,88.7365,35.2372,133.5619,53.3557,160.4263,157.39,101.3112,30.5901,55.585,271.6909,313.1984,384.242,91.7503,307.5013,159.8463,248.0246,129.7574,68.7866,93.8644,15.1001,144.6107,41.2366,128.6454,273.52,106.3933,68.9736,357.6025,16.5683,97.518,224.4733,473.8578,65.3788,80.35,24.1043,190.5766,77.2652,38.3477,34.0052,52.0006,31.198,29.372,82.1854,61.7156,64.856,35.5435,31.0856,120.008,66.4195,74.3991
2022-07-01,136.0786,73.67,109.56,44.7672,139.84,28.3577,166.0924,462.5363,123.5652,285.9138,93.2138,36.2631,55.7628,8.4418,168.32,30.8538,107.7125,269.6925,249.9384,57.9363,89.6878,34.2293,135.2295,53.9217,162.3682,159.1721,102.6067,30.9911,56.8838,269.716,313.662,387.4235,92.91,310.1913,158.6369,250.6804,131.1466,71.5394,92.9276,14.4666,146.9795,41.1422,130.7211,275.3253,106.9551,71.565,361.3847,16.8449,98.5191,227.2633,477.336,66.1703,81.67,24.1819,192.7931,78.656,39.0202,34.2455,52.5276,31.6649,29.7736,82.9005,61.8564,65.7905,36.1786,31.848,121.3556,67.6418,76.0585
2022-07-05,138.6546,75.2,113.5,44.6229,137.7,28.0702,161.8723,464.9169,120.3182,276.9088,94.2222,35.981,54.5699,8.3524,164.75,31.0263,112.1954,267.8628,254.1028,57.8815,90.0179,34.559,134.4372,54.6097,163.7132,157.9486,102.2164,30.5741,55.9119,255.7219,316.048,371.0961,92.8849,311.1856,166.7259,253.8383,129.158,70.2518,95.8115,14.9059,146.6497,40.6152,129.4596,280.0388,107.6788,71.7997,362.0673,16.7343,99.2932,233.0667,466.1176,65.9561,74.78,24.5268,194.1096,78.4355,38.854,33.557,53.7445,30.4084,29.6709,81.6584,62.6332,65.3682,36.0307,30.762,120.6537,69.154,73.6781
2022-07-06,139.9867,75.35,114.33,45.2141,136.31,27.8365,160.5216,469.097,118.7326,274.0746,93.1556,35.7626,54.6144,8.248,162.14,29.9719,113.492,264.7625,253.9685,57.6622,89.2534,34.8416,134.3174,54.8707,162.5008,158.0904,101.5539,30.6382,56.0268,259.1803,318.917,380.6048,92.425,312.0726,168.2921,257.0831,129.5291,70.6603,95.7289,15.0712,148.1162,41.4882,130.6674,281.8345,108.2692,71.2038,363.29,16.671,97.626,231.7333,475.3893,66.3751,73.67,24.6388,194.671,78.2914,38.922,33.7696,53.7541,29.8892,29.5962,82.1289,63.1721,65.5569,36.0046,31.0811,121.4679,68.9269,72.3489
2022-07-07,143.3463,79.3,116.33,46.7065,139.97,28.6273,167.9463,471.287,121.0435,288.1318,94.4645,36.4815,55.4423,8.6879,162.23,31.3042,117.6634,269.1247,256.7537,58.6019,88.7061,35.9248,136.0771,55.9125,166.3466,158.2678,104.1225,30.542,55.585,258.7928,316.7919,377.2982,92.4167,316.3581,170.6911,259.198,130.8231,71.3796,99.3108,15.7964,147.8212,42.0152,130.6227,287.8654,110.1451,71.5469,368.7311,16.7185,96.7669,244.5433,474.5498,66.6731,76.55,24.6475,196.2971,78.5034,38.7996,34.0699,54.5973,30.9668,30.0258,83.0981,64.4781,65.6198,36.0307,31.0501,121.9826,70.7048,74.6598
2022-07-08,144.0222,79.35,115.54,46.7205,139.07,28.5644,166.8471,477.5619,120.4109,288.7669,92.9423,36.4815,55.5047,8.6656,162.3,30.9688,118.2285,267.2049,256.5567,58.6489,88.1675,35.7835,135.7362,55.9539,166.3277,158.0727,103.7957,30.7746,55.7882,258.6039,319.2261,375.6538,92.2662,315.3721,169.3925,258.4833,131.0325,71.2641,99.1271,15.7765,149.1401,41.8186,129.7458,288.2266,110.0118,71.583,368.4278,16.6608,95.6951,250.7633,478.4708,66.5614,78.54,24.6302,197.0424,78.0878,38.6312,33.7372,54.3386,30.9537,29.9604,82.7217,64.5072,65.503,35.8654,30.9482,122.3475,70.7144,74.7814
2022-07-11,141.8967,76.95,111.75,45.2375,136.99,28.2678,163.0462,475.0481,119.3482,282.8615,90.7899,35.5078,54.6055,8.4195,161.43,29.5886,114.5861,264.2396,256.4851,58.32,88.8625,35.0394,134.6307,55.0195,162.9838,158.1348,102.4343,30.9671,55.6115,261.5236,319.8058,374.5099,92.5254,316.4753,161.4621,255.4413,130.4806,71.646,96.5371,15.0932,147.9167,41.5984,130.6584,282.0687,108.7358,70.337,364.2191,16.5486,97.3453,234.3433,476.9208,66.3006,78.23,24.9147,198.4846,77.9182,38.6389,33.6448,52.6905,30.6571,29.7176,82.1665,63.6187,65.4131,35.8654,31.1432,122.0387,68.7771,74.3991
2022-07-12,142.8664,76.36,109.22,45.0979,147.15,28.178,162.5524,467.1164,117.1639,280.5392,90.7511,35.3713,54.5966,8.6208,160.83,30.2212,112.9457,263.6538,255.3477,58.555,89.0709,35.0488,133.9305,54.3413,162.425,155.9181,102.5341,31.1195,55.373,258.4716,312.5801,369.9701,92.6591,315.1769,161.8487,244.973,129.1866,70.9977,95.2972,15.0234,147.075,40.9298,129.5043,279.3362,107.6788,70.2106,360.9961,16.5006,97.9237,233.07,474.5866,65.6954,72.81,24.9061,198.2523,77.6129,38.8531,33.5801,52.6618,30.0594,29.5308,81.9125,62.7497,65.2244,35.6392,30.9925,120.4853,68.3616,73.4088
2022-07-13,142.504,77.52,110.4,45.1316,143.95,27.7107,161.9748,468.6875,116.3795,281.3165,90.1112,35.2894,54.5699,8.5835,161.6,30.4033,110.3039,261.5087,257.1926,58.4923,89.4532,35.0488,133.1105,54.1681,162.2829,155.5546,101.5721,31.4243,55.1167,259.5961,311.4886,364.6171,93.3531,315.6747,162.0668,244.0555,128.7774,71.273,96.5371,15.1051,147.5956,40.7332,130.3542,278.7604,107.2122,70.3551,359.1003,16.3804,99.0465,237.04,462.4272,65.5091,73.19,24.8544,197.6038,77.2398,38.6465,33.3861,52.4222,30.0114,29.2693,80.915,62.5846,65.2694,35.4479,30.8639,119.3155,68.9221,73.7042
2022-07-14,145.4228,78.6,110.63,45.4042,147.15,27.0728,158.3137,487.4648,114.6506,278.9941,89.0447,34.9709,53.8044,8.4941,159.33,30.2787,109.3272,253.7938,259.2524,58.3827,88.958,35.5198,131.7562,54.2632,160.6157,155.7674,98.0232,31.0874,54.94,254.1911,315.7679,357.7448,92.7595,317.2952,156.6742,245.3689,128.235,71.1576,94.8013,15.3123,148.3592,40.4186,129.9695,279.7558,107.1741,70.6079,358.2281,16.2843,98.2384,238.3133,463.5251,65.3415,72.85,25.0268,199.3073,76.5444,38.6312,32.7716,51.7611,29.4442,28.7089,80.4539,63.1575,65.3232,35.0999,30.8639,118.9692,68.8641,72.2273
2022-07-15,147.088,81.11,113.55,46.3242,147.74,28.9777,161.5184,497.9483,116.0928,282.1885,92.3024,35.1529,54.659,8.8595,159.01,31.5055,110.7239,264.8615,261.8765,59.1267,89.2621,36.3769,134.5478,55.2172,163.9595,158.0283,102.5159,30.4859,55.2227,261.722,320.3176,356.02,93.5036,324.6558,163.2663,247.9184,130.2712,69.8966,96.1605,15.7008,148.4806,40.7017,129.7906,284.8304,109.0119,71.89,365.0722,16.4766,98.7913,240.0667,488.7296,66.1889,73.74,24.8802,203.3049,77.8419,39.0368,33.2844,53.093,29.9241,29.6802,81.7149,64.2693,65.5389,35.6653,30.9216,121.8422,69.9753,73.4435
2022-07-18,144.0516,81.43,113.76,46.0057,147.72,28.9867,161.6208,491.6162,117.7205,282.4255,92.7872,35.3986,54.8815,8.9191,159.16,31.2659,108.0023,271.522,262.4496,58.555,89.0015,36.4617,133.8936,54.6902,163.4954,154.4818,101.4631,30.8227,54.4717,261.8638,310.822,346.1003,92.8515,323.1329,165.7742,245.5331,129.0343,68.831,95.4625,16.0385,145.999,39.9152,128.216,282.42,108.212,72.4408,362.0578,16.4445,97.7621,240.5467,479.1533,65.3508,76.81,24.7423,200.5657,77.2907,38.4706,33.363,52.8247,30.6091,29.5682,81.2255,63.6479,64.901,35.3174,30.4916,119.2687,70.1782,74.7988
2022-07-19,147.9009,85.88,118.21,47.6864,156.13,29.9661,168.375,495.3583,121.9628,295.3548,96.5782,35.981,56.3771,9.3889,159.54,32.972,112.7372,286.6547,268.5216,59.3302,88.5932,37.884,137.3854,56.2955,169.2641,152.2296,103.9772,31.0714,55.2492,270.0091,315.1014,348.8706,93.1107,332.2799,174.2498,250.632,131.3465,70.0919,100.2843,16.926,147.5609,40.4029,128.8691,291.1053,111.3544,74.5356,371.8403,16.6608,97.2347,245.53,492.1432,66.5893,78.05,24.5871,206.8088,79.2921,38.6006,34.3794,54.7027,31.5514,30.4554,84.1238,65.5898,65.5838,36.2916,30.6866,121.2994,72.3281,76.6839
2022-07-20,149.899,89.43,122.77,47.9459,158.38,29.9751,168.8253,499.1385,123.5737,298.9283,100.2044,35.8263,56.0032,9.4934,158.04,33.3171,112.8264,289.7191,270.7338,59.5887,88.5063,38.2042,137.8553,56.942,171.9164,151.3607,103.9591,30.6864,54.3392,267.5428,311.0732,353.196,93.0103,333.1488,181.4962,253.2781,130.9373,69.5502,102.0477,17.7379,145.999,39.9703,126.6413,295.7213,112.4971,75.1856,374.2101,16.4045,97.4899,247.5,479.2455,66.431,77.64,24.6561,206.5282,79.1055,37.5448,34.4395,55.6034,31.8568,30.5675,84.773,66.6142,65.1436,36.109,30.2788,120.1016,73.5165,77.5266
2022-07-21,152.1617,91.09,124.63,48.4996,161.41,30.2356,169.7821,504.1471,122.629,300.0469,101.0091,36.2358,56.5818,9.6947,160.27,33.6717,113.2622,294.3066,273.1518,60.2935,89.514,38.2513,138.62,57.7398,172.7973,151.8927,104.667,30.4377,54.2155,271.2184,315.7968,353.178,94.2812,338.6643,181.5755,255.76,131.0325,70.0387,102.5161,17.9799,146.2159,40.2062,126.7611,299.9664,113.4207,75.4294,378.0207,15.1549,99.1741,271.7067,482.0042,66.9618,75.49,24.5871,209.2577,79.733,36.4659,34.9293,55.5747,31.2984,30.7636,85.3847,67.5512,65.3412,36.483,30.3586,122.0013,75.1978,76.2322
2022-07-22,150.9275,88.1,122.42,48.0162,158.16,30.038,167.5588,504.3945,121.6085,295.9899,99.5935,35.8718,56.4394,9.5605,160.67,33.2308,106.8829,291.9543,274.5757,60.2152,90.5391,36.9232,137.7723,56.964,170.0409,152.6109,104.1588,30.7345,54.4187,269.8105,317.5646,352.767,95.0087,335.6967,167.7965,251.4336,130.8612,71.2641,100.2201,17.2517,147.1704,40.2928,128.7872,294.7063,112.0591,75.4746,374.5134,14.7384,100.8414,272.2433,481.0354,66.7662,74.53,24.5526,206.8476,80.1486,34.0099,34.6797,53.6487,31.041,30.5861,85.1118,66.6191,65.7725,36.7614,30.7753,121.496,74.763,75.6501
2022-07-25,149.8109,87.54,121.14,48.0715,156.64,30.3075,170.5513,503.8424,125.2267,306.1324,99.5644,35.9992,56.8756,9.5754,160.23,33.087,106.4966,292.1255,274.1818,60.1995,90.2177,36.8855,138.3804,56.7981,170.9218,152.9124,104.5763,30.7826,54.9488,272.2201,320.2693,357.289,94.206,336.0189,165.1993,249.9561,132.5073,71.9124,100.367,16.9579,147.3787,40.7175,129.6607,293.0278,111.8876,73.5875,374.9684,14.8425,99.8546,268.4333,488.4713,66.7197,76.22,24.5181,207.3993,80.2842,34.2471,34.823,53.4666,32.1797,30.7823,85.5164,66.1967,66.096,36.7875,31.1609,122.1323,74.1204,78.1695
2022-07-26,148.4886,85.25,114.81,47.8822,155.92,29.6965,170.0072,487.4551,124.2483,302.8053,96.743,35.7171,56.0833,9.3517,160.04,31.956,104.0301,287.1053,267.044,59.7767,90.2525,36.6972,137.4223,55.7783,169.8704,153.9941,102.9425,30.9911,55.8501,270.8311,320.279,354.6169,94.1893,333.1585,157.7646,243.2636,132.2504,70.9622,96.6198,16.4688,149.0967,41.1343,129.9128,287.2701,110.3546,72.513,370.5322,14.6583,99.9312,258.86,490.4271,66.5986,75.16,24.7078,205.6764,80.3691,34.3695,34.5873,52.3935,31.8873,30.3527,85.0554,65.1238,65.9433,36.8571,31.3471,122.7593,71.7338,77.8654
2022-07-27,153.572,89.82,120.97,49.4468,156.09,30.1817,173.7783,497.3389,125.8845,308.7391,100.3498,36.3814,57.4097,9.8364,161.67,33.2404,111.9943,292.5041,267.6977,60.4345,90.4349,37.8463,139.7439,57.7715,173.7352,153.5685,104.5944,29.1464,55.6734,274.4501,317.7481,356.163,94.8163,335.1012,168.1038,259.5263,133.7442,71.3796,99.0628,17.7209,148.8884,40.859,131.1465,299.4102,113.1637,74.9058,380.1535,14.7304,99.3698,274.82,493.2133,67.3994,77.87,24.5009,203.7211,80.8524,34.3618,35.0032,54.6069,32.6072,30.8196,86.3727,67.925,66.3925,37.0571,31.3737,123.5266,74.449,79.5508
2022-07-28,154.1205,91.67,122.28,49.9921,159.09,29.9391,176.2079,511.4271,126.8376,314.3506,101.7072,36.5361,57.7035,10.4405,163.64,34.2564,113.1434,296.623,268.3426,61.0532,91.3297,37.4036,141.1075,58.6961,176.1222,154.4551,104.2042,29.8282,56.6011,280.5731,319.5449,362.9012,95.6023,344.0628,159.3209,266.9333,134.8766,75.0738,103.0764,17.9142,151.7085,40.2012,133.3256,302.3378,114.9634,76.4497,384.9216,14.8826,100.1609,280.9,499.5607,68.3493,77.13,24.4837,204.5729,83.4729,34.8515,35.6223,53.9841,32.7904,31.0438,88.1794,68.9592,67.4528,38.4229,32.4996,124.3127,75.7292,80.4803
2022-07-29,159.1747,94.47,134.95,50.1673,159.31,30.3794,185.9733,516.3107,138.1306,325.2988,102.8707,36.3632,58.5047,10.955,164.1,34.7548,115.2236,300.4805,269.5158,61.2333,91.3644,34.2011,142.3697,59.8135,177.3726,154.7389,104.7033,29.5394,56.6983,285.3638,318.4726,369.8094,95.828,345.3708,157.715,271.1149,136.4656,75.0294,105.547,18.0925,151.8126,40.0347,125.0862,307.8515,116.1918,76.549,390.5333,15.0428,99.8886,297.15,500.3448,68.731,78.05,24.3888,205.3086,83.9224,35.3412,36.0982,54.0128,34.2127,31.4827,89.9955,70.0175,66.9316,38.5707,32.7788,123.901,78.6666,84.2073
2022-08-01,158.1952,96.78,135.39,50.2506,169.07,30.2895,182.7932,521.5663,135.3727,320.5688,102.987,36.0538,58.5848,11.4398,165.03,35.2436,113.7773,299.2998,273.8861,61.2521,91.8988,34.8133,142.0103,59.672,177.3063,154.198,103.6596,30.0207,57.0075,283.5402,313.1211,374.6976,96.0175,342.1981,158.5378,268.4785,135.476,75.7575,104.9775,18.3694,153.5393,40.114,128.6792,307.666,115.8966,76.6664,389.3768,15.0027,102.2943,297.2767,493.9235,68.5075,75.13,24.294,204.5826,83.2439,35.3948,35.8071,53.9362,33.5059,31.2212,90.0896,69.867,67.7673,38.2228,32.8143,122.9839,79.058,82.0788
2022-08-02,156.726,99.29,134.16,49.7672,163.28,29.6875,172.146,518.3709,134.2172,315.8483,101.523,35.8809,57.6501,11.3055,164.05,34.6302,114.0448,295.5143,269.3098,60.9691,90.6282,33.9185,140.9785,59.4134,177.1358,153.3202,102.044,29.748,56.23,281.244,309.3055,383.1875,94.8441,340.7046,158.7955,265.3979,134.7338,76.0772,102.6539,18.4541,152.2725,39.3848,127.8237,306.7487,114.9158,75.5829,386.808,14.7063,100.1298,300.5867,493.9974,68.0699,75.93,24.4492,199.6461,82.1754,34.6908,35.4421,53.8499,33.4274,30.8757,89.1392,69.3718,67.2282,37.7183,32.7478,122.544,78.5168,81.7226
2022-08-03,162.7204,98.09,139.52,51.2222,166.64,30.2266,171.5457,521.7571,131.0292,318.9764,105.7018,36.163,57.9883,11.7008,164.45,35.7612,116.967,300.2822,274.3788,61.5037,91.0024,34.3989,142.4434,60.6918,179.7407,154.8009,103.115,29.9485,56.4774,283.5307,303.1523,383.6521,95.875,345.7027,167.3306,272.7856,135.0288,76.7788,104.9592,18.8196,153.4352,39.5195,130.4621,315.1023,116.4012,78.7973,392.8651,14.7144,101.7063,307.3967,498.7856,68.8242,73.53,24.5181,201.7949,82.4383,34.6832,35.4791,55.1435,32.4676,31.3426,89.9767,71.2167,67.6684,37.8748,32.9517,123.667,80.43,79.073
2022-08-04,162.407,103.91,142.57,51.7899,166.5,30.011,172.268,518.1993,127.4701,324.5405,104.8292,36.4178,58.2821,11.4621,167.17,34.726,117.0759,299.1105,275.0953,61.6688,91.4636,33.9279,141.7708,60.8772,179.3618,152.3183,101.9805,29.6998,56.2565,285.5906,295.3858,382.6066,96.0259,347.5966,169.0852,273.9252,133.4683,78.1286,105.1429,19.1404,152.6022,39.5195,130.255,316.5758,116.6774,78.4452,392.5998,14.6343,101.6722,308.6333,492.4198,68.8055,71.53,24.363,206.6249,82.3111,33.9946,35.5022,55.383,31.2635,31.2399,90.306,71.542,67.2192,37.9096,33.0226,123.0587,80.7585,75.7457
2022-08-05,162.1814,102.31,140.8,51.6625,165.04,30.5142,173.9096,515.7097,129.5786,325.422,103.3845,36.4542,57.8726,11.4099,165.29,34.5631,116.3627,301.6342,277.3521,61.3543,90.1409,33.671,142.0565,60.6918,180.7353,151.7154,105.0664,30.133,56.0003,285.3354,291.0679,381.0695,94.7267,349.0023,165.6553,273.2105,133.9345,78.1286,104.5826,18.9153,151.4568,39.0519,130.318,313.9897,116.4774,77.4068,391.9362,14.6983,99.2521,288.17,493.6285,68.9266,71.54,24.5699,208.948,82.5401,34.3924,35.6269,54.7027,31.883,31.464,90.4472,71.3769,67.0664,38.0314,32.9029,123.0119,79.3816,76.8403
2022-08-08,161.7105,100.07,139.41,51.1088,165.89,30.0919,174.3036,516.8831,129.3846,325.8012,105.789,36.4997,58.0062,11.7679,166.69,36.0008,116.1943,301.6432,279.394,61.4094,90.6717,33.6615,142.3513,60.5454,182.6488,150.9085,103.7866,30.3094,55.638,284.4,292.2077,378.7906,95.1039,343.7796,168.7679,270.7094,134.4388,77.7201,104.702,17.7239,150.8494,39.2897,130.8133,312.9749,116.4108,77.3978,391.4812,14.418,100.8541,290.4233,495.0492,69.1221,73.54,24.5354,206.4798,83.2779,34.0787,35.8256,55.0189,32.0488,31.4454,90.419,70.77,67.0305,38.3098,32.9517,123.302,79.7391,77.2747
2022-08-09,161.7596,95.54,137.83,49.9162,164.85,30.4782,174.51,511.0837,131.0714,325.7728,104.8389,36.3632,57.6946,11.3279,167.2,35.0999,115.5307,303.3916,273.3399,60.9534,90.4019,32.8433,142.2131,59.9989,180.1575,150.8908,104.7215,30.7987,55.7087,284.1071,292.7101,382.9819,94.6764,338.2933,167.0629,272.6214,135.2191,78.9633,101.1293,17.0197,151.4135,39.4561,130.5071,309.4323,115.2871,76.6032,389.9266,14.4981,100.4622,283.3333,495.6582,69.0849,73.45,24.5095,203.5179,83.7358,34.1858,35.65,54.4823,32.6116,31.6041,90.0896,70.0612,66.9316,38.6142,33.3196,122.9277,78.4685,78.6994
2022-08-10,165.9968,99.05,142.69,51.566,169.02,31.5115,178.9095,514.899,131.4172,334.0005,109.008,36.8182,58.9943,11.6744,166.78,36.3747,118.5717,313.5672,279.0446,61.8654,90.4541,33.652,144.8204,61.5579,185.3011,151.3253,107.4534,30.9831,56.2388,292.3562,294.2459,384.2688,95.5732,344.9706,176.7875,279.2462,136.3514,79.727,103.9122,18.0267,152.6629,39.5909,131.7408,318.0689,118.1819,78.093,398.1166,14.426,99.806,294.3567,496.0825,69.8392,74.32,24.2423,205.2989,85.0079,34.3083,36.6618,56.0154,32.8472,32.3139,92.0657,71.974,67.4258,39.1362,33.4658,124.2659,80.6812,79.4465
2022-08-11,165.2612,98.12,140.64,51.0994,167.88,32.2663,181.9864,507.6308,134.6221,343.0624,114.1079,36.9638,58.9765,11.9229,166.34,36.8635,117.7198,316.965,278.2477,61.5116,89.8537,33.8613,145.4652,61.2651,185.9926,148.1953,109.0417,31.0633,55.8589,289.0206,290.923,383.2501,94.6513,342.2372,175.9449,277.1796,136.6273,79.4162,104.7939,17.8723,151.882,38.2751,130.8043,316.2635,117.7915,79.2463,398.1166,14.45,97.4796,286.63,491.5988,69.5505,76.28,24.2595,204.6735,84.8043,34.2624,36.7866,56.0729,33.9771,32.6968,92.555,71.6925,67.2641,38.9535,33.4614,123.4611,80.2706,81.7448
2022-08-12,168.802,100.83,143.55,52.2986,169.99,32.6167,184.6506,512.4096,134.8161,348.9773,117.8698,37.3551,59.4305,12.1865,167.87,37.8411,120.533,318.8938,282.0091,62.0619,90.2105,34.3561,147.6396,62.4435,189.791,146.5639,110.8479,31.0152,56.283,294.3877,298.5694,388.0669,95.7493,345.8394,178.9287,281.9019,138.5685,80.3398,106.6032,18.6363,153.869,39.7177,132.074,322.4214,119.7817,80.1907,404.8563,14.6343,98.4681,300.03,501.5994,70.5282,74.98,24.3543,204.9159,86.263,34.5455,37.4796,57.0694,34.2345,33.2105,93.9476,73.1198,67.8481,39.6146,34.0066,125.0427,82.0871,82.4553
2022-08-15,169.8711,101.01,143.18,52.367,170.47,32.5718,183.8157,520.5552,132.2521,346.9772,120.4779,37.1822,59.0744,12.292,165.71,37.7645,120.9293,320.7234,281.7583,61.9518,90.4977,34.5749,147.8515,62.8094,190.4636,147.2643,111.1475,30.927,56.9899,295.0114,304.2486,391.436,95.6822,351.3842,179.3153,283.4084,138.6065,80.8104,106.8328,18.9581,155.561,39.4323,133.7758,325.027,120.2293,80.9625,406.5247,14.7304,98.3829,309.32,502.4667,71.0311,72.88,24.5699,209.8513,86.6107,34.8592,37.4565,57.2706,33.567,33.2011,94.1735,73.581,68.522,39.7886,34.2903,125.6697,82.6524,80.9816
2022-08-16,169.7142,100.2,144.78,51.6822,172.08,32.9222,185.2885,527.4896,131.9148,350.7024,121.1566,37.1731,59.0566,12.3748,165.42,37.3715,120.5528,319.9303,293.1948,61.661,90.3932,34.4322,148.4687,62.8143,190.3878,148.5766,112.2094,31.1435,57.4582,295.0869,300.7306,393.3574,95.3134,350.7009,177.9077,282.6745,138.9585,80.3931,108.4309,18.8057,156.4634,39.5195,135.0095,324.2658,120.4387,81.1805,407.3209,14.8746,98.7919,306.5633,503.8319,71.357,71.24,24.5613,210.5495,86.3817,35.0428,37.6644,57.3856,33.4885,33.444,94.5969,73.382,69.2948,39.632,34.3878,125.3327,83.5654,80.2272
2022-08-17,171.205,98.27,142.1,50.4586,167.2,32.7156,183.7969,530.6373,133.0028,345.688,119.0721,37.0184,58.5848,12.0735,164.35,36.806,118.4231,318.8216,291.744,61.0242,89.784,34.0421,147.1789,62.3264,187.1861,148.5855,111.2654,30.6382,57.3256,292.4128,307.0396,394.6353,94.4166,346.8741,173.3279,281.9293,138.9966,80.1,107.4941,18.2638,156.3767,39.0519,134.3882,320.5671,119.4103,80.227,404.4298,14.7544,97.7608,303.9967,502.7988,70.8914,72.05,24.5957,208.009,85.8644,34.6908,37.147,56.2741,33.7677,33.2759,93.8441,72.8576,69.0971,39.5189,34.3302,124.6028,82.6669,80.8763
2022-08-18,170.8127,100.44,142.3,52.3192,168.69,32.5988,185.129,535.0631,135.3347,348.8161,118.9363,36.8091,58.3889,12.1639,163.92,37.1127,119.0373,319.5247,291.2515,61.1185,89.9581,34.4417,147.5566,62.4752,188.427,147.8673,110.4032,30.6864,57.626,293.0838,306.9427,392.6335,94.6597,348.8558,173.1396,280.8164,139.9386,80.1355,106.5481,18.7001,156.5329,38.505,134.8655,321.3382,119.9817,80.4086,405.6052,14.7624,97.9057,302.87,503.0017,71.0776,74.21,24.7854,208.7169,85.2962,33.8109,37.2625,56.1879,34.6752,33.3132,94.2205,73.2363,69.3307,39.2493,34.4587,124.0507,82.6427,82.7886
2022-08-19,168.2331,95.95,138.23,51.3805,162.92,31.8799,183.4873,528.9299,134.2027,350.3991,116.4833,36.3086,57.5878,11.9606,162.72,38.052,116.1052,314.7929,287.7677,60.4974,89.1836,33.6615,145.8707,61.4383,184.3823,150.1194,107.6713,30.9029,57.5819,287.0174,312.806,393.2412,93.5366,345.8492,166.4979,276.926,139.8054,79.6649,103.9305,17.7797,156.3333,38.9568,134.8294,315.073,118.1153,78.9285,400.1547,14.7624,96.3291,296.6667,505.8619,70.64,74.06,24.9406,206.3606,84.3973,33.9869,36.5787,55.2776,34.6664,32.6501,93.0067,71.9061,69.1061,38.8665,34.441,124.3876,80.9373,82.5255
2022-08-22,164.3588,92.84,133.22,49.5368,158.98,31.1971,179.8851,520.2881,133.5304,350.3801,112.4112,35.9901,56.6085,11.358,161.64,36.9497,113.1632,308.6191,279.6089,59.8134,88.792,32.1963,143.1252,60.0014,180.5838,149.5928,105.8923,30.8067,56.7248,279.496,313.1258,386.36,92.908,337.2878,161.6306,268.7967,138.3971,78.6259,101.3405,16.9679,154.8409,38.7586,134.4693,306.7779,115.7347,77.1396,391.8224,14.5221,96.0053,289.9133,502.4021,69.625,74.68,25.1475,202.2784,82.557,33.7956,35.9965,53.6966,34.601,31.931,91.2376,69.901,68.4052,38.0575,33.9712,122.7593,78.6908,82.4641
2022-08-23,164.0253,92.49,133.62,49.6332,160.07,30.9185,184.9977,517.0452,137.8623,355.3471,111.364,36.1812,56.6352,11.5388,162.77,36.9593,112.7868,306.6002,274.8534,59.9628,88.5744,32.301,142.8579,59.8794,180.8774,148.2896,104.8485,31.0553,56.7866,277.9746,305.3727,387.066,93.0085,332.7778,159.7075,267.529,138.6541,78.1286,101.6528,17.1143,154.7714,38.0532,131.8758,306.5243,115.3728,76.9035,390.8745,14.466,95.477,296.4533,494.3111,69.1408,76.83,25.044,200.5234,81.497,33.2601,36.3523,53.2367,35.8487,31.8002,91.407,69.7165,68.1087,37.4834,33.7673,121.0468,78.913,85.964
2022-08-24,164.3196,92.73,133.8,49.7325,163.6,31.0173,182.1365,518.142,138.8835,361.5084,112.8669,36.1721,56.7064,11.6894,163.25,37.6207,112.6184,308.1865,275.937,60.0336,88.2785,32.2153,143.4937,60.0331,182.2604,147.7986,105.1027,31.2077,56.8662,276.9824,309.0264,387.5933,92.7319,331.6259,161.8388,266.8999,139.2916,78.7768,102.3233,17.1551,155.5437,37.5935,131.3086,307.4123,115.7252,78.1385,392.1258,14.426,94.7782,297.0967,494.92,69.2339,78.04,25.0613,200.3973,81.9634,33.3213,36.4308,53.5529,36.2894,31.9684,91.7081,69.7602,68.2794,37.7792,33.8736,121.1965,79.2512,86.4728
2022-08-25,166.7717,97.18,137.28,51.5398,169.38,31.5744,186.5642,525.3434,140.1005,367.9257,113.8849,36.9547,57.3296,11.9982,163.75,38.7134,115.5505,312.2874,277.4326,60.5996,88.8442,33.1953,145.4468,60.9748,185.0927,149.1822,107.5986,31.2887,57.1401,280.7526,313.1645,391.9991,93.6874,336.4679,167.3107,269.8613,140.5095,79.3807,103.9856,17.8434,155.5524,37.966,131.2005,312.848,117.7534,79.3552,397.6616,14.4901,96.0991,296.07,499.6344,69.8019,76.5,25.0182,203.4517,83.1846,33.4666,37.2579,54.5973,36.5686,32.4633,93.1102,70.9399,68.5939,38.362,34.082,122.5347,80.1981,86.9201
2022-08-26,160.4845,91.18,130.75,48.7976,164.53,30.5771,180.0352,507.2683,139.0708,359.6127,110.5981,36.4087,55.8251,11.6066,161.76,37.6015,109.2999,303.1933,266.9724,59.6011,88.7397,31.7396,141.2917,58.6547,179.0113,146.6293,104.0771,30.8835,55.7617,270.4814,305.8186,385.2877,93.1259,324.0603,160.3717,259.4481,137.4837,78.1996,99.4485,16.1969,151.882,37.11,128.1298,300.0249,113.3827,76.3314,384.2011,14.3299,96.8234,288.09,488.2684,67.9675,75.85,25.113,196.732,81.0899,33.0917,36.1167,52.8534,36.141,31.4921,89.8826,67.9105,66.8957,37.3877,33.5589,119.119,77.1448,85.85
2022-08-29,158.2874,88.49,129.79,48.1717,165.42,30.4603,179.9039,506.5434,140.1091,360.7785,110.0745,36.1812,55.7005,11.7271,161.86,37.8699,108.3886,300.9581,265.3782,59.3731,88.235,31.34,140.7482,58.1057,177.3631,145.4957,103.8229,30.8673,55.426,271.672,300.5755,383.9918,92.4386,321.5125,157.7844,256.6803,137.1792,77.6508,99.0812,15.7396,151.4048,36.6424,127.5895,297.068,112.2876,76.3859,381.6608,14.2418,96.0224,284.82,488.7481,67.5764,78.69,25.1216,196.189,80.3606,33.1529,35.8625,52.4414,36.6864,31.2679,89.478,67.0123,66.7879,37.0658,33.6609,118.2861,76.7341,87.8237
2022-08-30,155.8648,86.94,128.73,47.4419,162.21,30.631,175.3636,499.9429,136.6964,349.5271,109.008,35.7535,55.2999,11.6367,160.51,37.5913,107.9131,300.6968,262.4944,58.9171,88.2089,30.6931,139.0898,57.4885,174.8813,144.9869,103.8411,30.3163,54.9135,268.9695,297.5615,379.9077,92.556,320.009,155.7919,254.4932,135.0288,76.473,99.0628,15.4079,150.1032,36.3412,126.2298,293.7597,111.1449,75.7412,377.4709,14.2738,96.261,277.7,482.3548,66.9897,75.47,25.113,195.2678,79.2496,32.5408,35.2758,51.9815,35.443,31.0998,88.1888,66.3132,66.096,36.5352,33.1689,117.5,75.879,84.4816
2022-08-31,154.2071,84.87,126.77,46.7599,160.25,30.1997,173.2717,497.997,134.5177,346.2189,108.6686,35.8809,54.926,11.4785,159.27,36.7075,107.1999,302.0952,259.9885,58.5948,87.8434,30.3696,138.1593,57.0176,173.8204,144.0139,103.2239,30.3082,54.5247,267.2782,291.9309,377.9286,91.5837,316.6509,161.5117,253.0415,133.7442,75.9019,97.7678,15.0354,149.4785,35.8497,124.2127,292.0519,110.2213,76.3405,374.5988,14.0495,95.3406,275.61,479.1165,66.5614,73.11,25.0958,192.6789,78.8765,31.9899,34.8415,52.106,35.1202,30.8663,87.4454,65.6675,65.6917,36.4047,32.9517,116.7514,75.1302,83.85
2022-09-01,154.933,82.33,127.82,46.0947,153.66,30.272,171.1423,504.7407,132.373,344.816,109.1049,35.5988,54.1871,11.4409,157.87,37.0437,108.7056,302.849,264.4504,58.7497,87.1451,30.2173,138.5002,57.0274,171.9259,147.5844,103.9318,30.5513,54.781,264.8587,299.587,380.1776,91.0323,317.5101,163.9205,252.006,134.2676,76.9727,97.8045,13.8829,150.9897,36.9594,125.7435,292.1788,110.4498,77.5482,375.7741,14.0175,93.5951,277.16,483.4249,67.2132,70.95,25.3199,194.0558,79.0207,31.9899,34.3841,52.5851,34.2563,30.9597,87.5678,65.3471,66.0601,36.5352,33.426,118.6698,75.8162,82.3413
2022-09-02,152.8242,80.24,127.51,46.8639,151.82,30.2359,169.632,495.1451,134.3389,343.3467,107.8154,35.2712,53.8311,11.4183,159.26,36.9572,106.8334,301.0146,263.1254,58.7102,87.6333,29.7036,137.3485,56.3467,170.5903,145.2636,103.2057,30.2352,54.0299,263.5017,292.0277,376.5433,91.0996,314.884,158.9244,247.8059,133.5445,75.9465,97.3947,13.594,149.0766,36.2223,123.5104,288.0509,109.3357,75.3144,371.8119,13.7692,94.1246,270.21,476.3672,66.3565,71.43,25.3285,191.7577,77.9182,31.5997,34.3517,51.5886,34.8846,30.7169,86.7209,64.4975,65.1975,35.9089,33.0669,116.9666,75.1205,83.85
2022-09-06,151.5687,78.72,126.11,46.6746,152.39,29.9012,169.4725,494.9449,133.7176,342.2471,106.7392,34.8526,53.6975,11.3204,158.33,37.1878,105.8032,296.4832,260.9981,58.5521,86.6569,28.8853,136.7865,56.1467,168.9042,145.6563,103.233,30.3325,54.0564,262.7712,297.3483,375.8326,89.8641,316.3678,157.1599,245.0865,133.2115,77.9632,96.8512,13.4127,148.0721,36.2698,122.1326,285.982,109.2309,76.7491,370.4089,13.4488,91.7933,274.42,477.5942,66.2168,71.42,25.4751,192.611,78.6221,31.4467,34.2455,50.9466,34.5617,30.6422,86.862,64.0703,64.8291,36.2829,33.1511,117.0789,74.9659,83.2886
2022-09-07,152.9713,79.61,129.48,47.3239,155.95,30.3625,169.6601,505.1889,132.007,346.8729,109.2601,35.162,54.1693,11.6216,159.94,38.5328,108.4183,300.1791,268.1463,59.3975,87.2235,29.1613,139.1451,57.2348,172.5795,146.4508,105.1935,30.2433,55.0549,271.2064,301.9808,377.9556,91.0912,320.7998,158.9938,249.7705,134.4769,80.5241,99.9184,13.6648,151.3391,36.5631,123.9786,291.7592,111.1735,80.1907,377.0634,13.5129,93.245,283.7,481.2845,67.5484,67.62,25.294,194.337,80.1571,31.4314,35.1926,51.9719,34.1603,31.2492,88.2547,65.0946,65.9972,36.9788,34.1884,118.988,77.2656,82.5781
2022-09-08,151.5001,82.78,129.82,47.961,157.79,31.3393,171.8083,504.6929,132.7219,349.2806,108.911,34.9709,54.2049,11.6518,158.98,38.9074,107.3584,304.5562,270.3368,59.6583,86.901,29.2564,140.4626,57.5471,174.0194,147.629,107.644,29.2223,54.887,269.3846,305.7604,377.5147,90.8811,322.2153,160.6492,250.1866,135.2857,80.5509,100.1487,13.9398,150.8324,37.3161,124.1407,293.2717,112.021,81.2349,379.5279,13.4328,92.2885,289.26,486.663,67.8371,68.09,25.3458,194.6182,80.3775,31.615,35.5345,51.8473,34.3087,31.8002,88.5182,65.318,65.8264,37.0832,34.1618,121.0561,77.9854,83.2535
2022-09-09,154.3543,85.45,133.27,48.9418,157.52,31.6016,177.7557,511.8085,136.1431,352.8541,111.6743,35.4896,55.5848,11.6141,159.82,39.6664,109.607,308.8424,270.2195,59.8953,86.9097,29.9319,142.425,58.6522,177.5147,147.9147,108.1614,29.5464,55.0637,272.3449,307.8925,379.206,91.0912,327.8578,167.6775,255.9351,137.046,80.2208,102.2119,14.3354,151.3129,37.9185,126.0317,299.6833,113.9731,80.5357,385.424,13.641,92.4935,299.68,485.2564,68.5355,71.1,25.1647,198.9719,81.251,32.3189,36.0705,53.2942,35.1638,32.0898,89.6662,66.6094,66.4734,37.4399,34.2992,122.123,79.4638,84.6482
2022-09-12,160.2981,84.64,136.45,49.5658,158.72,31.9001,180.4855,514.6127,138.2963,354.5414,112.8475,36.0174,56.3593,11.7045,160.63,40.3965,109.815,311.0944,268.2095,60.077,86.7004,30.0271,143.6872,59.3744,179.665,147.8522,109.4411,29.7652,55.2227,279.4423,305.489,376.6062,90.8895,330.3666,167.4892,258.0545,138.1783,81.0328,103.5106,14.453,151.9069,37.855,127.0583,303.2453,114.6682,80.8808,389.5664,13.9214,91.7335,304.42,491.6514,68.9359,72.37,25.0354,200.3585,82.0397,32.7168,36.4077,53.572,35.8095,32.3513,90.2025,67.6774,66.734,37.753,34.6272,122.9371,80.488,85.6219
2022-09-13,150.8919,77.03,126.82,47.1852,147.31,30.7514,172.8965,486.7418,135.6665,344.3705,108.3584,34.9072,54.4008,11.1019,158.54,38.9362,103.3367,298.2086,250.5325,58.7102,86.2123,27.8673,138.3988,56.4858,172.6363,144.005,105.6382,28.4119,53.4291,270.9691,297.0189,368.231,90.2339,317.6956,151.797,243.8671,133.8774,79.2927,97.3763,13.0839,146.2377,36.6107,124.4289,286.6163,109.4595,79.7639,372.6271,13.4808,91.947,292.13,475.6501,66.6824,72.01,25.3802,193.6098,78.902,31.944,35.1094,50.6304,34.9064,31.1465,86.8056,64.0848,64.5056,36.3177,33.7052,118.8757,76.338,83.622
2022-09-14,152.3337,77.45,128.55,47.8504,149.26,30.6338,173.2154,484.5479,138.9516,342.0955,109.0759,35.0801,54.5788,11.0417,157.93,39.0227,104.0103,297.1825,249.0992,58.7971,86.2558,27.7627,138.62,56.8005,173.3089,146.9774,105.3931,28.3309,53.7119,271.9084,300.0521,374.798,90.6625,318.0957,150.1514,244.0897,134.9241,79.3106,98.5552,13.0809,147.347,36.579,124.726,288.8901,109.5833,84.177,374.0489,13.4328,92.2629,302.61,471.7723,66.6824,72.73,25.3285,193.3577,78.003,31.5844,34.6797,50.7167,35.8924,31.0531,86.6362,64.3178,64.4787,35.8741,33.98,118.9412,77.3187,85.6745
2022-09-15,149.4501,76.66,126.28,46.8564,149.78,31.2127,171.1892,480.2557,136.6964,340.0765,107.3985,34.707,54.0981,11.2149,154.98,39.0611,101.94,301.1418,244.7724,58.4257,85.9594,27.4392,137.6894,55.9686,172.0491,147.3523,106.9815,28.0472,52.982,268.4263,299.9165,372.0632,90.2255,309.4173,148.2482,237.4702,133.8109,76.7496,97.1736,12.8826,144.9012,36.4125,123.7625,284.079,108.0406,83.7412,369.8022,13.4247,92.2032,303.75,483.9329,65.9095,69.76,25.3458,189.4403,76.5613,31.3931,34.2224,50.4963,34.9674,31.1558,85.7329,62.8371,63.9395,35.0912,33.1334,119.6056,76.9225,83.1833
2022-09-16,147.8121,76.51,123.53,47.0775,144.29,30.8599,168.3562,480.8662,133.1474,336.0289,104.9552,34.3885,53.7687,11.0869,155.84,38.3983,101.831,296.2289,248.7657,58.6233,86.0292,27.8197,136.3812,55.4684,169.5483,149.6017,106.2644,28.1283,52.9909,268.8627,299.3544,372.693,90.0154,307.6309,145.0165,236.8508,133.0306,75.6609,95.9025,13.1507,145.8533,36.4838,124.5189,282.342,107.2217,82.9148,366.9811,13.4087,91.4346,303.35,482.1839,65.7233,69.9,25.3458,187.4331,76.5698,31.5615,33.6818,49.9597,34.2214,30.8757,83.945,62.4876,64.0923,35.0999,33.0093,119.2687,76.3042,81.7623
2022-09-19,151.5197,76.77,124.66,47.0156,144.88,31.3755,170.8327,483.184,133.5304,343.7922,105.8472,34.4977,53.9557,11.245,155.96,39.7624,102.0985,298.4538,252.7771,58.8445,85.7851,28.01,137.2564,55.9344,170.9976,148.4234,107.2447,28.0472,53.3914,270.5516,295.6717,374.6991,90.1666,306.557,146.7315,236.6379,133.5064,77.4902,98.7487,13.334,147.3907,36.0162,124.2578,284.5406,107.9454,83.6685,369.8271,13.4247,91.6481,309.07,484.5253,66.0492,70.05,25.3285,187.2682,76.4596,31.5538,34.2393,50.2478,34.2417,31.2258,85.0843,62.9971,64.5182,35.0332,33.4515,118.6261,77.3838,81.7535
2022-09-20,153.8933,75.25,122.19,46.1931,145.94,30.9052,166.9678,476.4594,133.0027,337.0622,104.2959,34.3066,53.0388,9.8592,155.07,37.5241,100.1867,293.55,247.1432,58.244,85.2533,27.5533,135.2756,55.4099,168.6674,147.2541,105.1299,27.5043,53.3113,267.1263,292.4154,378.3514,89.2673,305.8151,144.8183,234.6346,132.6024,76.464,94.3367,13.1287,147.5567,35.4851,123.8165,282.2726,106.4218,82.4426,365.5819,13.2645,90.7343,308.73,483.8313,65.2484,69.22,25.4492,186.2405,74.6024,31.0565,33.5889,49.47,34.0036,30.7658,84.0254,62.6272,64.1655,34.1115,32.9651,117.2356,76.0718,81.0869
2022-09-21,150.7742,74.48,118.54,45.5488,143.29,29.9826,161.3019,470.3073,131.9219,331.5834,101.3097,33.7333,52.3444,9.8291,155.79,36.1983,98.3442,291.2345,244.7995,58.0702,85.5933,27.0871,133.0276,54.4487,166.0908,145.7456,102.0984,27.9095,52.8663,262.3822,287.3275,378.0096,89.6035,297.2538,140.8828,231.2475,130.7756,74.9292,91.9143,13.2134,147.1374,34.8114,122.2226,277.2182,104.7269,80.454,359.2048,13.0162,92.2544,300.8,473.9103,64.401,68.68,25.6992,181.3437,73.4236,30.2072,32.8547,48.2601,33.5052,30.1274,82.9097,61.649,63.9214,33.6111,32.5144,115.2907,74.2708,79.7799
2022-09-22,149.813,69.5,117.31,45.1208,138.71,29.3947,159.9886,464.6796,131.8198,328.0951,99.0506,33.5695,52.1931,9.6182,155.7,35.9101,99.1961,284.1604,242.609,57.7226,84.303,26.7066,131.8207,53.8217,162.3492,148.3342,100.9367,27.7636,52.7417,260.0481,301.2733,379.7008,88.3428,291.2599,141.5767,233.212,131.0325,74.5455,90.7721,12.5159,147.2772,35.3266,122.6549,273.8062,103.6794,76.9126,356.1875,13.0082,89.8974,288.59,478.8893,64.1868,68.97,25.7337,180.1511,72.4907,30.5515,32.4598,48.0873,33.3861,29.6204,81.6617,61.0212,63.8309,33.2951,32.3984,115.9014,72.557,79.4465
2022-09-23,147.5472,67.96,113.78,44.2772,131.26,28.6983,154.0693,444.8685,123.2071,316.8057,96.4715,32.7414,50.5284,9.2717,153.01,34.0848,97.8093,274.2168,244.2316,56.9878,84.4076,26.1833,129.2871,52.9946,158.4844,148.8162,99.0579,27.4881,52.1543,255.3797,301.845,371.5954,88.0907,286.5935,139.1877,230.2507,128.0542,73.6353,89.3629,12.4711,147.2073,34.9382,122.0876,269.3482,102.1653,76.4313,350.2197,12.824,90.2646,275.33,475.3261,63.5629,65.32,26.1389,178.3766,71.5272,30.2378,31.7953,47.1559,31.0839,29.151,80.13,60.223,62.7457,32.8826,32.0235,115.3095,70.8867,75.2185
2022-09-26,147.8807,66.3,115.15,43.6707,127.34,28.0652,152.5496,458.1267,119.9646,314.9288,95.1336,32.341,49.7806,9.0307,151.23,33.6621,97.2446,267.5423,240.3014,56.3162,83.004,25.66,127.3329,52.6407,156.3145,147.9057,96.925,27.6015,51.5046,250.7305,298.0073,366.7197,86.561,283.2062,135.1829,229.7958,126.5182,72.4128,88.4787,12.1841,147.1461,34.7401,122.2046,268.2337,101.0361,77.0125,346.7551,12.5517,88.5396,276.01,470.4675,62.8817,63.2,26.432,175.1089,69.5213,29.7864,31.2796,46.3877,30.3209,28.691,79.2885,59.8044,62.7909,31.996,31.2515,114.2103,70.7269,73.6659
2022-09-27,148.8518,67.17,114.41,43.9059,127.51,27.6491,152.3808,456.2191,120.0157,318.1895,92.9326,32.3046,49.4423,8.9704,151.54,33.3451,96.5809,264.6001,242.2034,56.1977,82.4373,25.5839,126.8043,52.6798,156.8476,147.2274,96.0718,26.702,50.1785,251.6319,301.4962,359.6039,85.2582,279.6626,133.23,228.7893,126.4223,72.3504,88.6905,12.3685,145.0147,34.9462,118.8459,268.3413,100.8926,76.5312,345.8699,12.5997,86.2083,282.94,470.4768,62.4981,64.42,26.4406,172.4714,68.5955,29.7558,31.3493,46.1381,30.6605,28.5689,79.0237,59.8823,61.7056,31.5746,30.7249,113.8626,70.9497,75.2098
2022-09-28,146.9686,68.36,118.01,44.0202,133.44,28.1014,157.3714,465.7479,124.0667,327.8771,96.3746,32.5867,50.6352,9.1738,154.69,33.8639,99.1069,273.1452,254.3726,57.2011,84.2943,25.8122,129.7073,53.6094,161.8084,148.4949,98.0142,27.2449,50.7125,257.562,324.0576,359.8378,86.9729,283.2746,140.3773,233.2991,129.1454,73.5015,90.9103,12.6903,147.3383,35.2157,118.8459,273.6792,103.2945,79.101,352.6754,12.6798,89.0947,287.81,475.6316,63.621,67.13,26.0958,173.7416,70.0185,30.1383,32.1578,47.7128,32.0189,29.1322,80.7634,60.515,62.4472,32.1715,31.0551,116.3524,72.8668,77.9466
2022-09-29,139.7496,64.14,114.8,42.5247,125.33,27.7305,155.6265,456.8678,123.2071,324.2918,94.4839,31.8587,50.0388,8.639,154.66,31.9521,96.5017,268.8954,250.893,56.6639,83.902,25.0987,127.472,52.3569,158.1807,146.8614,96.3532,27.1963,50.3476,255.8162,319.8225,350.653,86.3257,279.9457,135.2225,229.8442,127.3044,71.3599,87.8063,12.1762,145.5389,35.0017,115.8923,265.7896,101.1701,78.6106,345.3084,12.4395,88.6335,268.21,470.9025,62.5729,66.77,25.9923,174.5949,67.9611,29.5645,31.6838,46.551,32.0189,28.7661,79.3641,58.9381,61.4162,31.2762,29.8101,115.3753,70.3493,77.7887
2022-09-30,135.5516,63.36,113.0,41.9466,121.08,27.3145,153.9193,450.4675,122.271,317.5302,91.4589,31.7404,49.8607,8.4357,154.67,30.8281,94.7484,266.1166,248.7386,56.4032,83.6841,24.5183,126.1272,51.4689,157.0286,145.817,94.8465,27.0261,49.8581,255.7972,313.3681,347.5044,86.1071,277.5735,134.4989,225.3924,125.7799,69.9679,76.5599,12.0955,142.6125,34.6846,113.6861,261.2827,99.4667,76.513,339.9686,12.2873,87.4892,265.25,467.3951,61.8524,65.28,25.9923,172.2581,68.7241,29.0519,31.6002,45.9844,31.7631,28.5032,78.3241,57.809,60.3491,31.6097,29.2344,113.7874,68.9647,76.5869
2022-10-03,139.7202,66.11,115.88,43.153,126.05,28.1194,160.6264,455.6754,129.1304,327.1924,94.1737,32.2591,50.8489,8.639,158.43,31.5775,97.7102,271.656,255.7338,57.1424,84.6772,25.66,129.5959,52.6871,161.1895,145.6742,97.7782,27.5205,50.4188,261.7085,311.6236,359.6039,87.7001,283.5674,137.4034,232.9798,129.2413,72.4486,78.66,12.4671,144.3509,34.9858,115.7212,267.4124,102.2323,77.748,348.9442,12.7359,88.8794,242.4,477.0846,63.3777,67.89,25.8716,176.1367,69.9499,29.9624,32.627,47.2711,33.5581,29.2731,80.6878,59.6,61.3891,32.1979,30.0912,116.1269,69.0325,80.6307
2022-10-04,143.3002,67.9,121.09,45.3334,133.51,29.2862,168.5063,463.6876,134.1517,342.6366,98.3525,33.3147,52.8874,9.3094,160.7,34.3922,100.6819,285.9312,261.0161,58.373,84.8519,26.3545,133.6954,54.3383,167.5784,147.8343,102.3526,27.8203,50.5345,271.8041,319.7062,365.3343,88.1049,294.1007,139.0588,240.8573,132.415,73.903,81.6443,13.1198,145.9756,35.2394,117.1529,275.8201,105.1893,80.3723,359.7568,12.8881,88.6311,249.44,484.1736,64.7251,70.28,25.5182,180.0153,71.3643,30.4597,33.8258,48.721,35.0003,30.3621,83.4959,61.6003,62.3206,32.707,30.7294,118.8234,71.4435,83.5693
2022-10-05,143.5945,67.94,120.95,45.8001,132.11,28.8701,167.3337,458.1458,134.9176,338.3381,97.732,33.3329,52.3266,9.4223,159.81,33.47,100.4739,280.6006,261.2775,58.1428,84.0483,26.2975,133.2224,54.3065,166.3406,147.3791,101.0889,27.4637,50.0539,269.2708,321.5378,362.0958,87.4387,296.9609,137.7702,241.1671,132.5876,72.9661,83.9101,13.1616,145.006,34.9699,116.3425,275.6735,105.2085,81.8342,358.9193,12.7599,87.7837,240.81,487.7829,64.4538,71.94,25.7596,181.974,69.967,30.146,33.4448,48.3465,35.7236,30.1274,83.0421,61.8047,61.9589,32.1013,30.0466,119.218,71.0223,86.9465
2022-10-06,142.6431,67.85,120.3,45.2994,132.2,28.4541,167.7371,460.2157,137.3772,338.0528,96.9951,33.1327,51.4097,9.3094,159.63,33.2683,100.464,276.6686,261.7642,57.9681,83.5854,25.8598,131.7198,53.9151,165.4075,144.5228,99.0284,27.0829,48.977,264.555,322.6718,359.487,87.2363,292.5805,137.8594,238.8347,131.7055,70.414,83.0535,13.0829,142.2107,34.1536,113.8932,273.5031,104.3089,81.135,355.2167,12.4893,87.2957,238.13,480.4347,63.4712,72.99,26.0182,179.9571,68.0211,29.4403,33.0917,48.0873,36.3587,29.7049,82.0871,61.2986,61.0545,31.0479,29.0559,117.6959,70.5188,89.5254
2022-10-07,137.4054,58.44,114.56,43.5025,129.79,27.8119,166.5551,446.5376,136.1942,338.6995,94.2028,32.4411,50.5907,9.1888,157.88,32.298,97.7498,273.4085,256.2926,57.2614,83.1748,24.4707,128.7798,52.0535,160.542,142.9964,97.0504,26.7668,48.5142,259.2225,316.5759,363.4001,86.3677,288.4152,132.2883,226.6893,129.5768,68.4687,80.2811,12.0327,141.1712,33.5433,111.9031,263.0815,101.3806,79.0283,345.3084,12.1795,86.4483,223.07,467.2191,62.077,75.1,26.1217,178.2506,66.3839,28.6701,32.2739,46.791,36.0764,29.0008,80.5176,58.7775,60.1411,30.3106,28.4534,115.2062,68.0933,88.6219
2022-10-10,137.7291,57.81,113.67,41.3504,131.9,27.7305,167.6057,444.7826,133.7346,342.0565,92.2636,31.9861,50.3058,8.5562,155.48,31.0203,96.9376,272.9182,254.616,56.5628,82.6856,23.976,127.9821,51.5447,159.647,143.1838,96.1438,27.6096,48.4074,257.9226,313.8914,368.8247,85.5919,285.296,132.6253,221.8602,128.8769,68.4776,79.8482,11.6281,141.3547,33.0915,111.4439,260.4518,100.7873,79.0556,342.6718,12.1469,85.1044,222.96,461.6757,62.0021,73.78,26.2337,176.6506,65.7581,28.4911,32.3436,46.6662,35.3355,28.8694,80.8013,57.7895,60.3581,29.9682,28.5025,114.4827,67.6721,86.7009
2022-10-11,136.3167,57.63,112.21,40.6948,131.57,26.9256,168.6189,450.229,133.7602,345.5276,90.2663,31.4765,49.7539,8.7068,155.16,30.8281,96.264,267.17,255.0036,56.7374,82.8952,23.8238,127.4535,51.0408,159.6946,145.2547,93.3692,28.3146,48.4875,257.1351,317.4868,369.7873,85.4148,279.6933,127.421,218.1439,129.0687,67.8441,81.0455,11.5444,142.0273,33.2262,111.8671,256.8736,100.2036,78.2838,340.5016,12.0735,85.481,216.5,462.5548,61.9647,71.75,26.251,173.7028,66.4267,27.9621,32.0927,45.7924,35.0532,28.5032,80.7823,56.9038,60.8555,30.2491,28.3999,115.0934,67.1201,85.964
2022-10-12,135.689,57.85,112.9,40.6769,130.42,27.007,168.3844,444.8494,134.1602,343.5116,90.5669,31.5129,49.5937,8.6917,155.99,30.9338,96.6404,268.1689,252.8672,56.8327,83.166,24.0997,126.8599,50.9674,159.2566,145.219,94.8801,28.6064,49.0749,257.6949,314.5504,357.5168,85.3136,277.0827,126.3901,218.4729,128.6852,64.9172,81.5245,11.4587,147.9672,33.3134,112.0472,256.7856,99.8112,78.8831,339.3785,11.9268,85.9005,217.24,462.6937,61.5249,70.93,26.251,172.8302,65.7324,27.7598,31.8511,45.7348,35.3355,28.4375,80.1489,56.7285,61.1811,29.8454,27.4538,114.5297,67.2944,86.3412
2022-10-13,140.2499,58.94,112.53,41.3759,132.4,28.6621,171.7989,446.385,140.6622,349.1795,93.6986,31.6039,50.6174,8.865,154.91,31.4718,98.1263,278.8481,254.9495,56.9597,82.8166,25.1367,130.3843,52.0878,163.1985,147.4148,100.1548,28.9954,49.7246,268.0088,321.848,365.1993,85.4654,287.4276,129.1558,226.6893,132.2041,65.2206,82.4916,11.9171,152.5271,34.0664,113.7401,262.8078,101.9069,81.1532,348.3351,12.3262,85.0787,221.72,471.902,62.8256,72.52,26.0786,179.0553,66.9325,28.32,32.785,46.839,36.7776,29.611,81.9169,58.4904,62.194,30.4072,28.1411,117.198,68.0303,89.3587
2022-10-14,135.7282,55.94,106.9,40.349,133.15,28.6712,167.1555,433.6609,136.2878,339.641,91.5752,31.1307,49.8607,8.7897,152.98,31.5967,95.6498,272.4188,249.1804,56.7771,82.3537,24.6515,127.9821,50.6445,158.8281,146.7989,101.8215,28.9548,48.9325,261.253,321.1599,350.3111,84.6474,282.2747,125.6565,221.1924,129.5961,64.0428,80.6403,11.1867,148.6661,33.9713,112.6325,254.9085,99.3519,78.429,340.3969,12.2202,84.3768,204.99,474.882,61.6933,70.17,26.2596,177.0772,65.2694,28.3044,31.6792,46.0709,35.406,29.1135,80.1205,56.8454,61.0726,29.6435,27.735,116.4088,65.4886,87.0079
2022-10-17,139.681,57.96,113.79,41.1303,136.09,30.4077,169.6038,442.7414,137.2836,344.8239,94.3676,31.9861,51.0892,8.9102,153.42,32.2499,99.0277,278.5211,253.5343,57.4758,82.441,25.1367,130.7275,52.2419,163.8936,148.7001,106.098,28.7604,49.5644,266.5475,322.4875,357.4178,85.0522,288.4836,132.8732,229.8732,131.3987,65.7203,82.8693,11.8454,150.8848,34.5974,114.6676,263.326,101.9644,80.7264,349.1441,12.4811,83.9659,219.35,482.9798,62.8817,70.13,25.9923,179.6274,67.7297,28.9268,32.4691,47.3383,35.8471,29.8458,81.8697,58.578,61.7328,30.7495,28.3151,118.2785,68.1465,88.2623
2022-10-18,140.9953,57.92,116.36,41.0793,137.34,31.5473,172.1835,451.4213,138.4835,353.1167,95.4826,31.9952,51.4542,9.0608,153.75,32.9032,99.8201,285.005,256.9597,57.8808,82.6507,24.6134,132.4711,52.8315,165.836,148.1824,108.8269,29.2304,50.2319,270.0962,324.6875,388.4808,85.5582,293.7049,131.644,230.8119,132.7794,66.9785,82.6022,11.9241,152.9202,34.9462,115.5951,265.4083,103.1319,80.7809,353.2465,12.7175,84.1628,220.19,483.2851,63.6022,68.7,25.9751,181.4891,68.4669,28.8412,33.1056,47.6936,36.1602,30.3246,83.8457,59.0744,62.5376,31.1533,28.8328,118.9361,69.0857,88.4201
2022-10-19,141.1032,57.23,115.07,41.1237,138.39,30.679,172.9903,449.6663,142.9771,353.1262,95.9771,31.4128,50.8221,9.1361,151.69,32.3076,98.6909,283.107,248.3331,57.325,81.7859,24.7371,131.2469,52.4645,163.0176,147.0042,106.6932,29.4087,49.8047,269.3846,319.1247,395.7856,84.386,291.1431,132.0702,228.8571,132.9232,65.7114,81.5798,12.0078,151.4352,34.1694,116.6667,264.4405,102.2897,79.4733,350.7432,12.6686,82.6306,222.04,481.536,63.0408,70.04,26.1648,180.7523,66.761,28.4522,32.7153,47.732,37.2275,29.827,83.2501,58.9041,62.2483,30.372,28.4579,117.2731,68.3111,91.0429
2022-10-20,140.6422,57.77,115.25,40.6513,139.13,30.4801,169.3599,443.1707,143.7941,347.6104,95.5892,31.613,50.7064,8.865,151.45,32.125,99.0277,282.2444,242.8975,57.0074,81.1745,24.8132,130.0133,52.1025,160.9419,147.3791,106.3452,28.6388,49.0215,267.7906,318.9114,399.7258,83.6524,289.696,130.385,228.5377,132.3479,63.0344,79.9771,12.1503,149.7755,34.0109,115.164,263.0913,101.4859,78.8104,347.8021,13.6469,81.2181,207.28,482.0544,62.5261,70.18,26.182,181.5376,66.4696,28.7868,32.4784,47.8472,37.2628,29.3482,81.6144,58.9381,61.3801,30.2228,27.7394,116.2772,66.9894,91.1657
2022-10-21,144.4478,58.82,119.32,42.4869,141.32,31.6106,179.6345,456.1046,147.3941,364.2909,98.9342,32.0953,51.6233,9.1813,154.15,33.6237,100.1767,295.221,248.3691,57.5552,81.3579,25.66,132.8978,53.3672,164.4364,150.5925,111.9313,28.5334,49.8047,273.569,330.2503,408.9646,83.8885,295.6507,128.8783,234.3153,135.6942,63.9357,81.5153,12.4213,151.1732,35.6278,116.6059,269.2602,104.0601,80.4631,356.2542,13.9404,79.7543,214.44,493.9465,63.649,70.57,25.9579,184.592,66.9925,27.503,33.6028,48.1545,38.3389,30.2213,83.8552,60.515,62.3206,30.4335,28.2526,118.8891,68.9405,92.8587
2022-10-24,146.586,58.7,119.82,43.1284,142.05,31.7192,180.6544,474.0272,147.343,366.9823,98.624,30.8759,51.6322,9.3997,153.65,34.3154,101.5536,298.4901,255.3371,57.5949,81.2531,25.8598,134.2612,53.991,165.1409,152.6187,112.0686,29.595,51.2376,263.8908,337.1601,411.5285,83.8463,298.8089,128.5908,239.2799,137.4585,65.3902,81.064,12.5538,155.2088,36.0955,117.3223,272.2224,105.3329,76.059,360.6135,14.2746,79.0952,211.25,501.2299,64.5006,70.38,25.9837,184.9217,66.9839,27.9854,33.4076,48.4906,38.5197,30.625,84.9709,61.3521,63.442,30.4159,28.4891,121.1816,69.2261,93.5078
2022-10-25,149.4207,61.47,120.6,43.4638,146.65,32.0086,183.9974,476.0207,148.8749,372.441,101.1836,31.1307,52.7717,9.6634,154.0,35.5547,103.4952,301.8501,261.647,58.1507,82.2663,26.0786,136.3572,55.0453,169.6446,152.3777,112.3617,30.0326,52.4658,273.4362,340.4648,413.9484,84.9679,304.4899,136.3129,242.58,138.331,67.6924,84.4812,13.2134,155.7242,36.1351,118.6736,277.8536,107.6009,77.3757,366.372,14.4214,81.3979,222.42,499.9527,65.2679,70.61,25.6992,188.4803,69.6156,28.3433,34.2347,49.7773,38.5594,30.9911,86.1149,62.525,64.2741,31.6185,29.0604,122.1024,70.9593,92.8762
2022-10-26,146.488,59.73,115.66,43.5686,133.79,32.289,185.9995,476.3927,150.7132,372.0131,101.4454,31.6403,53.2702,9.6558,154.98,36.3712,94.0352,304.8377,261.5479,58.3095,82.6856,25.8883,136.7931,54.1108,170.4825,153.7166,113.6529,29.9111,52.8574,279.7554,346.8127,416.1164,85.3558,312.4098,128.6899,223.8634,139.2132,67.4604,85.0983,12.8497,156.4231,36.5076,119.5079,271.7141,107.1416,77.9932,363.6117,14.7882,82.5706,224.64,502.6828,65.3334,72.97,25.432,197.1587,69.5727,28.3433,34.4763,48.2025,39.0842,31.0662,86.4174,61.1331,64.6991,31.5571,29.047,123.4553,70.388,93.9815
2022-10-27,142.0252,58.6,110.96,43.0226,139.76,32.4427,200.3347,474.472,151.4025,375.256,101.2612,31.3946,52.7717,9.7914,154.74,36.6594,91.3507,306.1908,262.3681,58.7382,83.2709,24.994,136.6262,53.6632,170.5206,153.8059,114.1016,30.8106,52.982,278.2562,345.33,424.5456,85.7521,312.2729,97.0874,219.4407,139.2611,67.3444,83.3943,13.1287,156.2571,36.254,119.5986,266.7672,106.2133,77.4392,361.67,14.6985,83.4352,225.09,501.4149,65.3053,73.62,25.6303,198.0895,69.6756,28.1488,34.388,45.9172,39.2254,31.3197,87.4291,60.4371,64.7534,31.5746,29.279,122.807,70.1169,94.3411
2022-10-28,152.7555,62.01,103.41,44.6759,143.84,32.7231,207.134,488.1651,153.1727,377.4053,102.7252,31.2035,53.2969,9.9872,153.16,37.3223,95.3824,310.4043,269.21,59.1908,82.8428,27.658,139.557,54.9279,174.3958,156.0909,115.4569,31.5562,54.0767,286.3593,348.7897,436.1863,85.9292,322.1485,98.3364,228.2667,142.013,70.5211,86.4246,13.7844,159.1834,37.5935,122.6276,274.9305,108.7301,79.0919,370.2744,15.0654,82.8616,228.52,510.1513,67.0457,72.82,25.6734,202.9862,71.21,29.3081,34.7319,47.0791,39.3621,32.099,89.4619,63.0653,66.1732,32.3208,30.0823,124.827,70.1799,97.1043
2022-10-31,150.4015,60.06,102.44,44.4132,142.51,32.5965,204.4143,479.2116,153.9557,376.4257,103.2973,31.1125,52.7984,10.0701,151.91,37.7066,93.6192,312.847,266.9384,58.3015,82.4672,27.0491,138.8799,54.4484,174.5577,155.2877,115.2737,31.1753,53.2668,282.137,350.9121,437.8146,85.4654,320.8872,92.349,224.6473,141.5623,69.1558,85.3654,13.4486,158.6156,36.896,122.1288,271.7337,107.7157,78.6288,367.5997,14.8616,82.271,227.54,513.7699,66.6153,71.53,25.8889,200.8725,71.1329,29.0746,34.4206,46.2917,39.6929,31.9018,89.2066,62.233,65.7844,32.2418,29.8011,124.7237,69.7296,97.2007
2022-11-01,147.7631,59.66,96.79,44.2035,143.38,32.7412,206.3407,477.74,155.0791,369.6641,102.7737,31.6858,53.2168,10.0927,153.46,37.8026,89.6172,316.543,266.8753,58.6523,82.4524,26.9254,139.1768,53.9323,174.7957,154.5021,117.3524,30.9727,53.0799,282.915,341.6957,436.8701,86.0803,325.7858,94.3713,220.8149,141.3226,69.3432,86.3694,13.4944,157.8993,38.0532,122.3192,268.9571,107.6774,79.0919,365.9912,14.9594,83.0399,227.82,506.5143,66.5405,73.12,25.8803,200.6494,71.1072,29.0746,34.5088,45.994,40.0766,31.9863,89.1215,61.7123,65.5764,32.1891,29.9172,124.7988,69.0228,98.1656
2022-11-02,142.2507,58.63,92.12,43.0821,147.41,32.6417,202.6011,462.0211,151.9132,367.0394,98.7209,31.4219,52.4423,9.8366,152.39,37.0053,86.1502,317.6418,260.2679,58.1182,82.3123,26.0882,136.5056,52.2003,168.9971,152.1278,116.2719,30.8916,52.3412,279.2809,344.0022,433.6585,85.6659,312.7129,89.7518,213.0051,138.9255,68.9595,83.1732,13.1716,155.698,37.3082,120.5599,259.738,104.6726,76.8036,356.8062,15.0246,82.6795,214.98,502.9235,65.2023,74.08,25.9923,194.8509,69.1527,29.3392,33.6121,44.6978,39.1107,31.5826,87.552,59.5806,64.4369,31.3464,29.6271,122.6755,66.4133,96.1481
2022-11-03,136.2186,60.11,89.3,41.9569,156.75,32.4608,207.0584,464.6776,154.1515,374.343,96.2291,31.6039,51.9972,9.9872,151.81,36.9957,82.6436,316.8063,253.7506,57.7038,81.9534,26.0596,135.9491,51.3441,167.8641,152.3867,116.4825,30.7863,52.3145,282.3742,350.5148,436.1414,85.3614,302.2996,88.136,207.3437,139.0214,69.7626,83.2654,13.3729,155.2962,37.2282,119.7346,254.6641,103.7156,76.8944,353.1322,14.8127,82.2332,215.31,503.0901,64.7719,73.29,26.2079,188.8391,69.0584,28.9035,33.8676,43.6031,39.834,31.2634,88.4692,57.8285,64.2198,31.3288,29.7565,122.1588,66.0163,97.4551
2022-11-04,135.9533,62.19,90.98,43.9579,160.01,33.2748,215.1704,464.7922,156.1004,375.7315,96.5491,32.9416,54.0803,10.1755,156.47,37.4664,85.7639,325.0155,256.0312,58.1023,81.7783,27.1926,137.9711,51.8701,170.1302,153.065,119.6693,30.8106,52.7417,293.1245,346.3766,433.3076,85.5305,311.2952,89.9997,214.2535,139.7885,70.3159,88.23,14.1052,156.1697,37.7478,121.9202,258.7604,105.3999,83.4143,358.2149,14.9349,80.8517,207.47,498.0555,65.2959,76.82,25.7165,191.0014,70.0013,28.9735,35.0432,43.9008,40.3191,31.8361,89.8874,58.8846,64.9795,31.7677,29.9395,122.901,66.5682,98.5165
2022-11-07,136.4839,63.08,90.53,44.895,164.91,33.4738,215.8881,466.8371,157.9642,379.2311,97.3732,32.9598,54.2495,10.3186,155.85,37.8411,87.6559,329.2382,261.6561,58.0944,81.4894,27.3951,139.1396,52.4082,170.9014,154.4039,120.3012,30.9322,52.9464,297.4512,353.8001,439.5688,85.2176,317.9049,95.878,220.5246,141.2555,68.9684,86.0654,14.2497,157.4189,37.6439,123.7884,261.6053,106.6152,82.1339,361.6414,14.9676,80.045,197.08,504.395,65.7919,76.56,25.5699,194.0267,70.0013,28.9346,35.3173,44.6881,41.0116,32.1553,90.8518,59.8677,65.5583,31.759,29.3683,124.2164,66.1035,99.6832
2022-11-08,137.0537,63.85,89.98,45.5459,169.62,33.5642,217.0213,470.86,157.7344,384.747,96.8594,33.1964,54.8637,10.3337,159.45,37.5144,88.062,330.5639,262.4403,58.0386,82.0322,27.4626,139.8167,52.714,170.9681,155.1716,120.3744,30.8754,53.0443,298.6088,355.341,444.5076,85.5728,318.5112,95.6302,221.4924,142.1664,69.8429,86.351,14.5496,157.8556,37.8517,124.0695,263.5117,107.2468,84.2224,363.5927,15.1388,80.9203,191.3,511.8262,66.2972,74.47,25.4578,195.6557,70.2157,29.4637,35.926,44.7362,41.0513,32.3431,91.646,60.442,65.7482,31.9521,29.5736,124.8364,65.9389,99.999
2022-11-09,132.5049,59.92,86.14,44.3518,168.74,33.0306,212.9889,468.194,151.4281,377.6335,84.1096,32.6231,54.0981,10.0249,158.65,36.5634,86.4969,328.7296,258.4831,57.3451,82.3123,26.5369,137.2661,51.4493,166.274,153.9308,118.8085,30.5756,52.3056,298.3527,352.0556,436.4652,85.3529,308.6259,100.5867,217.2729,138.9255,69.7805,84.8312,13.7266,155.9688,37.3481,123.7702,257.4308,105.0267,83.6836,356.1019,14.9839,81.1863,177.59,500.36,65.5205,71.67,25.6475,188.4643,69.4956,29.2692,35.3452,44.1312,39.0446,31.7985,90.3696,58.87,65.0337,31.601,29.3415,123.4929,63.9249,95.5253
2022-11-10,144.2944,68.47,96.63,47.8567,177.58,34.4868,219.5145,490.3247,154.2961,387.638,87.7067,33.8061,57.1337,10.6802,163.48,38.1773,93.0545,343.5406,280.9737,59.1305,84.1593,28.6969,143.2948,55.0551,176.5096,155.7339,123.6986,30.6891,54.1836,311.57,357.3374,441.4939,88.2118,329.7752,110.8961,235.1476,142.5979,74.2421,91.6379,15.6935,158.7204,37.8757,128.0325,276.4263,111.8019,87.9121,375.6711,15.3589,84.3099,190.72,503.6082,67.8318,72.24,25.0613,199.7762,74.5789,29.9694,37.3013,46.8006,39.9134,33.404,94.161,63.7077,66.5621,34.0237,30.7249,126.631,68.5967,96.9288
2022-11-11,147.0748,72.37,100.79,48.945,177.49,34.74,223.3296,492.5607,158.6876,386.1354,92.1182,34.7252,58.2732,10.9212,164.56,39.503,95.5012,349.7701,283.8942,59.3377,83.9843,29.343,144.3057,55.8697,177.9568,151.0745,123.9,29.9759,54.5752,313.3253,341.4243,417.2859,88.4487,331.7502,112.0361,239.1444,141.9938,74.3403,97.717,16.2684,155.532,38.0516,127.8421,281.5197,113.4001,88.9349,379.3071,15.5301,84.0009,195.97,483.1649,67.4575,74.38,24.6992,199.2223,74.5704,29.7982,37.752,48.0297,41.0733,33.6762,94.1042,64.7979,66.4898,34.0061,30.3813,125.0807,70.2428,99.9551
2022-11-14,145.6797,73.53,98.49,48.485,173.55,34.1521,223.3391,487.028,158.7642,387.0009,91.4104,34.5159,57.659,10.7005,164.92,38.3598,94.7979,347.2183,276.6649,58.8993,83.7829,29.2658,143.1927,55.219,175.9669,153.4489,122.6272,29.8382,54.05,315.0901,346.0309,415.6486,88.0004,331.8285,113.2257,233.7636,141.9362,72.8679,96.1512,16.2365,154.379,39.3626,127.8511,279.0561,112.4718,88.9715,376.0804,15.5382,83.795,190.95,475.4557,67.2797,71.91,24.8113,201.0298,72.753,29.806,37.7009,47.8376,41.0601,33.1974,93.5275,64.243,65.9652,33.102,30.0198,125.1935,69.1293,100.2469
2022-11-15,147.4089,76.37,98.94,49.5431,175.35,34.0979,221.5354,503.0718,160.0407,387.0294,92.603,35.3076,58.0418,10.8831,165.5,38.6577,97.5121,347.6906,281.1809,59.4174,84.4044,29.613,144.2408,55.877,178.5758,153.8773,121.7389,30.0164,53.9611,315.5456,340.0929,420.3355,89.2268,335.8765,116.0608,234.1701,142.4732,73.9834,98.2881,16.6062,154.7808,38.827,127.4068,282.9177,113.735,89.3459,379.2881,15.5056,85.1508,194.42,465.5163,67.6446,73.25,24.7251,204.0716,73.5417,29.3314,37.6452,48.5482,41.4923,33.2725,94.1704,65.0218,66.5169,33.5146,30.35,125.0338,70.0734,100.9189
2022-11-16,146.1808,72.7,97.12,48.3442,172.69,33.7904,219.4861,500.8167,157.4365,386.4873,91.0905,34.7434,57.9082,10.5787,165.12,36.9572,97.9182,347.1912,283.8672,59.2899,85.026,28.4751,143.0907,55.3511,175.4336,154.8324,121.9037,30.5432,53.8632,316.6557,342.989,419.4269,89.9881,335.1431,112.2443,234.5971,141.802,75.2415,96.9249,15.8529,155.7767,38.4113,128.5404,279.0561,112.1273,88.6518,376.3946,15.4322,87.0129,186.92,473.392,67.6259,72.04,24.6733,204.2174,72.8731,29.4714,37.2781,48.0681,40.6455,33.1129,93.4897,64.1311,66.8425,33.2776,30.6223,124.9774,69.0034,99.8401
2022-11-17,148.0769,73.9,94.85,48.3801,172.78,33.6185,217.6163,498.1508,157.8825,392.7544,88.6666,34.8071,57.8815,10.5863,163.92,37.1206,97.4329,344.8755,280.7392,59.0348,84.4482,28.8223,142.5899,55.0918,173.8055,156.082,121.3726,30.5918,54.0323,313.4391,350.6082,425.3012,89.5059,333.6863,110.4798,234.5486,142.3677,73.4836,97.0447,15.6208,157.2616,38.6352,127.7514,278.4402,111.9264,88.5605,375.2429,15.4485,86.0948,183.17,476.8995,67.5791,70.14,24.7682,205.0434,72.3759,29.6893,36.9203,47.7032,40.7337,32.9345,93.3289,64.2138,66.8244,32.9791,30.0867,124.921,68.1659,99.9728
2022-11-18,148.6369,73.57,94.14,48.6682,173.89,33.6366,218.5512,500.3962,156.9391,393.9622,89.0059,34.6069,57.9972,10.6472,162.79,38.2061,96.5116,344.3488,282.3076,59.1623,84.1506,28.803,143.5266,55.2019,174.929,157.2782,122.563,30.8754,54.4149,317.7754,351.4828,428.9446,89.4975,336.0525,111.0746,234.1022,143.2978,74.2421,97.0999,15.3537,158.3972,38.5552,129.2931,278.45,112.3474,89.4555,376.9466,15.4648,85.5027,180.19,490.4946,68.2342,69.03,24.8371,204.8588,73.2931,29.9927,37.1666,47.5592,40.4118,33.2068,94.0191,64.2868,67.5389,33.4005,30.7249,126.4337,68.2579,99.1062
2022-11-21,145.4145,72.46,92.46,48.8836,172.94,33.7451,219.25,500.1096,155.4382,391.5277,94.61,34.1701,57.561,10.6167,161.88,37.966,94.6989,345.2659,285.5528,59.1384,84.0981,27.9062,143.5173,54.742,174.015,158.0867,121.8396,31.151,55.2516,317.2629,350.9969,432.6509,89.3622,330.7334,108.9037,234.9077,143.3074,74.5991,95.6354,15.2621,161.4458,38.5153,130.9345,275.5855,111.735,89.7934,375.5759,15.3589,85.8631,167.87,478.6394,68.5055,69.03,25.0526,200.5051,73.6789,30.0472,37.292,47.1655,39.8649,33.3101,94.3217,63.5957,68.181,33.6375,30.8632,126.49,67.2702,98.1247
2022-11-22,147.5464,75.25,93.2,50.0749,172.5,33.9079,224.0567,508.3083,159.4263,396.1495,93.2817,34.252,58.3622,10.7081,162.07,38.3983,96.1352,348.5896,292.8543,59.5688,84.5795,28.7548,145.4001,55.515,175.8717,158.8503,123.6619,31.5724,55.4919,322.3772,350.715,431.3556,90.1573,337.2943,110.4699,237.7998,145.3785,75.0541,97.6065,15.9805,161.4633,39.2347,132.0591,279.5547,113.5627,89.8939,380.6301,15.4893,87.0816,169.91,484.0996,69.1231,69.98,24.8975,204.4021,74.0818,30.4984,38.1377,47.8664,41.113,33.6481,95.0497,64.8271,68.6784,33.8043,31.1265,127.5893,68.0303,100.9631
2022-11-23,148.4208,76.4,94.13,50.4141,174.85,34.0165,223.7357,510.7354,158.0111,416.0826,95.8704,34.5341,59.0032,10.6776,163.08,38.5328,97.5319,350.7509,289.8167,59.9036,85.0347,28.6101,145.8546,56.0483,176.3287,159.021,124.9806,31.8508,55.7411,325.3186,351.5314,432.7679,91.0623,340.8925,111.2629,240.2745,145.3017,76.1618,98.2329,16.4597,161.673,39.0508,132.8118,282.3605,114.2901,90.8894,383.0286,15.5627,88.6005,183.2,490.2262,69.3757,67.41,24.6388,205.7626,74.1418,30.2806,38.2864,48.4714,40.6675,33.7889,95.409,65.4014,68.9135,33.8569,31.4746,128.0966,69.0131,100.4591
2022-11-25,145.5127,75.14,93.41,50.0617,178.36,34.0979,222.5836,509.9423,157.548,419.839,95.8607,34.3703,59.3059,10.7157,163.22,38.869,96.5413,353.121,294.2065,59.784,85.0085,28.2919,146.2719,55.9088,176.7,159.2276,125.2187,31.8508,55.7945,326.7987,354.9619,434.918,91.1553,343.4836,110.4402,240.1871,145.4935,76.5385,97.5973,16.2116,160.8256,39.3386,133.0566,280.503,114.0795,90.9259,382.943,15.5871,88.3001,182.86,497.5465,69.5723,66.96,24.6388,207.7645,74.6132,30.3584,38.2724,48.2025,40.5176,33.9015,95.7777,65.0218,68.9587,34.0588,31.6576,128.8577,69.0518,100.1054
2022-11-28,141.6909,73.19,93.95,49.3343,171.83,33.3381,219.3728,507.324,152.9682,419.5917,92.7775,34.2156,58.5403,10.4493,161.93,37.8315,95.1446,347.2183,287.4819,59.1544,85.0435,27.7037,143.9254,55.0233,173.139,159.3085,123.0301,31.8262,55.8034,320.4226,355.4673,434.6931,90.4956,336.9325,107.8331,234.6262,143.7772,75.0945,96.6762,15.7702,160.6334,39.6264,132.9478,276.3871,112.5292,90.1039,376.8324,15.3426,88.549,182.92,492.5953,68.8143,66.88,24.8199,205.3058,72.6159,29.7515,37.4175,47.4343,39.4062,33.3195,94.0381,63.6298,68.6965,33.102,31.3318,127.8899,68.6258,97.099
2022-11-29,138.6944,73.39,92.42,49.2568,175.32,33.4648,222.0358,505.4512,155.2581,419.3635,91.8079,34.9527,58.7094,10.4645,162.73,38.1869,94.2928,348.4443,284.8137,59.4094,84.6846,27.8676,144.3892,54.6661,173.6436,158.1945,125.0539,31.9654,55.6076,314.9857,353.6986,435.4937,90.0473,335.5049,108.5071,233.2384,143.921,73.9824,97.8644,15.5829,159.4979,39.5625,131.9321,274.295,112.4622,90.1039,376.1851,15.4974,87.5107,180.83,488.6436,68.7488,68.34,24.863,203.1678,73.816,29.8293,37.5429,47.4535,40.0016,33.5166,94.6148,63.0069,68.4342,33.655,31.0998,127.5705,68.4079,97.7445
2022-11-30,145.4341,77.63,96.54,52.057,178.88,34.2335,223.2541,515.2839,157.2135,419.3921,94.8912,35.9628,59.751,10.5787,164.81,38.9651,100.0381,352.9597,293.8189,60.3021,85.4461,28.9958,147.4591,56.902,178.4044,159.9104,126.5374,32.2192,57.0148,319.265,360.6277,439.196,91.1469,348.48,117.0719,247.6114,146.4715,75.9645,101.0329,16.8666,162.0486,40.0741,135.2694,286.7989,116.0221,93.3369,388.0352,15.7176,88.1542,194.7,506.9306,70.4238,70.23,24.6647,210.8841,75.5048,30.3273,38.449,49.4604,40.2001,34.0893,96.1749,66.1703,69.8088,34.445,31.8762,130.6146,70.7657,98.4519
2022-12-01,145.7092,77.48,95.5,52.0305,175.78,33.251,222.5741,481.4667,156.5103,420.1623,95.5892,35.8445,60.3296,10.7157,167.84,38.9266,100.0381,350.8208,296.6121,60.5254,86.3795,28.7644,147.4406,56.9705,178.014,160.5751,124.7608,32.3338,57.1761,321.1217,359.8989,437.8382,92.2873,352.7823,119.3916,247.1747,145.7524,76.0811,102.3409,17.0779,163.4022,40.8335,135.351,287.151,115.9935,94.4055,387.7497,15.6442,90.9704,194.7,496.8895,70.5173,70.45,24.363,210.8841,75.3419,29.8216,38.4954,49.7485,40.0677,33.8922,96.2032,66.2628,69.4923,34.3748,31.8495,130.9904,70.756,97.9744
2022-12-02,145.218,74.98,94.13,51.0905,182.87,32.8234,222.9897,472.5513,155.2581,423.7762,96.4037,35.981,60.2851,10.5483,167.26,38.4163,99.4932,347.8685,297.4464,60.4773,86.5549,28.3594,147.3293,56.836,179.0518,160.7009,123.7718,32.6122,57.6781,321.2074,364.2041,449.1895,92.8473,352.0587,122.415,247.495,146.3757,76.4129,103.662,16.8198,163.2176,40.6976,136.5844,286.0071,115.9552,95.9398,387.3023,15.5056,92.1144,194.86,497.7249,70.6484,69.84,24.3371,211.5255,75.119,29.7048,38.9183,49.8733,39.8296,33.7326,96.7516,65.8783,69.8088,34.208,31.6977,131.3286,70.664,97.1432
2022-12-05,144.0587,73.62,91.01,50.1307,185.1,31.3588,219.6278,466.9422,151.4245,415.4834,93.0102,35.5715,59.4928,10.1829,164.39,37.3475,98.5423,339.6054,290.2731,59.901,85.6777,28.128,144.4726,55.8036,174.1197,160.6111,120.3012,32.4403,56.8893,318.2652,358.8882,444.1565,92.0582,348.1769,121.3642,242.8172,144.1416,76.368,101.2784,16.5547,160.9586,40.5537,135.2059,281.2069,114.0508,94.5699,380.335,15.2855,90.8242,182.45,496.6851,69.6471,67.72,24.5354,207.6577,73.7474,28.8412,38.147,49.0859,38.6476,32.897,95.1348,64.7833,68.9316,33.6287,31.5192,130.0696,68.6258,94.4816
2022-12-06,140.4039,70.27,88.25,49.6753,178.43,30.0214,215.5859,459.7755,147.5222,416.7768,89.481,35.526,59.2257,10.1068,164.84,36.6062,96.0659,331.7172,287.8879,59.685,86.204,27.5783,142.7939,54.8007,171.4537,158.2035,120.5026,32.2765,56.8624,315.6373,358.1593,438.1188,92.3382,339.8072,113.1266,237.8871,142.454,76.395,99.717,15.9337,159.649,39.7383,135.3782,275.3802,112.1943,93.2274,374.8526,15.6279,91.994,179.82,500.6584,69.095,65.23,24.5526,203.1873,73.0531,28.7012,37.8078,47.6744,37.6288,32.6059,94.0097,63.3962,68.5065,33.3741,31.7156,129.0831,67.5559,91.8554
2022-12-07,138.4685,70.14,88.46,48.9838,176.5,29.7849,216.2375,460.5495,147.9596,419.0592,89.3452,35.3167,59.2257,9.9698,166.33,36.5484,94.0451,328.9842,290.3365,60.0131,86.9583,27.318,142.7197,54.5903,170.949,159.1647,120.4202,32.6614,56.952,315.542,361.4928,435.5842,93.365,339.6996,112.9382,237.1592,142.8855,76.4936,100.0865,16.0663,160.1324,40.162,136.2488,274.256,112.0508,93.0356,374.2148,15.7339,94.1616,174.04,503.9911,69.1699,63.65,24.475,201.9531,73.1988,28.919,37.7242,47.4343,37.5406,32.4745,93.8868,63.075,68.7959,33.4444,31.5683,130.1448,67.1492,91.652
2022-12-08,140.1485,70.47,90.35,50.1722,179.08,29.512,218.0696,460.024,148.8344,421.2275,89.7331,35.7444,59.5284,9.9851,166.47,36.7795,92.8267,327.3024,293.9096,60.0612,86.4672,27.4241,143.4802,55.2116,172.1868,159.1917,121.6839,32.866,57.194,318.6176,361.3178,439.3679,93.068,343.3663,114.326,240.0998,143.0773,76.9152,102.8859,17.1118,161.5388,41.3931,137.2283,277.5016,112.9982,94.7434,377.1465,15.5871,93.9035,173.44,508.642,69.6191,62.71,24.3975,203.2067,73.7132,28.8646,38.0029,47.3383,37.373,32.5027,94.4446,64.1068,69.1667,33.6901,31.7736,131.3192,67.7979,92.3329
2022-12-09,139.6671,68.59,89.09,51.4608,179.54,29.4574,214.6416,461.5529,144.0831,413.5053,90.5378,35.5078,59.564,10.0307,167.06,36.8565,91.955,328.2712,290.6358,60.0612,85.8268,27.2312,142.4044,54.7982,170.073,157.8801,121.0246,32.7023,56.5935,316.3134,350.822,437.7386,92.3722,341.0783,114.8911,238.1782,140.6227,75.7941,101.0936,16.9444,160.941,41.3451,136.8655,275.7321,111.9455,92.9625,374.329,15.5627,91.4607,179.05,500.547,68.9734,62.85,24.4492,202.818,73.576,29.098,37.6266,47.4728,36.4645,32.4182,93.6693,63.7125,68.6332,33.6199,31.6085,129.6375,67.5026,91.5548
2022-12-12,141.9562,70.67,90.55,52.586,186.27,29.7758,220.0905,466.0057,145.584,415.6355,91.7789,35.3986,59.7421,10.2438,165.68,37.0587,92.4305,331.964,297.4374,60.2933,85.704,27.6651,144.3706,55.6128,172.0726,159.7666,122.9019,32.9807,57.3375,319.9696,356.9056,440.2188,92.2534,350.2107,113.7114,245.059,142.5691,77.6237,103.5419,17.4766,161.7058,41.6969,138.2712,279.193,113.8116,93.7936,379.7259,15.7339,91.7531,167.82,506.7296,69.984,64.41,24.4664,208.542,74.1418,29.5259,37.9518,47.8472,37.4216,32.8501,95.2766,65.1045,69.3567,33.9008,32.3314,131.0186,67.6721,93.8096
2022-12-13,142.919,71.65,92.49,53.9473,187.13,29.794,222.3853,466.5027,148.8258,415.7687,91.8176,35.6517,60.5894,10.3275,168.51,37.3283,94.7286,337.0004,301.8902,60.9176,86.4759,27.7037,145.3086,56.1259,173.4978,160.9974,122.7828,32.7269,57.3554,326.0634,348.5576,434.6972,93.0595,349.2133,119.1041,249.3389,142.2239,78.1618,104.2626,18.0118,161.6179,42.4243,138.0626,282.1943,114.8022,93.2548,382.6003,15.5871,92.6391,160.95,499.6372,70.0188,65.86,24.2509,207.0357,75.5133,29.4559,38.4769,48.6538,38.1316,32.9345,95.6359,65.8734,69.2572,34.6469,32.4296,131.4226,67.6721,94.8353
2022-12-14,140.6986,68.93,91.58,54.2685,188.25,29.3664,221.4314,462.0306,147.7967,416.9575,91.2844,35.6702,60.5357,10.2591,168.1,36.9335,94.1739,329.4046,302.3798,60.5734,86.7127,27.2505,144.6273,55.7678,172.3595,161.4915,122.1693,32.8824,57.3554,325.6444,353.2613,439.196,93.1444,349.5654,120.5315,249.63,141.9924,78.0721,102.9691,17.6151,161.1696,43.5515,138.6067,280.1021,114.341,93.3278,380.1541,15.4078,93.0348,156.8,499.7672,69.7555,67.36,24.1388,207.3078,74.999,29.1369,38.0633,48.0201,37.8979,32.5214,95.4563,65.3186,69.212,34.3134,32.3895,131.6293,67.1685,94.1368
2022-12-15,134.1063,66.53,88.45,52.7154,183.72,28.9025,217.8241,443.2922,146.6903,408.7313,87.7358,34.848,58.9895,9.9166,165.35,36.221,90.0036,319.7614,297.0927,60.3449,86.8815,26.1801,141.7247,54.0904,168.0455,159.4522,119.1382,32.6122,56.5666,314.9708,349.8696,433.4026,93.2226,338.5556,115.1389,241.6623,140.1024,76.96,100.2528,16.8955,158.436,42.856,137.0378,270.6973,111.3816,91.3186,370.8549,15.0572,93.3978,157.67,489.8528,68.3924,66.15,24.363,202.0503,73.996,29.3859,36.9017,46.1477,37.6685,31.883,93.1493,62.8755,68.0363,33.9184,31.9967,129.2147,66.0647,93.2348
2022-12-16,132.1512,65.41,87.86,52.518,184.7,28.8388,219.7694,440.9416,144.7006,409.9676,87.3383,34.9496,58.4711,9.224,166.79,34.8057,89.4092,316.5806,293.2295,60.023,86.6618,25.9584,140.1287,53.4356,166.7925,157.8172,118.3964,32.6859,56.2439,313.8568,349.7336,436.1183,92.8226,338.1547,118.3903,237.4698,139.1284,75.4622,97.8876,16.5158,158.5151,41.0893,136.4302,268.1164,110.0844,90.2592,366.4766,15.0735,92.3545,150.23,486.1582,67.7155,64.9,24.4061,201.0591,72.0844,28.8801,36.7438,46.1381,37.2055,31.6389,92.7522,62.0432,67.7016,32.9177,31.4523,127.3356,64.8302,92.5805
2022-12-19,130.0487,64.59,84.92,52.3579,185.68,29.1663,219.3633,438.2469,145.6955,411.4702,83.1691,34.9773,58.3281,8.8968,166.32,34.1029,87.6064,314.9901,287.7791,59.7173,85.9587,25.833,139.2047,52.7489,164.535,157.6465,119.1015,32.8415,56.3246,311.4002,347.7024,436.1183,91.8864,333.6765,113.4834,233.3549,138.8874,74.9062,95.2083,16.1998,159.394,41.0573,136.3939,264.3484,108.9026,89.7752,363.369,14.5599,90.8024,149.87,486.0653,67.3301,66.07,24.4122,199.0474,71.1672,28.8101,36.2663,45.0581,37.201,31.5539,92.2639,61.2159,67.6588,32.5279,31.3272,126.8601,63.7894,92.9961
2022-12-20,129.9799,65.05,85.19,51.8235,188.29,29.2845,222.0547,437.4729,148.0883,414.0283,84.3714,34.9681,58.5605,8.7293,169.08,33.891,88.1809,314.8804,285.521,59.5644,85.3347,25.4955,139.6433,52.744,165.4055,157.8172,119.6785,32.5795,56.2798,313.1903,349.51,440.065,90.8055,335.3289,116.0707,234.6651,139.4274,74.9062,95.3561,16.0314,159.2974,41.0254,136.4483,264.1426,109.0756,89.5012,363.8663,14.7311,89.19,137.8,482.9184,67.3677,66.22,24.2469,199.5721,70.9872,28.779,36.5048,45.3661,37.7624,31.6862,92.3779,61.3086,67.6042,32.4569,31.3362,126.8318,63.0466,94.3401
2022-12-21,133.0747,67.68,86.77,53.463,196.0,29.7303,228.278,441.5244,149.8293,420.0007,84.2744,35.2822,59.1683,8.9653,168.8,34.565,88.7356,320.0631,289.62,60.0713,85.4402,25.8716,141.622,53.5852,168.256,159.6229,121.0246,32.8988,57.1851,312.9427,357.6443,441.4227,91.4268,338.008,118.7175,237.2174,141.4235,75.9196,106.9696,16.446,160.4137,41.2972,137.6998,267.9743,111.0261,90.1131,369.3069,14.7964,89.4142,137.57,489.7228,68.1762,68.06,24.3078,200.9813,71.5958,29.3936,36.8228,45.9629,38.4798,32.1774,94.1164,62.3239,68.2782,32.7854,31.7726,128.5016,64.0515,95.5516
2022-12-22,129.9112,63.86,83.79,52.6875,188.25,29.4665,224.3212,438.3232,147.5823,414.5039,84.032,34.9681,58.6856,8.6076,166.76,32.2831,86.9328,315.8768,286.6818,59.7012,85.4138,25.0423,140.306,52.5674,166.0559,159.039,119.651,33.0462,56.7728,311.9811,355.0203,433.8643,91.4013,333.9307,116.1005,231.1616,139.871,74.7447,107.8288,15.2879,159.1743,41.2812,138.0172,261.4182,109.3158,89.282,364.0384,14.8942,89.397,125.35,489.3052,67.6779,67.7,24.3426,199.2806,71.295,29.806,36.4674,45.5682,37.5931,31.894,92.9194,60.7522,68.1234,32.6256,31.5792,128.3224,62.4058,93.6239
2022-12-23,129.5477,64.52,85.25,52.6247,189.06,29.5393,226.5215,442.0882,152.1449,415.5215,85.3313,34.9219,58.8912,8.6456,167.26,32.572,88.3889,315.8128,289.0488,59.8541,85.0271,25.158,141.2953,52.7587,166.8116,159.4432,120.2187,33.1772,57.203,313.5711,357.5374,437.476,91.1204,335.9645,117.0125,231.6856,141.3946,75.4891,107.4039,15.1553,160.2027,41.4331,138.4072,262.0062,109.9595,89.7478,366.1325,14.9268,88.0864,123.15,493.2226,68.0352,69.32,24.3339,200.0289,71.9296,29.8838,36.7199,46.011,38.7917,32.0735,93.4704,60.8157,68.4786,32.9186,31.9031,128.3979,62.833,96.0998
2022-12-27,127.7498,63.27,83.04,52.7304,189.4,29.5939,229.6095,438.1227,154.0574,414.7796,83.7412,35.4392,58.9806,8.5238,168.67,32.081,86.5663,312.5771,289.7924,59.2345,84.3153,25.0134,141.4727,52.2535,165.6924,159.3983,120.64,33.5374,57.5526,313.2093,354.6024,439.4766,89.9458,338.4676,115.8626,229.9679,141.6453,75.3367,108.6142,14.0739,160.9147,40.8735,139.6133,258.3019,109.6136,90.5971,364.6885,15.0491,86.3447,109.1,493.8539,68.1574,69.53,24.3252,200.4759,71.9035,30.5373,36.7526,45.5971,39.2061,32.0641,93.7554,60.2397,68.8065,32.8919,32.1011,128.0677,61.8135,97.435
2022-12-28,123.8297,62.57,81.82,51.9064,188.38,29.8122,226.0588,432.8575,151.7847,409.1021,81.6081,34.9219,58.3549,8.3336,167.91,31.3203,85.2092,311.5716,286.3281,58.438,84.1132,24.6277,139.858,51.5668,163.1193,158.7066,121.2993,33.1117,56.9789,310.3148,354.9328,437.4127,89.665,334.3512,114.6135,227.6096,139.9771,74.5833,106.2305,13.9892,159.7544,40.6097,137.8087,254.8915,108.1531,90.0492,360.1562,14.8534,85.8359,112.71,490.5676,67.4429,68.58,24.4122,199.2126,70.6777,30.195,36.1915,44.9329,38.3283,31.9507,92.5299,59.2684,67.9503,32.3681,31.7951,127.2375,61.2941,95.8345
2022-12-29,127.3371,64.82,84.18,53.1372,188.91,30.1488,226.8332,436.2403,152.9339,408.778,84.5265,35.5039,59.2755,8.7826,168.85,32.4179,87.6162,313.9116,290.5724,59.1943,84.5262,25.2737,141.8647,52.6876,167.2516,159.5151,121.9953,33.3082,57.3195,313.9711,356.6822,440.8796,90.3033,340.472,119.2131,233.8984,140.7388,75.4084,108.4201,14.5543,159.9566,41.0334,138.38,261.1047,110.046,91.1177,366.6391,15.0409,86.8103,121.82,491.8951,68.1574,68.53,24.2643,202.196,72.2252,30.5451,36.5843,46.1746,38.7293,32.3947,93.6699,60.8205,68.2418,33.0872,32.0246,128.6243,62.8719,96.5596
2022-12-30,127.6515,64.77,84.0,53.2629,190.49,30.1306,226.2288,436.2116,153.9374,408.8925,84.2356,35.0143,58.6677,8.8511,169.64,32.389,87.3984,313.8658,286.446,59.2426,84.1746,25.4859,141.538,52.5404,166.7829,158.6976,122.8012,33.3328,57.0148,310.5719,355.5354,440.3727,89.7331,340.0028,119.2924,232.7435,140.7196,74.9779,108.106,14.5653,158.7963,40.9614,137.4459,260.9479,109.4983,90.5971,365.6734,15.0083,85.8445,123.18,492.1736,67.7813,70.11,24.186,201.9045,71.7036,30.654,36.3271,46.1939,38.9744,32.3097,93.2994,60.7376,67.9048,32.7854,31.7187,128.1621,62.7019,97.5323
2023-01-03,122.8767,64.02,85.82,52.7247,195.39,30.4854,225.5866,433.1347,149.2204,404.6295,86.262,35.3099,59.1861,8.8891,171.06,32.5624,88.28,316.4618,286.4914,59.3552,84.8338,25.7751,141.4913,52.1432,165.8646,160.0811,123.7352,33.3901,56.4232,303.1165,354.7093,432.2621,90.3544,339.0933,123.6541,232.5105,138.4727,75.1842,109.7136,14.2673,157.6976,40.9774,137.455,259.1839,109.1908,92.0858,364.1339,15.2773,87.4828,108.1,481.461,67.8471,67.64,24.4469,201.5449,71.7731,31.2142,36.2897,46.7907,37.6065,32.4231,93.4989,60.1616,67.6497,32.9097,31.7187,127.7941,62.3281,94.181
2023-01-04,124.1441,64.66,85.14,53.3687,203.64,31.0585,227.9286,436.2689,147.6337,403.8571,89.1804,36.3723,59.9727,9.1403,172.67,33.4,87.2498,317.8145,289.9556,60.0391,85.4841,26.6912,143.1526,52.3271,167.9307,161.8239,124.889,33.7667,56.3963,301.6121,352.8725,431.3297,91.0097,347.2578,126.2612,222.3398,138.3474,75.7761,111.9864,14.6999,157.3109,40.0741,138.0535,260.4187,110.0748,95.401,366.9451,15.6034,88.6813,113.64,468.3345,68.2232,64.3,24.36,206.6178,73.3988,32.0,36.921,47.6666,37.602,32.9427,94.3254,60.3178,67.9139,33.6643,32.0066,128.1337,63.2311,94.4551
2023-01-05,122.8276,62.33,83.12,52.8714,204.99,30.9949,226.9087,430.182,150.2924,395.5125,89.1222,36.2615,59.3738,9.323,170.52,33.6985,85.3875,314.2132,286.0924,59.9185,85.3611,26.5755,142.1167,51.481,166.1324,160.6291,124.8614,33.8404,55.751,290.872,348.8102,431.8457,90.9416,343.9529,125.835,215.7501,138.2509,74.1079,111.4413,14.2175,155.6672,39.6984,136.3395,256.342,108.7969,95.3736,362.757,15.6605,89.0521,110.34,454.8369,67.5933,64.78,24.5861,205.1601,71.4254,32.4435,36.3364,47.734,38.2882,32.697,93.3089,59.1464,67.2307,32.6789,31.3137,126.8224,62.6437,96.5684
2023-01-06,127.3469,63.96,86.08,56.054,213.0,31.3042,235.0113,461.4096,151.4245,406.7085,91.0614,37.019,60.8932,9.5741,173.71,34.5746,86.5167,318.1619,287.9605,60.7713,86.4596,27.7037,145.0659,52.7023,169.8629,161.9317,127.2507,34.8721,56.8266,301.0313,352.717,428.3788,92.4311,360.0831,128.8882,218.2928,140.5653,75.0228,115.0538,14.8095,159.1831,40.7056,139.5861,263.4173,111.593,97.4376,371.0758,15.9214,90.6904,113.06,454.874,69.0599,64.83,24.2643,211.6129,73.3466,32.8247,37.5851,48.5137,39.0145,33.4245,95.8644,60.8791,69.0251,33.6288,31.9436,127.9922,64.1146,97.7357
2023-01-09,127.8676,67.24,87.36,54.9547,208.57,30.8311,232.8959,457.4726,150.241,408.3584,91.8855,37.2962,61.1524,9.6578,174.1,34.5843,87.1903,322.659,288.2144,60.9886,86.6794,28.263,144.478,52.977,170.1499,157.7363,126.7248,34.5527,56.1185,306.5157,339.9763,415.4796,92.7971,363.3149,128.3429,220.4182,138.6849,75.3994,115.3494,15.5759,157.6273,38.6831,137.8812,265.1226,111.5065,95.6567,370.8654,15.746,91.1732,119.77,454.9296,68.5616,65.88,24.1165,212.439,73.3727,32.6927,37.8236,48.5907,38.8764,33.3017,95.4369,61.5868,68.3511,33.611,32.1596,125.8507,64.503,95.9141
2023-01-10,128.4375,68.05,89.87,54.768,206.69,31.0403,236.5694,460.0049,150.9785,417.1606,92.6515,37.5641,61.3312,9.772,174.74,35.73,87.5866,326.6443,290.7718,60.9161,86.1345,28.3883,145.5233,53.3694,172.6656,157.359,127.8595,34.6592,55.6882,306.6205,342.8141,418.4668,92.4822,363.3541,131.8323,222.0972,139.3985,75.821,116.2641,15.856,156.3264,38.0676,137.7451,267.3666,112.3136,96.8074,373.4663,16.1016,89.6643,118.85,451.1607,68.759,65.9,24.1339,214.8588,73.5379,33.1511,38.2024,49.3223,39.1526,33.4906,95.9594,61.9675,68.26,33.7087,32.1686,126.9073,65.3137,97.3466
2023-01-11,131.1491,69.06,95.09,55.0738,208.03,31.2769,236.7772,462.7856,150.2581,413.3937,93.398,37.7212,61.796,10.0612,174.62,36.4136,90.6573,333.1523,298.3624,61.3184,86.6881,28.7837,146.8019,54.3135,174.8178,157.1075,128.8097,34.8475,55.5807,313.8472,350.2583,419.1095,93.2737,370.0628,131.7332,228.813,140.0349,76.2335,118.2043,15.9477,156.5022,37.9317,136.6297,271.9922,113.9278,97.0814,378.1898,16.052,91.1215,123.22,458.0302,69.3607,68.05,24.1339,215.8404,76.172,32.5426,38.8009,49.6784,39.2729,33.8024,96.8809,63.0413,68.2964,34.9338,32.4295,127.6243,67.0759,98.4784
2023-01-12,131.0705,70.8,95.27,55.4358,214.32,31.3588,240.8757,460.9891,151.8705,415.8828,96.7721,37.9059,62.7076,10.221,176.64,36.9047,90.271,338.143,299.1513,61.6644,87.4615,29.208,147.4926,54.5465,177.7544,156.3169,128.6805,34.7411,54.8636,313.1712,349.0046,417.9689,94.3291,371.9726,135.5199,231.4721,140.4206,76.2963,118.1581,16.456,154.5069,38.1395,135.8588,273.4621,114.4659,96.6704,379.5667,16.052,92.9149,123.56,460.1375,69.1727,68.61,23.899,217.3175,77.137,33.0405,38.9459,50.2271,40.0215,33.8685,97.4509,63.5099,67.759,35.3244,32.209,127.2186,67.1876,100.1143
2023-01-13,132.3968,71.0,98.12,55.1557,214.13,32.0502,244.077,463.6839,152.2821,419.2587,96.3746,38.1554,63.0383,9.6806,178.76,35.1523,91.2517,341.854,300.3665,61.6644,86.9957,29.0344,147.9126,54.8457,178.9214,155.8048,131.9278,34.7329,55.0608,318.1223,351.4342,407.1879,94.0227,367.7711,135.7876,232.1709,140.7581,75.9465,119.045,16.8427,154.0323,38.2514,136.8292,275.3437,114.7157,97.9307,381.0393,16.1678,92.0441,122.4,454.4748,69.2573,70.05,23.8903,216.7733,76.6589,33.08,39.1844,50.3907,40.0794,34.1236,97.3369,63.6905,68.0778,35.1202,32.0921,127.7847,67.8187,100.0524
2023-01-17,133.5561,71.59,96.05,55.1786,211.41,31.4043,241.9995,465.1361,154.795,417.895,96.8691,37.9429,63.235,9.6426,177.59,35.2486,90.4295,319.8437,297.0293,61.4552,86.7233,28.5426,147.1939,54.9316,178.7014,154.8436,129.889,34.6592,55.2849,314.2091,347.6635,404.771,93.6822,367.2619,134.1817,233.2578,140.3049,76.8972,118.3891,17.643,154.753,36.8365,136.4302,275.9024,114.4755,97.4924,380.3413,15.9859,91.4491,131.49,450.3066,68.9377,70.86,23.9599,216.715,76.8762,32.2818,38.7916,49.9191,40.1641,33.8968,96.5104,63.9785,68.1234,35.1291,32.0471,127.1903,67.8672,99.8578
2023-01-18,132.8389,70.53,95.46,54.7071,209.41,30.6765,238.7509,458.1607,151.9991,406.2507,96.0255,37.6842,63.0115,9.4447,177.08,35.0849,90.2611,319.0851,293.5469,61.5277,87.9009,27.7808,144.5806,54.2179,175.8126,152.5078,125.9868,32.473,53.6088,308.8199,342.0949,399.4395,94.7802,361.3073,131.8621,228.8518,137.9327,75.1573,116.8092,17.3191,150.8504,35.9731,132.7755,272.3156,112.8805,95.8941,374.3364,15.7295,93.6651,128.78,442.1004,67.7249,69.51,23.9599,213.2747,75.7547,31.5864,38.2444,49.3126,39.4289,33.2639,94.6959,63.1536,66.2652,34.5876,31.2777,125.3979,66.9837,97.8064
2023-01-19,132.8979,67.71,93.68,53.6525,207.09,30.2307,233.1811,448.6242,153.5171,389.6665,96.0643,37.9706,62.9132,9.2697,179.89,34.4013,92.1729,320.6024,281.9297,61.1656,87.7339,27.4048,143.6193,53.7372,174.1291,152.3012,124.3079,32.7842,53.5281,309.0104,341.1911,397.6652,94.5844,360.3474,134.9648,225.0863,137.7785,74.0721,115.0538,16.7091,149.1012,35.9412,129.9675,269.6403,111.9101,95.2183,371.6113,15.6633,93.0788,127.17,449.6383,67.3113,70.59,23.899,214.198,75.3375,31.6575,37.9498,49.5629,39.919,32.8765,92.7484,62.4166,65.6367,34.4189,30.9628,125.6997,65.872,98.4342
2023-01-20,135.4523,70.07,97.25,54.3727,206.76,30.7947,236.9386,458.7723,155.1466,391.5739,100.3304,38.5526,63.4673,9.4371,179.29,34.0355,97.0961,312.4582,285.6661,61.2863,87.1539,28.1762,145.6353,55.0346,176.9988,151.5915,124.6123,32.6532,53.8508,312.8951,336.3222,401.2589,94.0908,368.5154,138.1568,233.1317,138.5788,73.3815,116.9847,17.7796,149.3209,36.0611,130.4694,277.0194,114.1584,95.9306,378.5341,15.9032,91.5698,133.42,451.8291,68.0258,71.55,23.8643,217.9881,76.2329,31.6101,38.7121,51.1126,40.3156,33.3961,94.0404,64.1054,66.1468,34.8184,31.1473,126.3318,67.4691,100.2292
2023-01-23,138.6355,76.53,97.52,55.4063,209.97,31.2223,239.7756,470.7167,154.9408,390.3723,102.4731,38.8298,63.7265,9.7415,179.63,35.0849,98.8494,319.1307,286.1014,61.2782,86.8727,29.1887,147.0633,55.9125,179.1892,151.2051,126.6326,32.9643,53.9852,310.867,332.5709,399.4485,93.8184,370.7581,142.0228,235.4221,138.8681,74.1438,118.5276,19.129,148.6529,35.9572,128.7173,283.1737,115.6766,96.9992,383.076,15.7957,91.1387,143.75,450.9843,68.3548,71.5,23.899,217.8617,76.5806,31.3177,38.8384,52.0078,40.369,33.7835,95.0664,65.5648,66.3563,34.916,31.1563,126.7658,68.5226,99.7075
2023-01-24,140.0305,74.7,96.32,55.7302,211.98,31.4497,244.4345,470.2389,155.0866,397.3626,102.7737,38.8575,63.6461,9.6959,180.28,34.8539,96.7791,318.3904,288.1056,61.3184,87.3736,28.8512,146.9046,55.785,178.8066,151.2051,127.7211,32.604,54.272,312.9046,336.6332,406.6448,94.312,372.1684,141.894,234.898,139.302,75.247,117.1788,19.2008,150.0329,35.7413,129.42,282.5955,115.5997,97.3919,382.6648,15.8453,92.4493,143.89,456.3593,68.3454,70.22,23.873,217.5799,76.7719,31.942,38.8617,51.8634,40.2131,33.8024,95.6934,65.5355,66.6296,35.067,31.3137,125.9262,68.4449,100.636
2023-01-25,139.3723,74.91,97.18,55.7921,212.68,31.7227,245.2221,469.0636,153.5857,394.4731,104.8292,38.8945,64.0662,9.7339,181.11,34.9694,94.3225,319.5786,287.7157,61.3104,87.4703,28.639,147.2032,55.7237,179.304,152.2832,128.3392,32.7105,54.6126,310.7433,339.8792,411.1075,94.3546,374.4993,140.2682,233.5101,139.7263,68.6909,117.1695,19.2586,151.1229,36.0291,129.3287,281.9684,115.4652,97.7024,382.8082,16.8873,92.6735,144.43,457.1948,68.4488,70.51,23.7947,218.5614,76.8066,31.8709,38.9412,52.0463,40.2175,34.0669,95.1614,65.3988,66.7935,35.1025,30.8908,125.9639,68.7945,100.1054
2023-01-26,141.4355,75.16,99.22,57.0209,212.73,32.1502,248.7139,476.1538,161.0558,401.6827,106.3611,39.264,64.1198,9.8329,179.47,35.1234,96.6008,324.4597,284.5869,61.4633,87.1539,29.0151,148.3419,56.5207,180.3658,151.7262,129.1326,32.473,54.5051,313.7425,338.2076,416.2219,94.3206,369.4556,146.0177,240.6821,141.0474,68.5205,117.8255,19.736,149.6198,35.6983,128.8086,287.466,116.7047,99.328,387.0154,16.54,92.2424,160.27,457.1762,68.5522,70.93,23.8556,218.3768,77.6673,31.8235,39.1283,52.8549,41.4874,34.2464,95.6839,66.4433,66.5567,35.502,30.9943,126.1997,70.2023,104.1288
2023-01-27,143.371,75.4,102.24,56.2979,211.17,32.2503,251.0101,480.9221,153.9031,398.8026,106.2059,39.0792,63.9947,10.0992,179.22,36.5388,98.4333,323.2989,287.1988,61.2782,87.0221,27.1541,148.2206,56.945,181.3414,151.1333,129.4462,32.4976,54.2183,309.1627,332.4641,416.0318,94.0482,366.3118,150.4191,240.8374,139.3888,67.7851,117.8255,20.2971,149.0924,35.3272,128.2793,290.3276,116.9833,99.5655,387.9048,16.4986,92.0096,177.9,451.2071,68.3454,69.5,23.8903,224.9171,78.5367,32.1159,39.002,53.2207,40.6497,34.2464,96.0829,66.7215,66.3654,35.8216,30.9943,125.3412,71.7946,102.2276
2023-01-30,140.4923,72.45,100.55,55.3891,209.67,32.1138,248.1256,480.9124,149.4004,401.1105,104.3153,38.294,63.5835,9.81,178.76,34.9405,96.0262,326.7357,284.9769,60.9403,86.7497,26.9516,146.7832,55.9959,178.8162,145.5364,128.3484,33.0544,54.3527,309.477,330.9091,416.9279,93.6908,363.4619,145.7798,235.5482,138.2509,67.3097,116.7538,19.0981,148.9694,35.1336,128.6808,284.4575,115.4075,98.9993,383.0377,16.6723,91.6733,166.66,450.9658,68.0163,68.1,23.9773,222.6431,77.5369,32.4399,38.7355,52.3832,39.7185,34.0763,95.1424,65.4476,66.4474,35.3866,30.8548,124.2092,70.5712,100.4149
2023-01-31,141.7597,75.15,103.13,55.7283,213.0,32.2776,239.3866,488.4232,149.2461,403.2467,105.1879,38.2108,63.95,10.2819,179.41,37.8578,97.9083,334.368,293.9821,61.415,87.1891,27.2505,148.8179,56.9156,183.1589,146.8121,129.1141,33.1854,54.9622,315.104,334.4564,419.3448,94.3631,362.9526,147.6732,240.4977,139.9482,66.933,117.6407,19.4719,150.323,35.6257,129.931,288.7204,117.3292,99.6751,388.6697,16.846,92.4062,173.22,463.4052,68.8154,69.32,23.9251,223.7218,79.1626,32.8508,39.5866,53.0185,40.0705,34.5392,96.7574,66.3603,67.167,36.0346,31.0843,125.813,72.1878,102.5813
2023-02-01,142.8797,84.64,105.15,57.4182,214.75,32.6779,236.7772,494.8922,146.9648,407.2043,106.0605,38.682,64.522,10.495,181.67,37.8386,99.4833,334.2765,297.5371,62.0602,87.8161,28.0316,149.7045,57.9112,186.0381,148.1597,128.7728,33.1936,54.9712,315.2374,332.9208,418.4306,95.321,366.3608,151.7871,245.2919,138.8681,66.5833,119.6456,20.8732,150.7976,35.4725,130.6702,294.8942,118.7417,100.4514,392.8004,16.6888,93.517,181.41,461.3722,69.2385,67.36,23.699,224.3923,79.6494,32.9456,39.8485,53.6442,39.2818,34.5392,97.4604,67.9222,67.7044,36.301,31.1383,126.4073,73.5568,101.4583
2023-02-02,148.1752,88.31,112.91,57.7059,209.34,32.8689,232.3746,501.0376,144.9493,387.7115,109.7643,38.451,64.4326,10.8983,177.9,39.9568,106.7244,337.7134,308.1475,62.4159,87.7809,29.1115,150.7872,59.3165,189.7017,148.7166,128.1731,32.7432,54.03,316.161,321.3852,413.8502,95.4576,367.203,187.1267,256.7922,136.2163,67.803,119.2391,21.6367,149.4001,35.7709,129.7394,305.478,121.2591,99.6842,398.5183,16.7715,93.6381,188.27,437.0782,69.1445,66.57,23.8556,223.0901,81.4576,33.0563,39.7222,57.1672,38.3862,34.6337,98.2204,69.7769,67.1214,37.1355,31.2057,125.5488,75.8094,98.2839
2023-02-03,151.7906,86.09,103.39,56.9295,206.01,33.1419,235.0883,492.7768,145.3267,387.2443,107.3403,37.7674,63.8338,10.0688,173.46,39.6005,103.7924,338.1521,300.6295,61.761,86.8386,29.2369,149.5179,58.5023,188.4295,147.8812,130.1565,32.2438,53.6267,308.1154,329.5291,415.5611,94.3734,366.1944,184.9062,250.7267,136.091,66.9689,117.8994,21.0297,148.6529,35.5451,130.1409,300.0488,119.8659,95.2548,394.2824,16.3994,92.2376,189.98,438.1829,68.6086,64.4,24.1687,223.644,79.9276,32.8034,39.0067,56.0218,38.3016,34.5676,97.7074,69.1961,66.8573,36.3631,30.5534,125.1809,73.4743,98.9647
2023-02-06,149.0692,83.68,102.18,57.28,206.81,33.0873,238.5611,493.5331,145.4896,391.221,106.5259,37.213,63.1813,10.0003,173.82,39.8027,101.9301,338.929,298.6072,61.3649,86.0899,28.0022,148.6219,58.0584,185.7033,146.7582,130.9222,32.6941,53.9314,307.4107,328.1491,424.6312,93.6477,365.2737,184.4403,249.1933,136.2935,67.7223,116.1625,21.0187,151.0262,35.303,129.0367,297.5107,118.809,95.9124,391.8729,16.1926,91.5547,194.76,441.172,68.4676,65.5,24.3078,222.9735,79.3451,32.6216,38.5765,55.348,38.1278,34.5581,97.4699,68.3517,66.9393,36.1323,30.8143,124.4827,73.3675,98.7967
2023-02-07,151.938,85.91,102.11,58.5327,214.76,33.4512,236.8911,494.4328,149.3061,390.5439,108.2323,37.3609,63.7176,10.2362,173.98,39.8605,106.6254,342.2196,294.9163,61.5832,85.8786,28.3536,150.0032,59.0148,187.0807,146.7941,132.5182,32.3748,53.8418,320.9884,330.1122,423.9342,93.3403,367.3206,189.9519,259.665,137.8845,68.2335,115.7929,22.0991,150.7976,35.1659,127.7774,303.6748,120.2598,97.5654,396.998,15.9197,90.8199,196.81,442.6945,68.7872,67.76,24.2643,224.8005,79.1713,32.0447,39.0956,56.3779,39.3665,34.9549,97.7739,70.06,66.6569,35.9903,30.8008,125.2846,73.5374,101.6175
2023-02-08,149.2559,84.69,100.05,57.3191,213.5,33.2055,236.1415,482.257,145.7984,388.7987,108.3778,37.3147,63.3243,10.2134,174.41,40.0242,98.4333,342.8595,290.917,61.3245,86.1956,27.563,148.6779,58.2644,184.345,146.9828,131.5864,31.9899,53.5281,318.2557,331.1327,425.1291,93.4343,362.7077,181.8332,258.8594,137.171,67.2918,113.5571,22.131,150.446,35.4805,126.4541,298.2751,118.5879,97.0814,392.6569,15.8453,91.2522,201.29,448.58,68.1198,68.68,24.2904,223.7121,78.7974,32.021,38.7822,54.6068,39.0145,34.7471,97.2229,69.2156,66.1468,35.8926,30.2834,124.9167,72.9112,100.7332
2023-02-09,148.2243,83.21,98.24,57.1,211.99,32.4959,233.684,479.213,144.4605,389.1039,107.001,37.4902,63.4405,10.2667,173.03,40.0819,94.1144,336.3606,286.1648,60.9283,85.8081,27.0652,147.0633,57.8303,181.6762,144.9973,129.5385,31.8426,53.4385,316.6562,332.1628,425.5274,92.6488,362.7763,176.3712,255.8412,136.8913,65.7133,112.8826,22.2626,151.87,34.9642,125.067,295.6389,117.3965,97.3384,389.2529,15.6882,90.3877,207.32,450.9101,67.7061,67.92,24.2556,223.3225,77.9368,31.46,38.2211,53.4132,38.6803,34.3597,96.3489,68.8349,65.8553,35.5464,29.8695,123.8223,72.7752,101.1135
2023-02-10,148.5884,81.48,97.61,56.5132,212.89,32.3686,235.0029,478.6003,147.4879,398.4307,104.771,37.1299,63.1635,10.299,173.36,39.8123,93.6786,339.3678,287.0627,60.4594,85.3942,27.1336,148.0432,57.5998,182.0398,145.6711,130.1104,32.4485,53.4385,316.1515,335.399,435.2493,92.0,359.2604,172.634,255.3365,139.5527,67.0317,112.9288,21.1941,154.8761,35.3999,126.1712,293.6987,117.5791,98.2929,390.1613,15.7708,89.3762,196.89,458.8193,68.336,69.87,24.3339,221.2291,78.2063,31.618,38.3614,52.903,40.1953,34.4731,97.0329,68.5177,66.4656,35.6174,30.4634,124.9922,71.9208,105.3755
2023-02-13,151.3828,83.13,99.54,57.2629,215.65,32.4323,235.4583,484.784,146.6646,396.0847,104.3832,37.4348,63.798,10.5903,172.48,40.4574,93.7182,341.8723,293.4017,60.613,85.5967,27.8656,149.3779,58.4238,184.2302,146.2102,131.5219,33.0216,54.3169,318.0748,340.5304,436.2812,92.3415,363.1778,177.868,263.314,140.2567,67.8209,115.6266,21.7154,156.2561,35.4886,127.823,298.4025,119.2894,99.6055,394.7414,15.928,90.1284,194.64,459.8405,68.9094,69.5,24.2643,222.8649,78.9018,31.863,38.5624,53.6538,40.0928,34.8699,97.9164,69.7037,67.2216,35.9459,30.6479,126.0299,72.9743,104.9657
2023-02-14,150.7433,85.95,99.7,57.3763,218.45,32.405,231.8622,481.6922,147.7881,390.3436,104.3832,37.3701,63.9142,10.4932,172.61,40.8522,93.7875,339.8248,288.7768,60.6291,85.2092,27.9534,148.9205,58.6715,184.1441,145.5724,132.103,32.6532,53.4116,318.0177,338.863,435.9282,92.1109,362.3258,177.9176,264.1389,139.7939,68.1887,116.5967,22.8945,154.4982,35.2708,127.102,300.6075,119.126,99.1099,394.5598,15.837,89.9209,209.25,457.5011,68.3642,69.4,24.2469,223.3615,78.2759,31.8709,38.6513,53.6731,40.1061,34.681,97.6504,70.0015,66.6113,35.573,30.5174,125.2846,73.8481,103.736
2023-02-15,152.8391,85.18,101.16,57.8888,217.44,32.3504,235.9802,489.4074,146.2307,391.0398,105.9151,37.056,63.6282,10.4608,170.89,41.3528,96.0262,342.1648,290.8262,60.5321,84.9538,28.1584,149.2846,59.0884,186.0094,143.1737,132.6565,32.8579,53.4116,316.618,326.6271,434.9596,91.7609,362.0124,175.6178,262.0276,138.926,69.0048,117.7793,22.6881,154.7091,34.9481,126.8101,302.9104,119.1837,100.046,395.841,15.9197,89.0824,214.24,456.0344,68.5334,69.02,24.4122,222.9039,78.5888,31.9104,38.8197,54.164,39.4244,34.7188,98.2584,70.3285,66.7389,35.6706,30.7153,124.662,74.7122,103.4241
2023-02-16,151.2451,80.08,98.15,57.2077,212.21,32.0956,233.9117,482.5346,144.1196,384.2879,102.6089,37.0652,63.3154,10.4446,170.75,41.4973,94.6097,338.3806,291.325,60.047,84.672,27.524,147.8006,58.0338,184.2302,142.1586,130.83,32.5713,53.0799,308.0201,317.9108,426.5774,91.0267,359.9655,170.9389,255.0518,137.6145,67.8837,114.9152,21.9287,154.2696,34.6496,125.1492,297.2265,117.5406,98.706,390.3907,15.928,87.8203,202.04,452.4139,68.1386,68.45,24.4469,219.8951,77.8238,31.4837,38.3801,53.3362,39.0368,34.3692,97.2419,69.1083,66.2561,35.3422,30.4814,123.4167,73.0811,103.1212
2023-02-17,150.1037,78.5,97.2,56.7361,211.66,32.1593,235.1167,485.77,140.901,413.2316,102.0174,36.6587,63.4763,10.4285,171.26,41.5647,93.4607,336.8267,288.3414,60.2815,84.9098,26.9481,147.6606,57.7077,184.7372,145.1264,131.2174,32.7514,53.8866,306.1349,320.1825,430.5422,91.3852,353.6779,171.3751,251.0725,137.306,68.2245,115.3402,21.3167,154.9464,34.8593,127.7682,295.1294,117.0698,98.3021,389.4155,16.0768,88.5032,208.31,463.3031,68.477,67.02,24.4296,217.6847,77.5195,31.784,38.02,53.2784,37.6466,34.3787,97.8784,68.2443,67.1123,35.1646,30.8098,124.5205,73.0956,99.156
2023-02-21,146.0989,76.77,94.58,55.3977,205.52,31.4043,228.3989,480.2755,139.3003,407.376,98.9827,36.1968,62.7791,9.8702,170.62,39.6005,90.9248,330.0811,267.982,59.3517,83.9851,25.4353,144.9819,56.3858,179.2849,142.9639,128.8097,32.645,53.5998,309.0294,319.3148,433.7648,90.0875,348.6147,170.582,245.8285,136.2356,66.0631,111.8848,20.5862,154.8585,34.4479,127.677,288.1422,114.5524,96.1727,381.6035,15.8866,86.7829,197.37,456.09,67.6027,66.69,24.5078,214.822,75.9634,30.9779,37.3933,52.1041,37.4594,33.6701,95.6364,66.6239,66.8573,34.4722,30.2339,122.9072,70.6538,99.058
2023-02-22,146.5221,76.61,95.79,54.8862,205.76,31.195,225.7231,476.1117,138.7379,406.6513,98.5852,36.0213,62.4306,9.8783,169.66,39.3694,90.7861,329.8708,268.7075,59.7398,84.1347,24.8594,144.6553,56.4324,179.7727,142.7648,127.8226,32.4075,53.7611,314.2376,320.8357,434.0725,90.3437,347.6451,169.6304,244.6999,135.7824,66.081,110.7761,20.6848,154.8058,34.1897,128.2154,288.3577,114.293,96.1635,381.0775,16.0272,87.5782,200.86,453.8435,67.3489,64.92,24.5861,214.2378,75.2766,31.0411,37.6739,52.21,37.2099,33.6323,95.3989,66.5263,66.7571,34.1614,30.117,122.4921,71.013,97.7749
2023-02-23,147.0042,79.75,95.82,55.613,208.13,31.1677,225.78,472.0435,140.1049,405.3543,98.6337,36.1968,62.7523,9.7651,169.57,37.7904,90.0333,332.2931,271.4372,60.33,84.4606,24.9961,144.9539,56.9033,181.0545,142.7195,128.8466,32.5467,53.8597,316.0087,319.3245,433.6651,91.0523,348.1936,170.5423,247.8716,136.3513,65.3546,110.8315,23.5851,154.9728,34.1252,127.8047,290.8763,115.4075,95.007,383.1046,16.0024,88.434,202.07,456.4428,67.3677,66.38,24.5948,215.3186,75.8417,30.4484,37.716,51.9693,37.7713,33.6606,95.8454,67.6294,66.6751,34.4899,29.9595,122.8223,70.9548,98.6748
2023-02-24,144.3573,78.09,93.5,55.0367,198.15,31.1222,224.0911,467.7072,140.5203,398.0779,97.2472,35.3838,61.7066,9.6113,168.35,37.723,88.2899,332.5764,269.034,59.9662,83.9498,24.5373,144.058,56.0204,179.3614,141.127,130.0089,32.4321,53.6357,331.024,313.5916,434.8601,90.3693,345.8333,168.9067,242.4719,135.5992,65.3994,109.0576,23.2084,154.6652,33.6815,127.0838,286.0058,114.0623,93.2539,379.0121,15.9114,87.2843,196.88,449.6104,66.8318,67.1,24.7774,213.7801,74.5116,30.6144,37.9685,51.2474,37.7223,33.689,95.2944,66.4238,66.2288,33.8507,29.9685,121.2374,69.8382,98.6838
2023-02-27,145.5479,78.77,93.76,55.7702,200.46,31.1222,227.7062,466.1948,140.875,402.0928,97.3926,35.5686,62.4395,9.757,169.01,37.8482,89.0229,334.112,268.4445,60.3704,84.2052,24.3031,144.0206,56.376,179.9927,140.8194,131.1436,32.473,53.6177,327.9962,308.6972,434.0363,90.3949,348.1446,168.0641,243.3865,135.7052,64.865,109.5103,23.4227,154.6212,32.8989,126.9743,288.054,114.2449,94.0249,380.303,15.7378,87.5264,207.63,448.6729,66.8506,66.25,24.647,214.5591,74.6246,30.725,38.0948,51.411,37.8337,33.6796,96.1399,66.7801,66.1559,33.904,29.766,120.8695,70.7023,98.5055
2023-02-28,145.0461,78.58,94.23,56.6123,201.55,31.2041,227.2982,463.4667,139.1013,399.8135,96.5782,35.3191,61.9837,9.7651,169.78,37.2994,89.2111,321.425,268.9252,60.2572,84.3373,24.3324,143.5726,56.2387,180.0023,138.6749,132.2414,31.8835,53.3399,331.7001,303.4324,432.0049,90.429,347.9585,173.4171,242.6665,134.2974,64.1158,109.7506,23.1386,152.5293,32.7295,125.5325,287.6816,114.1008,93.7037,378.8975,15.6385,87.924,205.71,441.8218,66.4088,67.21,24.7166,214.1599,74.5203,30.6697,38.2678,51.4977,37.2901,33.7457,95.9214,66.6337,65.6094,33.9217,29.2441,119.9732,70.6538,97.9353
2023-03-01,142.9798,78.29,92.17,56.5437,204.55,31.0585,235.9518,458.1925,140.2088,400.2999,95.5408,36.0767,62.3144,9.9673,170.76,37.2802,89.5083,318.7369,263.7107,60.0864,83.6631,24.7228,143.2926,55.9027,180.2319,138.0506,131.5034,31.4414,52.7573,333.2997,306.3086,432.0687,89.8653,346.2055,171.9103,239.6018,135.0109,63.0687,109.5565,22.6224,150.5955,32.4149,125.6237,285.3689,113.7645,93.0979,377.444,15.4318,86.9794,202.77,441.1535,66.0609,68.07,24.5861,212.6214,73.5814,30.2667,38.5671,51.103,38.0253,33.6323,96.3014,66.1456,65.1267,33.398,28.7627,119.7751,69.7654,98.8085
2023-03-02,143.5702,80.44,92.13,57.0276,210.06,30.6648,239.2822,464.9122,140.6501,401.8162,95.9092,36.206,62.4395,10.1534,170.66,38.1487,91.1328,321.379,265.7329,60.1596,83.3189,25.5719,144.2913,56.3515,180.6623,137.942,130.1381,31.6542,53.5281,334.9183,307.1666,435.6941,89.9424,348.2328,173.0107,244.3107,135.5992,65.181,110.4805,23.2363,153.3741,32.7699,127.6952,287.7306,114.8695,94.5481,380.3795,15.4318,86.2082,190.9,443.4557,66.6344,68.3,24.7166,213.303,74.442,30.3536,39.0067,51.5843,38.3595,33.4717,97.4319,66.9607,66.0193,33.833,29.3071,120.511,69.5324,99.2629
2023-03-03,148.6081,81.52,94.9,60.2769,215.11,31.2783,242.2522,454.9283,142.7266,410.3419,98.0616,36.5294,63.3511,10.5822,172.49,39.577,92.7673,328.7346,270.6573,60.7778,83.9896,25.7671,146.2886,57.3938,183.178,139.3626,132.5274,31.9654,53.2771,345.0397,310.462,435.3116,90.962,354.0404,183.6374,248.3775,136.9395,66.6433,112.0556,23.8104,153.2237,33.1974,128.626,293.679,116.6567,95.9616,386.48,15.5558,88.2966,197.79,444.254,67.2361,69.86,24.6209,217.8892,75.5722,30.2351,39.5632,52.7105,38.8808,34.0008,98.4864,68.4005,66.0739,34.4011,29.8065,121.86,71.0276,100.5193
2023-03-06,151.3631,81.16,93.75,60.2922,211.92,31.2142,240.9902,462.4138,143.7735,405.9837,97.5962,36.4001,63.1903,10.5013,171.62,39.0365,94.2333,328.6977,270.4396,60.7778,83.8396,25.367,145.9806,57.487,180.4997,140.7561,131.7525,31.9244,54.1017,340.9168,310.9787,437.3884,90.7135,359.3583,183.2905,249.9148,137.1131,67.1578,111.3421,23.4755,153.5334,33.1652,128.0785,294.0123,116.772,96.3655,386.7478,15.5227,87.612,193.81,446.3149,67.2643,70.49,24.5861,220.7909,75.2766,30.1481,38.9225,52.7105,38.8986,34.0291,98.3059,68.7276,66.247,34.268,29.9505,121.8035,70.5081,101.4103
2023-03-07,149.1689,82.11,93.55,59.552,207.92,30.2162,233.5512,464.3952,141.9219,398.774,96.0449,35.7903,62.1356,10.3799,168.62,38.3514,92.9753,318.5988,263.629,60.3467,83.8484,24.918,143.4793,56.739,178.4049,139.4259,127.8779,31.6379,53.788,337.194,302.8571,436.013,90.4565,352.5125,182.9038,247.2684,135.252,66.5711,110.8047,23.2143,152.7724,32.544,125.5325,290.4059,115.1385,94.851,380.8194,15.4731,88.1493,187.71,439.9095,66.4464,67.85,24.8905,217.305,73.5205,29.9585,38.1556,52.1715,38.2214,33.1505,97.0424,67.8734,65.5912,33.4068,29.4601,119.8412,69.5469,99.4501
2023-03-08,150.4185,85.37,93.92,60.2293,207.2,29.8133,235.9992,465.2471,141.0221,404.6295,96.2776,35.9381,62.4752,10.5013,168.54,38.3707,93.3616,321.5539,266.2597,60.062,83.8219,25.3572,143.4233,56.9327,178.491,138.4035,127.1215,31.3759,53.8149,337.9175,304.7194,436.7781,90.3108,351.6213,183.3598,246.8306,134.4516,67.0224,111.0549,24.1045,153.1883,32.3665,125.5507,291.8563,115.5325,94.08,381.4409,15.3904,88.236,182.0,436.8647,66.4652,67.1,24.8818,216.3508,74.3638,29.6582,38.3427,52.2004,37.8293,33.0277,97.2704,68.4347,65.7005,33.8773,29.6851,119.1997,69.4207,97.9976
2023-03-09,148.1751,84.03,92.25,59.3015,201.24,27.9637,228.6361,459.0061,138.8763,401.8924,93.2138,35.1436,62.0194,10.0725,170.2,36.4984,91.4498,314.9256,263.0718,59.7285,84.3426,25.8062,140.39,55.9346,173.5265,136.8472,120.2396,31.2683,53.2951,329.3673,308.9215,433.4533,90.2251,347.1261,180.1083,245.488,132.5327,66.5801,109.2111,23.3619,152.029,31.834,124.629,286.7996,113.63,92.0607,374.4034,15.1506,88.4526,172.92,431.5826,65.7131,66.24,24.8122,214.228,72.6599,28.8837,37.3559,51.026,37.2946,31.6862,95.8359,67.4537,65.0902,33.105,29.4466,117.9921,67.7653,97.2402
2023-03-10,146.1186,82.67,90.73,58.5689,203.07,27.7165,215.3996,450.9846,138.1496,377.5837,90.722,34.9588,61.358,9.7893,173.87,35.2439,89.7757,301.6506,261.528,59.7367,85.8959,26.5675,138.1967,54.9683,168.5238,137.182,123.2931,31.3924,53.071,325.1968,307.1373,433.1345,91.5189,339.9473,177.9474,241.859,131.2309,65.9031,108.859,22.8924,152.2326,31.7776,125.1948,282.7719,111.7563,91.2163,369.0009,15.2416,91.503,173.44,428.853,64.9798,67.14,24.6557,210.4597,70.2518,28.9865,36.5609,50.3041,36.8178,31.1099,94.0499,66.2676,64.7714,32.0485,28.9832,117.1241,67.0905,96.0373
2023-03-13,148.0571,82.01,92.43,58.7251,203.37,26.1049,213.2077,451.8079,137.319,379.7675,89.7815,35.0143,60.9379,9.7327,177.86,34.5104,90.2512,290.4563,261.7199,59.4113,86.9372,26.3039,136.7687,55.2896,165.7785,138.4939,121.0791,31.5414,53.6088,320.0026,316.3703,434.8015,91.596,337.5968,179.3252,247.0447,130.3823,66.1558,108.2753,22.8934,153.7193,32.1567,126.0618,284.869,111.7179,90.9409,368.475,15.1341,91.711,174.48,431.9738,65.2055,65.25,24.4296,208.8336,71.1733,28.8758,36.1868,50.3041,36.0692,29.8817,93.5179,66.6288,65.0993,32.5635,29.4286,118.2185,67.2313,94.9324
2023-03-14,150.143,87.45,94.88,60.2484,207.28,26.3338,214.1281,461.3035,139.0926,383.8015,90.5184,35.0327,61.7513,9.6518,176.83,34.356,93.0842,296.569,260.8521,59.8424,86.1165,27.3385,138.7754,56.3638,168.849,139.2721,124.1879,31.5579,53.806,327.2756,318.8858,436.2043,91.3218,345.5395,192.331,253.7287,131.5684,67.2932,110.2581,23.9869,153.56,32.189,127.6222,291.4153,113.7068,91.2897,374.5659,15.2498,90.2031,183.26,432.8123,65.8165,62.93,24.4296,212.9135,71.8601,29.1445,36.6498,51.7287,36.4257,30.4864,94.5059,68.1663,65.6914,32.9008,29.8155,119.2751,68.3721,95.2888
2023-03-15,150.5366,89.68,96.2,59.6368,198.21,26.0866,206.1482,464.8834,133.0707,372.3862,90.2663,34.4322,59.8386,9.4738,178.21,33.1304,95.2041,287.3999,263.0444,59.6472,87.3608,27.7289,136.8154,56.2975,166.0654,139.6612,118.3208,31.5331,54.1645,316.2753,321.2258,431.1396,92.1957,340.8973,196.0285,258.2527,129.3216,68.1688,109.4891,24.1514,156.3032,32.4956,129.4291,292.9441,113.1592,91.1796,372.2233,15.1423,91.945,180.45,433.6042,65.7225,60.02,24.6905,210.6837,71.8079,29.2868,35.4619,52.287,34.4696,29.6739,92.1784,68.2053,66.1195,32.9186,30.2204,119.1713,68.2702,90.5485
2023-03-16,153.3508,96.6,100.04,60.6332,203.19,26.5261,207.5241,466.415,133.4947,372.987,91.4201,34.9588,60.7681,9.5628,178.57,33.4006,99.3744,290.0696,261.9117,60.0376,86.5754,29.4565,138.4487,57.5728,168.3325,139.3716,120.6178,31.591,54.4625,323.3094,321.2842,431.0759,92.0586,340.8189,203.1461,268.7214,130.5462,68.8096,111.7869,25.4602,156.197,32.5682,130.3964,300.6663,115.1481,92.1801,378.7541,15.2085,91.2257,184.13,439.7435,66.3712,60.05,24.6644,211.7353,71.6514,28.9074,35.8688,53.4613,34.8439,30.2407,93.3659,70.1186,66.165,32.9186,30.4229,120.2846,69.5032,90.0227
2023-03-17,152.5144,97.84,98.95,60.1064,201.05,25.4731,204.0133,466.2139,131.8075,367.6369,90.3633,34.7463,60.0442,9.1421,183.77,32.2136,100.6621,279.4368,263.428,59.6797,87.5991,29.0954,135.9381,57.2172,163.7888,137.8786,116.0606,31.1359,54.2097,315.8548,320.943,424.3625,92.5213,342.4446,193.9072,271.8639,128.4151,68.3042,111.546,25.6436,154.9758,32.3504,130.4329,299.2452,114.3218,90.5921,374.3254,14.9935,92.5949,180.13,437.3959,65.7789,58.66,24.5252,211.6769,70.0257,29.0734,35.3123,52.9512,34.2959,29.2677,91.8364,70.021,65.6823,32.164,30.1305,118.7374,68.6148,88.9624
2023-03-20,154.8759,96.81,97.71,61.32,204.77,25.409,209.0422,468.3582,133.7456,376.2199,91.3522,34.8757,60.9826,9.045,183.84,32.4452,100.2659,284.9511,264.2227,59.517,87.2461,28.461,137.7394,57.5017,165.9124,139.245,117.2876,31.3924,54.7335,323.8063,325.2524,433.3167,92.2471,342.1118,196.088,264.8589,130.662,68.575,112.2965,25.8181,157.1527,32.9231,132.4406,300.3073,115.3115,91.6477,377.9247,15.2912,91.7803,183.25,444.3458,66.5404,59.79,24.3861,212.4169,70.8256,29.5791,36.0389,53.3469,34.9824,29.5933,93.0526,70.2098,66.5929,32.5091,30.3661,120.2423,68.9119,91.288
2023-03-21,156.7258,95.93,100.61,61.0936,204.7,26.1782,213.4164,469.8514,137.8381,383.9351,93.6016,35.1898,61.9032,9.4819,180.37,33.8735,103.931,292.0858,264.378,60.1678,86.4871,27.7777,139.5593,58.3698,168.9734,139.245,120.4333,31.4752,54.4806,326.186,322.7954,432.4604,92.6926,347.2534,200.4002,266.3669,132.3591,68.0243,116.3825,26.1161,157.5244,32.8021,131.4823,304.5963,116.5894,92.281,382.887,15.3325,90.9917,197.58,447.2711,66.6344,61.23,24.3774,216.117,70.5126,29.8241,36.4757,54.4858,36.1935,30.3434,94.1305,70.7772,66.538,32.3213,29.7543,120.9716,70.8158,95.3779
2023-03-22,155.299,97.58,98.7,60.5342,196.16,25.3083,208.7007,466.6639,135.0348,376.6682,92.0115,35.3284,61.6887,9.2877,183.44,32.8602,102.3956,288.7624,258.1484,60.2247,87.6256,27.4557,136.7781,57.5139,164.1811,136.6752,117.3245,31.0863,54.2367,324.1313,322.6881,427.1225,93.2324,343.7864,198.0706,264.9172,130.1991,66.9141,110.7213,26.3843,156.197,32.2777,131.4003,300.4546,114.6581,90.9777,376.3602,15.2085,92.205,191.15,443.0043,65.7225,61.61,24.1947,214.2572,67.8785,29.4843,35.8275,53.5303,35.4237,29.6408,92.3277,70.0728,65.9248,31.1411,29.1696,119.1437,69.2381,93.1949
2023-03-23,156.3813,100.28,98.71,61.3316,197.9,24.6948,208.2167,466.8936,133.6937,373.6927,92.9132,35.818,61.6977,9.2392,185.74,32.561,104.6046,289.8487,259.3358,59.9888,88.1286,28.3341,136.2273,57.9632,163.4524,136.7477,117.0108,30.9621,54.1193,326.2147,324.3164,426.2116,93.498,347.0575,202.5017,270.1419,129.3396,66.6252,112.0834,27.105,155.436,32.4149,131.2178,304.0173,115.4339,90.3352,377.3777,15.2664,92.205,192.22,437.7779,65.8075,60.99,24.2295,216.7402,67.4525,29.5317,35.7852,54.399,34.9329,29.4414,92.0606,71.2126,65.6685,30.9534,28.8705,118.9164,69.1651,92.1434
2023-03-24,157.6802,97.95,98.13,61.038,197.53,24.8505,205.911,474.0822,135.0261,368.5906,91.2165,35.7256,61.51,9.312,183.65,32.5321,104.4461,287.7498,258.5228,59.8668,88.1551,28.6562,137.3344,58.182,164.9309,138.123,115.2304,31.591,55.0045,329.4832,327.7191,432.2601,93.7893,344.374,204.2167,272.9731,130.7171,68.3222,111.8424,26.6943,158.4801,32.5843,133.8916,305.1362,115.9255,90.2617,379.8539,15.3904,92.5949,190.41,443.442,66.7331,60.96,24.3774,215.2309,69.1823,29.7609,36.0764,54.6789,35.068,29.4224,92.4421,71.3985,66.7851,31.7491,29.7724,120.5643,68.9411,92.2504
2023-03-27,155.7418,96.61,98.04,60.1428,200.57,26.0866,206.8504,472.12,136.4018,374.7989,92.7096,35.5316,62.0909,9.3201,181.95,33.2462,101.4942,293.2365,256.9243,59.7204,87.0696,28.4805,138.4415,57.9976,166.7646,138.7111,118.533,31.9385,55.4109,331.7292,326.2274,431.2125,92.6669,347.3023,201.0742,268.8965,131.9782,68.0965,109.1555,26.4471,158.8341,32.4472,133.1889,303.0457,115.8869,90.5554,380.5642,15.6055,90.4198,191.81,448.948,66.9314,64.15,24.2991,215.9807,69.1032,30.0691,36.3442,54.37,35.8154,29.8307,93.2148,70.8457,67.1421,31.6418,29.8087,121.0568,69.0823,94.273
2023-03-28,155.1219,94.56,97.24,59.9375,204.96,25.7478,208.8999,465.9459,137.9938,377.0305,91.934,36.0397,62.1177,9.3848,183.44,33.0242,100.0777,293.1537,256.5133,59.6879,87.0166,28.5878,138.5916,57.7838,166.5246,137.3719,118.8927,31.7647,55.4741,331.9873,329.201,429.4362,92.5127,347.0183,198.9331,267.7776,132.4535,67.916,109.2111,26.3265,158.7809,32.2616,133.563,301.4359,115.5689,90.6105,379.71,15.4814,90.5844,189.19,440.2653,66.988,64.55,24.2121,214.5396,68.9364,30.0296,36.518,53.926,36.3691,29.8212,93.6917,70.5131,67.2611,31.5345,29.8902,120.3275,68.9995,95.4492
2023-03-29,158.1919,96.09,100.25,60.0142,207.97,26.2514,211.5947,469.8706,139.1792,382.2185,93.9216,36.1414,62.8685,9.7489,182.53,34.4525,100.4343,295.2526,258.8334,60.4362,86.8666,30.7644,140.4774,58.6686,168.416,138.7202,119.1326,31.9964,55.8715,334.2427,327.4656,431.9412,92.941,352.111,203.5624,272.9146,133.5497,68.7013,111.6386,26.8986,159.8783,32.4714,133.9737,306.9323,117.1302,92.3544,385.2291,15.713,90.4024,193.88,434.6848,67.6303,64.15,24.273,217.4316,70.4642,30.4089,37.0252,54.6403,36.8734,30.2579,95.0558,71.9904,67.6363,32.2856,30.3254,120.659,70.3094,97.0888
2023-03-30,159.7563,97.88,102.0,60.8058,211.04,25.9126,213.0559,470.4545,140.503,386.1981,95.1141,36.5017,63.6014,9.943,184.18,34.7324,99.939,295.6392,260.6603,60.7941,86.999,31.3207,141.106,59.0963,168.1855,138.8288,118.7728,32.1371,55.8625,335.9726,332.165,431.0211,93.0696,351.8466,206.0307,276.3588,133.8116,69.1346,111.2773,27.2964,160.0199,32.5762,134.5578,309.8376,117.8242,92.9969,387.4847,15.7791,90.8184,195.28,437.9176,67.9419,65.32,24.16,216.5163,71.3862,30.5512,37.2788,54.9009,37.0355,30.1915,95.2561,72.8268,67.8285,32.7058,30.4568,121.3125,70.9229,97.561
2023-03-31,162.2556,98.01,103.29,61.5532,212.43,26.1873,217.136,475.6139,141.1691,394.9801,97.0824,36.4555,63.9232,10.1938,183.22,35.3983,102.7522,301.1352,269.5755,61.453,87.4756,31.8868,142.851,60.0524,171.277,140.2493,120.2119,31.9964,56.0251,339.6999,334.8266,430.6113,93.9092,355.9109,210.095,280.4937,134.8787,69.5769,113.6307,27.6891,161.3207,32.9151,135.6893,314.9904,119.5783,95.5761,392.9461,15.9197,92.179,207.46,440.2746,68.6974,66.44,24.2469,219.5348,72.914,30.7329,37.8847,55.9529,37.2921,30.5238,96.5153,73.8687,68.3776,33.421,30.6789,122.61,72.8171,97.7125
2023-04-03,163.5053,96.56,102.41,61.6424,215.39,26.1782,218.1133,475.767,147.044,396.9986,96.7236,36.5294,64.4326,10.2586,184.54,35.0026,103.3763,300.592,271.9596,61.4056,87.8876,32.1015,143.6297,60.1335,171.3538,141.9233,120.0735,32.1454,56.3592,342.2421,341.9635,443.2637,94.4764,358.9078,211.2152,279.4527,137.5852,69.2068,112.7319,27.8765,161.4977,33.3588,136.4376,314.2248,120.118,96.2369,394.4435,16.0355,92.6125,194.77,460.3976,68.9713,70.27,24.1339,222.9817,72.3345,30.9937,38.1243,56.1846,38.9804,30.5807,96.687,73.7514,68.7346,33.1081,30.4704,123.9833,72.15,103.4776
2023-04-04,162.9739,95.87,103.95,60.8691,213.9,25.6196,206.3285,476.4371,146.2567,380.4199,96.5394,36.5294,64.4416,10.2909,187.98,34.4911,103.7329,297.0293,269.4294,61.2258,88.4535,32.3065,142.4758,59.8951,168.3488,143.4072,118.4684,31.9468,56.1876,341.9554,345.7464,445.0127,94.5967,356.3909,212.8508,279.404,136.3824,69.6491,114.6036,27.3662,160.9225,32.9958,137.0947,313.1648,119.0289,95.4568,392.255,16.2422,93.0729,192.58,459.5219,68.7919,70.27,24.0382,221.677,72.2379,31.3335,37.5747,56.3583,38.2736,30.2959,94.5216,73.3453,68.5973,33.1171,30.6245,124.0022,72.0332,102.4885
2023-04-05,161.1339,92.56,101.1,60.351,210.0,25.3083,202.609,475.8628,146.9835,357.6135,96.8691,36.243,63.9947,10.0563,187.83,33.8638,103.4853,295.9982,263.6837,60.8826,88.8249,32.043,142.8698,59.3544,166.6974,149.8496,118.645,32.286,56.7205,339.8624,353.1757,446.3335,94.9061,356.8421,209.639,276.6409,138.012,70.7052,112.0185,26.796,162.5065,33.5201,138.0346,310.0732,118.9036,96.2829,391.228,16.4407,94.046,185.52,474.4092,69.2074,70.24,24.1078,222.1736,71.8516,31.697,37.4902,56.1749,38.8499,30.2579,93.2911,72.5089,68.9176,32.9472,31.4176,126.1427,70.5577,104.2439
2023-04-06,162.0195,92.47,102.06,59.7398,211.37,25.4914,198.472,465.1898,145.054,353.6243,96.9272,36.3908,64.2985,9.9754,186.49,33.3813,107.398,296.7992,263.629,61.1522,88.8515,32.0235,143.0199,59.7108,166.947,149.4334,118.5149,32.3853,56.7566,340.7894,359.0743,446.4974,94.8202,354.5664,214.2188,283.7044,137.8181,71.2829,111.3885,26.9515,163.1436,33.4798,138.9106,312.1637,119.1831,96.0809,392.7542,16.481,94.2892,185.06,477.7444,69.4436,70.26,24.1252,220.0509,72.3433,31.7155,37.401,56.8795,38.2601,30.3718,93.2625,72.9198,68.9726,33.1707,31.6397,126.4552,70.5723,102.5153
2023-04-10,159.4317,95.48,102.17,60.1956,210.78,25.583,204.5067,472.7039,145.6078,360.9713,97.7417,36.4278,64.2539,10.2909,185.11,34.4815,105.4367,299.1559,265.9674,61.0951,87.976,31.7404,143.5265,59.7206,168.7328,148.6824,118.9054,32.3522,56.6212,342.6817,357.8167,452.4912,94.3819,353.2617,212.8806,281.5542,138.4098,70.7955,112.9543,27.4918,162.1171,33.6653,137.7609,311.987,119.6072,96.136,393.1573,16.4139,92.7688,184.51,479.9523,69.3774,69.76,24.2643,220.4793,72.6769,31.6111,37.5794,56.7541,38.5662,30.4383,94.1114,72.8806,68.9726,33.3406,31.5763,126.3699,70.884,102.0608
2023-04-11,158.2214,94.03,99.92,59.6371,212.32,26.2881,209.3174,477.3177,146.4124,364.3196,97.3635,36.6495,64.4684,10.4123,186.28,34.1727,104.357,301.3745,268.3423,61.2258,87.9407,31.5745,144.1645,59.5141,170.0673,148.6372,119.4911,32.4763,56.5218,342.3855,354.9307,444.3751,94.3561,357.1756,211.9884,275.1719,138.8948,70.7142,114.2422,27.0831,161.8693,33.7138,137.4871,309.9847,119.8288,97.0538,393.2629,16.5145,92.96,186.79,485.3463,69.5474,71.07,24.1773,222.4462,72.9843,31.6914,37.8706,56.6093,38.9309,30.7041,94.6743,72.1958,69.1739,33.5015,31.6034,126.7961,70.996,102.7826
2023-04-12,157.5326,92.33,97.83,59.1699,212.34,26.0775,209.2225,468.4155,146.9315,367.7253,94.959,36.3908,64.8795,10.2505,187.19,33.4103,103.6537,304.0166,265.3006,61.2094,88.1971,31.2524,143.7517,59.17,168.8192,148.3205,119.4725,32.5012,56.6212,343.4367,359.8153,444.6118,94.1584,354.8705,212.1371,275.814,139.1276,70.9399,114.5757,26.4112,161.5508,33.3749,137.8612,307.2464,119.2216,96.9253,391.6599,16.5816,92.8644,180.54,485.5513,69.5758,72.43,24.0469,221.823,72.6331,31.4906,37.8988,56.0205,38.9579,30.6377,94.989,71.7849,68.8627,33.4032,31.5717,126.834,69.8955,102.6756
2023-04-13,162.905,92.09,102.4,59.8933,213.59,26.1507,210.3327,476.5902,148.8956,368.0601,97.7707,36.8897,65.7107,10.0806,189.72,33.3234,106.4174,305.7565,266.8626,61.6262,87.9053,31.3598,144.9151,60.2318,171.0562,150.3021,119.9281,32.4101,57.0366,345.9312,365.7627,448.2919,94.3217,362.5902,218.4318,281.992,140.1462,71.1746,117.1423,26.3793,163.1613,33.4556,138.5,313.2629,120.6192,98.2012,396.8622,16.741,92.1346,185.9,490.2466,70.0102,71.8,23.9338,226.5748,72.4135,31.587,38.2887,57.1884,39.201,30.913,95.342,73.1203,69.2471,33.2959,31.5763,128.4819,71.4391,103.1568
2023-04-14,162.5607,91.75,102.51,59.4424,201.71,27.0297,212.2399,470.2822,149.1984,370.9587,96.8594,36.6957,65.4426,10.1291,186.36,33.2848,107.8438,310.1661,266.8991,61.5118,87.472,31.1255,144.7744,60.0327,169.4624,150.0577,128.9838,32.3522,56.9463,343.7426,365.3532,444.5117,94.0124,365.317,219.5619,278.3923,139.3701,70.4254,116.6975,26.6734,162.3914,33.2297,137.7973,312.6741,120.4746,98.6417,395.8928,16.7158,91.2919,185.0,476.7941,69.5569,72.09,24.073,227.8698,71.2896,31.5066,38.0116,57.1691,39.2731,31.2168,95.2275,72.7143,68.8078,32.7237,31.2227,127.4496,71.5316,103.4063
2023-04-17,162.5803,89.87,102.74,60.1927,205.03,27.808,213.7201,472.8092,147.8833,374.4505,97.2472,36.8527,65.3264,10.2586,185.53,33.9121,104.9711,312.7069,269.8313,61.3484,86.915,31.3695,145.4687,60.1482,171.6418,149.9039,130.0065,32.7163,57.3166,346.3039,363.0327,446.0147,93.4193,365.6407,216.9548,280.9802,139.1955,70.8948,116.9199,26.9166,163.2233,33.2216,137.843,312.9391,120.6384,99.4127,397.3134,16.5984,90.2059,187.04,470.7945,69.878,70.84,24.1947,227.344,72.7735,31.6994,38.2323,56.8409,38.8093,31.5776,95.9811,72.9785,69.2471,33.4657,31.395,127.3454,72.038,102.2034
2023-04-18,163.8005,89.78,102.3,60.6686,208.37,27.982,213.6821,475.6426,147.5372,379.492,97.858,36.8065,65.6839,10.299,186.25,34.0955,103.515,307.3953,273.0741,61.3892,87.0564,31.067,145.5249,60.2072,170.9122,145.6874,131.4662,32.6501,57.407,348.7123,360.6538,456.736,93.7287,365.2092,215.9932,280.5619,139.3605,70.6781,116.9384,27.5795,163.5595,32.7134,137.989,312.9587,120.8312,99.0456,397.5725,16.6236,90.5274,184.31,469.984,69.7458,70.73,24.1078,227.4609,72.6067,31.2817,38.392,56.5514,38.9624,31.6725,96.4389,73.2035,69.4576,33.4121,31.2318,126.4741,72.1549,104.1993
2023-04-19,164.9418,89.94,104.3,60.8777,208.71,27.5242,213.1603,474.8098,147.6756,375.742,95.7444,36.437,65.4783,9.8864,185.36,33.3717,103.198,310.1385,271.2106,61.1441,86.8707,30.4033,145.5156,60.2564,171.133,147.0627,131.2989,32.6584,57.5153,349.1328,361.1997,451.0428,93.2646,365.6799,213.8223,280.6397,138.6523,71.2559,116.4381,27.8427,163.4622,32.4633,138.0164,312.8115,120.5324,98.3572,397.5053,16.5229,90.4405,180.59,452.9539,69.5758,69.3,24.16,226.4579,73.0369,31.0086,38.284,56.1267,38.8274,31.7485,96.3626,72.9931,69.4119,33.6088,31.472,126.8624,72.0867,103.8697
2023-04-20,163.9776,90.11,103.81,60.7357,207.23,27.3777,210.902,483.9513,146.9575,373.4364,95.0851,36.3816,65.4783,9.6033,186.09,32.368,104.2975,311.814,272.7269,61.0869,87.3748,30.1202,144.5211,59.9393,170.2497,148.0128,130.9177,32.6087,57.7682,351.0825,365.4312,446.8891,93.617,367.838,211.2152,278.363,138.2546,71.0843,115.3077,27.0183,164.002,32.1487,138.5224,310.4265,120.5228,98.2563,395.3362,14.8035,91.2137,162.99,454.1277,69.5002,67.6,24.16,228.4346,72.3169,29.8759,38.2417,55.5476,38.4852,31.6536,96.1909,72.5138,69.5766,33.2065,31.4629,126.3415,70.9765,103.041
2023-04-21,162.3737,88.43,106.96,60.7242,205.15,27.3502,210.1388,484.6884,146.3259,369.9352,96.5394,36.0397,65.809,9.5547,184.25,32.3777,104.4164,314.5298,274.0696,61.2748,87.1625,29.5736,144.6055,59.986,170.4705,147.2075,130.6667,32.4515,57.8495,349.993,375.6002,439.5564,93.6772,368.0734,211.0368,278.0225,138.1479,71.301,116.3084,27.0332,164.0728,32.4391,143.3158,310.7503,120.3397,99.3026,395.6432,15.2816,90.7012,165.08,450.7367,69.6891,68.21,24.1339,227.899,72.3257,29.9803,37.9035,55.6827,38.2601,31.5396,95.9715,72.279,70.08,33.2422,31.5536,127.1939,71.7605,103.3707
2023-04-24,162.6787,87.57,106.21,60.8816,205.77,27.2495,213.1534,489.5414,148.3678,371.217,96.646,35.9566,65.9789,9.8379,184.81,33.0918,104.9711,316.6472,275.5311,61.4464,87.587,28.949,144.8963,59.9393,170.3553,148.1033,130.8433,32.4184,57.7592,351.7133,373.7575,438.0716,94.0897,367.5731,210.9376,274.1406,139.05,71.3461,117.7538,26.9565,164.1524,32.1971,143.5728,310.1025,120.5228,100.3122,396.056,14.7029,91.5786,162.55,455.5066,69.8119,69.25,24.0556,226.6429,72.0535,29.8036,38.1619,55.6248,38.8454,31.4637,96.2005,71.961,70.3637,33.1528,31.7122,127.9043,71.7507,105.3221
2023-04-25,161.1438,83.8,102.57,59.6803,202.19,26.4071,208.5742,481.6443,146.2134,363.0185,95.0269,35.2822,65.0583,9.6413,185.75,31.76,102.8711,312.5229,270.6808,61.3484,88.4535,28.1877,142.851,58.8186,166.1502,149.4605,127.9983,32.6335,57.6689,350.8053,375.2102,433.2073,94.5022,361.4915,205.7433,267.9625,137.9345,70.2449,115.5023,26.158,167.8779,31.7292,143.6096,304.2529,118.4603,100.3581,389.769,14.6861,92.9252,160.67,458.2828,69.2547,67.62,24.1687,223.5562,71.3423,29.9642,37.3352,54.7561,38.116,30.9225,94.4262,70.425,70.2722,32.8488,31.6805,126.5405,70.3289,103.8251
2023-04-26,161.1339,85.94,104.98,59.121,203.03,26.0408,206.2464,473.4984,143.6091,358.3693,93.6695,35.4854,65.0136,9.4529,184.74,31.0941,102.7324,309.8348,263.1357,61.1114,88.1087,28.3536,141.2092,59.0176,164.5469,147.1442,125.7297,32.5673,57.3979,348.8365,366.8546,420.4911,94.0897,359.7554,207.5771,287.3723,135.81,66.8599,114.7425,26.8707,166.8426,31.1644,141.9475,306.0981,117.5639,102.3131,388.1182,14.4261,91.9348,153.75,449.9261,68.3952,65.36,24.0904,222.1541,70.6574,29.659,36.8937,54.177,37.6073,30.6282,92.6424,71.4719,69.7231,32.5806,30.9372,124.741,69.9685,102.8717
2023-04-27,165.7094,87.44,109.82,59.334,206.04,26.4529,204.472,479.8257,144.4484,355.729,96.8884,35.9658,65.8269,9.5102,184.75,31.5767,106.5759,314.4746,268.4885,61.3157,87.5339,29.1442,143.6954,60.2195,166.7454,147.488,127.4219,32.8321,57.5153,349.4482,380.5823,423.57,93.7459,366.5334,236.4833,296.5762,137.1584,68.4666,116.4659,27.1399,167.8603,31.2532,143.683,314.4211,120.3397,103.488,395.8448,14.77,91.0226,160.19,456.9319,69.3019,65.81,24.0991,222.9915,72.2555,31.1612,37.3963,57.3235,37.7423,31.1219,94.4739,72.9883,70.501,33.3674,31.3089,125.3944,71.814,104.1013
2023-04-28,166.959,89.37,105.45,60.1102,206.78,26.81,208.7364,481.6922,145.8587,361.6314,99.3802,36.1506,65.8001,9.7314,184.8,31.8855,106.3282,316.1684,274.5264,61.5771,88.1883,30.3154,145.0746,60.6669,168.2047,148.1214,128.5282,32.4929,57.9398,353.0895,385.9545,423.069,94.4764,372.7719,238.228,298.9404,138.1091,69.1707,117.411,27.6612,168.9221,31.3742,143.6004,316.5902,121.6215,104.9015,399.2234,14.8203,92.4908,164.31,458.4413,69.7174,67.5,24.1339,226.6137,73.1423,31.1933,37.8331,57.8158,38.3276,31.4921,95.3897,73.7807,70.8763,33.7519,31.2635,126.4647,71.9991,105.4468
2023-05-01,166.8704,89.69,102.05,61.2087,203.87,26.5902,207.2767,472.4742,144.6992,365.5536,99.099,36.0305,65.7018,9.8788,183.97,32.3101,106.1895,313.5264,271.9323,61.2948,87.1503,29.5736,144.9901,60.6669,168.3007,148.0309,131.2803,32.8983,58.0753,355.8228,395.6555,427.6053,92.9518,372.605,241.0631,297.2864,138.3904,69.3242,118.5228,28.8186,169.6212,31.6324,143.7749,316.2271,121.8624,105.1493,398.8203,14.6777,89.8239,161.83,461.8044,69.9346,66.55,24.2556,226.3995,72.5979,31.0969,37.8143,57.8061,37.8954,31.4067,95.9048,73.8247,70.9312,33.4389,31.3179,127.1182,71.2881,102.1767
2023-05-02,165.8372,89.91,103.63,58.7516,203.25,25.7845,205.2543,473.642,138.4697,367.1608,97.5381,35.6794,65.0404,9.6659,187.52,31.9241,104.3272,306.8981,268.8082,61.2374,88.2849,29.0563,142.776,60.1237,164.8445,149.3248,129.1605,32.6418,57.8134,353.6534,394.0858,418.0044,94.0728,368.8483,237.1574,297.1405,136.0428,68.5479,117.9113,28.1208,170.1256,31.5113,143.6463,313.4691,120.1854,105.0575,394.3379,14.3171,92.0623,160.31,459.6523,69.3397,63.05,24.1947,221.0148,71.3686,30.2615,37.4479,56.7348,36.2476,30.6946,94.9032,73.135,70.739,32.8667,30.9372,126.5689,71.3612,98.1046
2023-05-03,164.7647,81.62,103.65,58.8341,200.93,25.5098,205.7217,469.0952,135.6924,365.6493,97.7901,35.624,65.2102,9.6577,189.11,31.345,104.4164,302.5529,267.712,61.2046,88.8611,29.9152,141.622,59.8238,165.4493,147.3704,126.427,33.3038,57.4882,347.4029,420.4004,412.7029,94.2281,367.7399,234.9666,296.1578,135.1019,68.0514,117.4295,27.7141,170.0637,31.0192,143.4627,311.4178,119.4048,95.4201,391.6311,14.3338,92.5762,160.61,455.9724,69.0847,60.31,24.0643,220.0411,71.0877,30.5105,37.0346,56.5128,35.5632,30.3434,94.5407,72.5187,70.1624,32.6611,30.8511,126.3984,70.7963,96.171
2023-05-04,163.1313,86.61,104.0,58.5424,197.05,24.7132,200.7037,470.3421,135.1646,357.3934,94.4839,35.9104,65.0761,9.4693,190.44,30.5827,103.7032,295.7497,261.0165,61.024,88.8433,30.616,140.2897,59.4994,163.5964,146.7008,124.6977,33.7919,57.5515,344.8226,417.7192,411.6645,93.9694,368.9366,231.4872,297.1405,133.996,68.1597,114.585,27.4748,171.1256,30.8418,142.8015,310.3185,118.0458,96.1176,388.8573,14.1829,91.6617,161.2,453.9601,68.7069,60.7,24.0904,219.6711,71.676,30.0044,36.7951,55.6055,35.167,29.9541,93.5105,72.1713,69.9885,32.9651,31.0868,125.3944,70.251,94.4869
2023-05-05,170.7866,89.84,105.66,60.4575,198.34,25.3724,205.197,478.7066,138.6168,364.5683,97.4605,36.3908,66.0325,9.8215,187.46,32.0978,104.5749,301.0523,264.5516,61.3523,88.3647,30.371,142.5414,60.7406,167.4847,147.1985,127.1336,34.1891,57.8224,350.1458,417.105,414.9528,93.5985,377.3135,230.7536,302.2386,136.3241,68.1597,117.2905,28.5893,171.9131,31.0515,143.279,316.9142,120.0312,98.4031,396.056,14.3674,91.3568,170.06,460.4814,69.5002,63.03,24.0556,225.6887,72.8701,30.39,37.4151,56.3004,36.1215,30.6946,94.9223,73.9813,70.6383,33.4747,31.2862,126.5215,71.6728,96.8393
2023-05-08,170.7177,95.04,105.83,60.3558,197.26,25.3541,204.9108,478.7066,138.0717,363.7647,99.8359,36.4093,66.0504,9.8461,187.69,32.4838,106.7542,300.5828,263.0078,61.18,87.824,30.1553,142.6071,60.8414,167.1007,146.8637,127.4404,33.9905,57.7321,349.4769,421.8921,410.7809,92.9259,378.1472,231.2393,300.2927,136.2853,68.6562,117.5592,29.0588,171.099,31.1967,142.6086,317.6992,120.0409,98.3664,396.1615,14.359,90.0765,171.79,458.9349,69.3585,64.26,24.0904,226.1269,72.4487,30.39,37.2929,56.8699,36.1215,30.7421,94.5788,73.9421,70.4278,33.2422,31.191,126.2468,71.9163,97.2224
2023-05-09,169.0155,95.06,106.62,59.3436,201.88,25.3266,203.6706,480.366,137.6737,364.9032,99.07,36.1876,65.7822,9.715,189.02,32.1171,106.3381,298.9809,265.4285,61.024,87.7176,29.4987,142.0348,60.571,166.6014,145.7236,126.8268,33.825,57.2534,348.5498,417.6607,411.7647,92.8915,375.6263,231.3385,298.6875,136.1883,68.2229,115.91,28.4806,171.7981,31.0434,141.1486,315.6873,119.559,97.9442,394.4243,14.2751,89.7542,169.15,456.8482,69.1885,64.87,24.1687,227.1298,72.1413,30.1811,36.9548,56.5128,36.135,30.6282,94.7887,73.3747,70.2081,33.1349,31.1502,125.4039,71.8968,97.2492
2023-05-10,170.7767,97.02,110.19,60.0881,200.84,25.0153,203.3653,479.2821,135.9173,363.8987,98.0616,36.1691,65.6482,9.7396,188.75,31.9241,110.6966,296.9373,264.0127,61.3933,88.3735,29.3713,141.9035,61.1437,167.4463,146.2665,126.8919,33.6595,57.3528,352.5638,425.0121,412.7758,93.6244,375.2339,231.051,303.8536,136.101,69.4054,114.4368,28.7936,171.9131,30.8982,141.4424,319.1225,120.1373,98.1828,396.2672,14.2919,90.6252,168.54,456.5593,69.5002,64.39,24.1252,225.1921,72.835,30.2293,36.9783,57.0147,35.7253,30.4573,94.4453,74.2699,70.0983,33.4479,31.4358,125.7544,72.262,96.0017
2023-05-11,170.9637,97.1,112.18,60.2224,201.84,25.0794,200.3698,481.4211,135.1646,356.6281,89.5004,36.0397,65.4873,9.7232,187.13,31.9627,115.4712,295.2526,262.7887,61.2948,88.7015,28.2835,141.181,61.1953,166.1598,145.6693,126.4921,33.6347,57.6779,350.7862,424.6513,410.535,93.9866,376.0677,233.7374,301.7132,135.5384,68.6923,113.2415,28.4876,172.86,30.6454,141.773,320.163,120.012,97.4356,395.5761,14.2248,91.5833,172.08,455.3389,69.3113,63.25,24.2817,225.3775,72.036,30.2052,36.6166,57.5841,35.2976,30.4098,93.873,73.9372,70.3088,33.0992,31.114,125.366,72.598,94.2641
2023-05-12,170.0375,95.26,110.26,60.5563,200.7,24.8047,199.9023,483.5122,135.5107,357.7665,89.1901,35.6148,65.3711,9.5594,186.81,31.2678,116.4024,294.1294,265.328,61.0733,88.1696,28.3717,141.0685,61.0576,165.8238,145.4793,124.6791,33.643,57.9037,353.9305,424.661,410.6261,93.4089,374.6258,231.7747,300.6041,135.81,70.3712,111.3792,28.2504,173.5503,30.4579,143.2147,319.0145,120.118,97.8876,395.0578,14.2835,90.8168,167.98,457.64,69.3774,62.07,24.4383,225.7384,72.0272,30.1972,36.6823,57.6324,35.3516,30.2864,93.9397,73.8394,70.5834,33.1618,31.2862,125.1956,71.9845,94.2552
2023-05-15,169.5449,97.4,111.2,61.3862,202.77,25.3175,201.5718,481.5651,136.0125,354.16,90.0336,36.2707,65.8716,9.5348,187.21,31.2389,115.4118,296.4954,263.5651,61.0569,87.9747,29.2047,141.7252,61.2789,167.8495,144.3663,125.7297,33.2376,57.7502,352.4682,424.7393,411.6554,92.9087,376.0873,236.7807,301.0808,136.0622,69.9921,111.0271,28.8614,171.9131,30.3029,143.2606,320.7419,120.6384,98.3673,396.4207,14.2164,89.8762,166.35,453.5688,69.3491,62.99,24.3687,227.1336,71.9043,29.5385,36.9923,57.9027,35.5317,30.5332,94.3976,74.4509,70.4095,33.0992,30.8919,124.9777,72.077,94.435
2023-05-16,169.5449,101.48,113.4,61.5436,200.87,25.0519,197.6699,475.9152,132.8198,346.9564,88.2109,36.012,65.246,9.2153,184.87,30.4379,118.3835,295.3354,257.8926,60.6301,87.691,28.6363,139.952,61.1314,165.4013,144.1763,124.8836,32.2695,57.0999,349.6967,426.8311,407.8388,92.443,372.9779,236.741,303.299,134.0639,68.4576,107.9232,29.1206,171.1698,30.1806,143.0127,321.1051,119.6457,97.1128,393.7716,13.8642,89.6061,166.52,446.9171,68.5841,62.54,24.4296,224.8506,70.1042,28.9601,36.3818,57.8351,34.6583,30.2484,93.1194,74.5291,69.8146,32.214,30.2075,123.9359,71.7848,92.1431
2023-05-17,170.1557,103.75,115.5,63.0816,206.87,26.1599,202.3446,474.8121,134.7233,352.1128,89.9464,36.1783,65.5499,9.4201,184.23,31.3064,119.701,303.9614,267.0818,60.7942,87.4074,28.2933,141.6877,61.8589,169.088,143.8596,128.7235,32.195,57.0366,348.846,427.6327,416.5561,92.4344,379.6088,240.3791,306.1658,135.2861,68.0063,108.3865,30.0825,169.9575,29.9686,142.4066,324.9918,121.1492,97.491,398.5515,13.9732,89.3449,173.86,451.659,68.8297,64.6,24.473,226.9775,71.0525,29.0645,36.6213,58.5397,35.3246,30.856,94.7219,75.5221,69.778,32.6342,30.0987,124.0875,73.2797,94.2103
2023-05-18,172.4811,107.93,118.15,65.0418,207.24,26.0683,204.844,477.7857,134.5573,354.4565,90.9062,35.9843,65.4515,9.5348,181.84,31.7504,121.6722,303.409,269.612,60.8271,86.8667,29.0871,142.4195,62.756,170.1153,143.3981,129.6997,32.195,56.7205,351.8853,428.0433,415.1442,92.0463,384.5329,244.7012,310.5729,135.1891,67.7896,110.1376,31.5778,169.515,29.7484,140.065,331.028,122.4311,98.7824,402.3909,13.8809,88.6829,176.89,446.4606,68.9713,64.04,24.6557,227.9043,70.7101,29.0243,36.8373,59.5918,35.5812,31.0839,95.4087,77.0679,69.4393,32.4286,30.0081,123.7844,74.4192,95.0641
2023-05-19,172.5895,105.82,116.25,65.4592,205.49,25.7387,204.9013,476.2702,135.6232,347.7888,88.5696,36.012,65.8359,9.543,183.64,31.5188,121.6029,300.2514,265.7025,60.8927,86.5387,29.3321,142.2694,62.6012,169.0784,143.7873,129.4022,32.3274,56.7476,355.0392,432.4323,413.9964,91.9342,378.2061,243.5017,310.3975,135.7421,67.23,106.3296,31.1651,169.7628,29.9849,140.6527,330.282,122.1323,97.325,401.8055,13.6796,88.0558,180.14,446.0786,69.0658,63.9,24.5861,227.6214,70.5959,28.9601,36.9313,59.2733,35.8559,30.951,95.1798,77.0337,69.4851,32.375,29.9628,124.3621,73.7959,95.5045
2023-05-22,171.6436,108.0,115.01,65.0869,205.91,25.9493,204.4052,471.8098,133.1856,344.8709,89.0253,36.3077,65.8537,9.5266,183.21,31.7118,123.8713,299.1191,265.5015,61.1635,86.3791,29.6751,142.4101,62.67,171.1425,143.0123,128.333,32.0544,55.5554,350.165,424.231,414.206,91.8997,377.1859,246.1584,313.1665,135.1795,67.3203,102.086,31.0774,165.1612,31.5995,136.9704,331.3912,122.2865,94.9174,401.9686,13.7383,87.7423,188.87,447.7555,68.9052,63.91,24.6035,225.6409,71.0262,28.8878,36.7387,59.8138,35.7073,31.008,95.1607,77.1804,68.4325,32.5895,29.9718,124.4853,73.567,94.3451
2023-05-23,169.0423,108.12,114.99,65.8669,202.6,26.169,202.9265,465.0952,137.0386,344.8518,87.0862,35.7441,64.8885,9.6085,183.43,32.2522,121.4048,297.8763,269.4111,60.8435,86.521,28.9205,141.3875,61.7876,170.3361,142.9576,126.9941,32.013,55.4561,338.2663,413.6934,412.3021,92.0894,366.6118,244.5921,307.3943,134.5198,66.9412,100.7889,30.5909,164.6568,32.3253,135.492,327.1903,120.8119,92.556,397.4573,13.5035,87.9949,185.77,446.6562,68.2536,64.87,24.6731,219.1042,70.3589,29.1127,36.1704,59.0706,36.09,30.6472,94.0161,76.0406,67.9292,32.1872,29.8676,123.1214,72.8951,95.6304
2023-05-24,169.3182,108.27,116.75,65.1982,199.27,25.7295,200.0549,463.0714,137.4055,338.7293,86.359,35.4762,63.941,9.2809,181.95,31.152,119.7604,294.4148,265.9035,60.4167,86.2994,28.4207,140.0927,61.4288,168.5311,142.8209,125.8319,32.0378,54.9864,339.1455,416.1958,412.3841,91.7273,361.4621,247.0406,306.0195,134.1221,67.0134,100.3349,30.4414,163.6126,31.5017,134.3717,325.512,119.9541,91.8827,394.5778,13.3777,87.5594,182.9,447.9512,67.7247,65.66,24.76,216.8311,68.8486,28.8155,35.7571,58.8003,36.2476,30.2484,92.8046,75.483,67.4899,31.4809,29.6727,122.2785,72.6272,96.6999
2023-05-25,170.4514,120.35,115.0,69.9254,200.87,25.7936,200.322,466.7068,135.0378,339.4946,85.4573,35.4023,63.8517,9.3218,180.2,31.2775,122.3161,298.1617,261.93,60.3757,85.7587,26.8527,139.3703,62.5471,167.2158,140.7697,126.1388,31.6572,54.5619,340.799,417.7012,403.3753,91.4255,362.9727,250.4903,317.7883,132.7834,66.2461,99.5844,37.8599,162.6481,30.8493,133.5085,333.4326,121.9492,90.8034,397.9949,12.7067,87.3416,184.47,445.0351,67.4886,64.09,24.8731,217.9335,68.8398,27.972,35.6302,58.8003,35.6037,30.2389,93.1099,78.3789,66.9773,31.5524,29.2739,121.0284,72.301,94.9653
2023-05-26,172.8555,127.03,120.11,77.9782,203.63,25.9218,202.0584,486.5722,134.6185,341.7236,85.6027,36.0305,64.4773,9.9034,180.92,32.1267,123.4354,305.6461,267.4836,60.745,85.9182,28.4207,140.4586,63.6752,169.1168,140.7149,127.3196,31.7234,54.4264,340.4358,416.2154,408.4946,91.8135,367.22,259.7589,324.5844,132.6088,67.1527,99.6122,38.8228,162.4534,30.6617,133.5177,341.9519,123.6358,90.8864,403.1491,13.0003,88.0471,193.17,448.5939,67.7813,64.8,24.8644,219.5237,69.6301,28.1166,35.8087,59.9972,35.4642,30.4858,93.8062,80.6046,67.2061,31.919,29.2739,120.7821,74.0004,94.3451
2023-05-30,174.6981,125.27,121.66,77.0773,204.69,25.876,200.2457,487.3107,133.7797,335.4289,85.147,35.6148,63.8249,10.313,182.04,32.1943,122.5043,304.5598,267.091,61.0076,86.5919,29.3909,140.1959,63.8424,168.4928,140.7332,127.803,31.3179,53.9929,339.1934,417.6327,408.0573,92.5034,360.4812,260.2347,322.9463,132.2595,66.0353,98.6949,39.9841,160.7101,30.1806,131.4791,343.5027,123.6551,90.1669,403.3027,13.1177,88.9268,201.16,447.0382,67.5264,62.3,24.8383,216.2359,69.8935,28.0363,35.6162,60.0937,35.0995,30.4763,93.6631,81.035,66.4373,32.0173,29.1606,120.0339,74.4971,93.5093
2023-05-31,174.6488,118.21,120.58,77.5205,205.7,25.4457,196.2866,490.6968,131.5955,330.9805,85.2828,35.2822,63.1635,9.8297,182.32,31.2775,121.7118,300.4505,260.7796,60.8189,86.9199,30.812,139.436,63.5106,166.8318,141.3622,126.176,31.6241,53.8845,337.9987,419.8029,407.177,92.8052,358.0486,262.4156,320.1967,131.4447,66.7348,97.5274,37.7143,161.3649,31.0042,130.8547,341.5496,122.4986,90.0655,401.0663,13.1932,89.702,203.93,453.9228,67.4697,60.63,24.8818,215.6408,70.2447,28.6227,35.2357,60.0744,34.4827,30.1535,92.3849,80.36,66.5106,32.223,29.428,121.0663,73.8251,91.8375
2023-06-01,177.4471,119.47,122.77,75.7925,207.96,25.6395,199.4539,491.6943,132.941,337.2847,85.8936,35.9104,64.1019,9.9198,183.76,31.9549,122.5538,293.4935,265.3245,61.1842,87.1615,30.5082,140.5431,64.2283,168.6368,140.8882,127.9146,31.5993,54.1916,340.977,426.6748,412.3675,93.0899,363.7966,270.2369,324.2821,132.7543,66.2806,96.0172,39.6442,162.3496,31.0042,132.1954,345.4951,123.5876,89.9548,404.8768,13.2603,90.0539,207.52,459.8759,67.6964,62.55,24.5861,220.9774,70.2535,28.695,35.7054,60.8852,34.9104,30.4763,93.5677,81.1769,66.4556,32.2319,29.2104,121.8618,74.6967,92.8981
2023-06-02,178.2945,117.86,124.25,77.9081,213.32,26.4978,216.2062,491.6848,136.5231,354.9828,88.0072,36.5294,64.9331,10.1491,181.05,33.1743,123.4949,300.2186,272.2707,61.4975,86.4685,30.6846,143.1794,65.0246,174.7524,143.1035,130.6016,31.864,55.2393,345.7536,432.3834,416.7876,92.839,366.5923,270.2369,327.0317,134.2482,67.0891,100.191,39.2026,164.0159,31.2815,134.5462,348.0863,125.3707,91.7812,410.7318,12.757,89.0671,213.97,465.419,68.4708,64.15,24.847,223.2116,71.9657,27.7792,36.9031,60.9624,35.9729,31.1409,96.2863,81.6416,67.3709,32.9114,29.5141,123.4245,76.4497,95.0551
2023-06-05,176.9447,117.93,125.3,76.9775,208.78,26.3409,212.2376,497.1139,135.8678,347.8844,88.2302,36.5202,64.5577,10.313,182.14,33.0291,124.8222,298.5118,269.6578,61.448,86.4418,29.2635,142.6822,64.9582,172.4099,144.3342,129.3185,31.8222,54.869,347.9981,434.27,416.971,92.64,363.4435,269.0275,327.5583,133.9863,66.8529,97.7927,39.0471,164.1318,31.518,134.0136,348.3317,124.7635,92.1778,409.9448,12.908,88.9012,217.61,464.1241,68.3291,64.03,24.8035,221.2408,71.4652,27.6828,36.8749,61.1168,35.7343,30.9795,95.6186,81.172,67.1238,32.7594,29.6546,123.8697,76.6786,94.6327
2023-06-06,176.5801,124.23,126.61,75.7973,207.29,26.9778,216.254,495.2051,136.1124,357.4891,89.3549,36.8435,65.094,10.5915,182.34,34.1033,126.11,303.1405,272.3259,61.547,86.4951,30.3416,143.5547,64.9976,176.951,144.2066,129.5509,31.5965,54.4716,345.0534,433.1068,420.5842,92.8216,372.7033,268.7599,325.3547,133.6952,66.6621,98.713,38.5317,161.7882,31.2897,132.6821,348.2728,125.0526,90.6005,410.8374,13.1428,89.4251,221.31,454.2303,68.0741,63.79,24.8818,222.6555,72.1501,27.8756,37.1098,61.3677,36.0225,31.3687,96.2196,81.1524,66.7851,32.9561,29.6319,122.8373,77.4772,95.4057
2023-06-07,175.2105,117.83,121.23,76.0497,211.93,27.2085,224.716,490.3802,139.6422,365.2667,89.704,36.6852,64.5215,11.1321,180.15,35.0517,121.3453,311.4425,277.57,61.2089,85.8643,30.6552,144.7483,64.1535,180.2618,144.5166,130.8061,30.8942,54.3903,347.4993,426.5574,423.4453,91.9911,364.2969,261.3054,315.3117,132.8382,67.3798,99.5496,37.3603,160.4961,31.7137,132.9667,342.3642,124.3131,90.3238,409.4169,13.5035,88.0977,224.57,449.1623,68.1594,64.71,24.8905,219.7775,73.476,28.3254,37.5513,60.6825,36.9769,31.4921,97.7649,79.9393,66.5655,33.5641,30.135,122.3543,76.9513,97.5448
2023-06-08,177.9201,121.05,124.25,77.1598,218.11,26.9778,223.6666,498.8789,139.1267,364.2622,89.7137,36.9459,65.2041,11.1239,182.53,34.6936,120.9887,311.1829,277.0088,61.5964,86.4418,31.1844,144.9084,64.7517,179.5879,146.1028,130.8433,31.0948,54.5258,347.4226,435.6385,425.6646,92.6053,360.5695,262.2767,317.1448,134.0556,68.043,98.7223,38.3922,162.2694,31.8768,134.4727,346.6141,124.8448,91.4584,411.8933,13.4783,89.1282,234.86,456.7084,68.5482,63.46,24.6905,217.6116,73.0194,28.462,37.4151,60.9913,36.8194,31.4637,97.9366,80.8051,67.0231,33.3585,30.2664,123.1404,78.0907,97.2392
2023-06-09,178.3044,124.92,123.43,77.2001,217.31,27.0147,224.2199,496.1835,138.7947,362.4446,89.1319,37.1135,65.0949,11.255,182.04,35.0614,121.0779,311.693,273.5679,61.6129,86.1309,30.714,144.7294,64.9781,178.1342,145.8749,131.1036,30.8356,54.6161,346.0318,436.01,424.3074,92.3631,362.1683,262.6436,318.6366,134.377,67.289,98.4062,38.6514,162.4922,31.7789,134.5829,347.9392,125.0188,90.3607,412.6322,13.3777,89.0059,244.4,459.8665,68.5292,62.93,24.7687,218.1091,72.5979,28.4941,37.1051,61.0106,36.6168,31.4732,97.679,81.2062,66.9133,33.1886,30.0897,123.5192,78.4949,96.5201
2023-06-12,181.0928,129.19,126.57,82.0684,221.56,26.8855,226.9579,499.723,137.458,370.3464,90.3051,37.188,65.3771,11.2877,181.88,35.4872,122.4746,314.9118,276.7971,61.547,86.273,32.4094,145.2193,65.9061,178.8755,145.7746,131.0944,30.5848,54.3813,347.2308,435.2964,421.7213,92.6572,368.142,268.6905,323.5703,136.0423,67.2073,99.3079,39.3612,162.0912,32.5373,133.5269,353.8183,126.4591,90.8219,416.3756,13.3609,89.268,249.83,458.907,68.8895,60.24,24.7774,220.6555,72.6155,28.6066,37.2742,61.7345,36.2656,31.4637,98.3754,82.9721,66.895,33.1707,30.0353,123.9643,79.8437,95.6483
2023-06-13,180.6199,124.53,126.66,81.6616,220.38,27.1347,234.1511,500.7302,138.4889,380.9748,90.9935,37.5604,65.996,11.5744,180.54,36.4356,122.6628,317.7039,276.0795,61.6212,85.66,33.2326,146.4158,66.3196,180.9261,146.5405,132.0427,30.7687,54.598,358.0215,435.6971,414.8434,92.242,364.2871,268.9581,325.9495,136.9578,67.5434,99.2615,40.8965,161.7704,32.8472,133.2055,356.537,127.2518,91.5598,419.1208,13.2687,88.3859,258.71,457.7145,69.1265,62.14,24.6992,217.953,73.0808,28.5022,38.1384,61.9372,36.4367,31.6536,99.52,83.476,67.1695,33.4121,30.0308,124.5894,80.6715,95.6663
2023-06-14,181.2505,127.33,126.42,85.0254,216.9,26.8762,232.1286,505.6989,137.2483,381.7497,89.6361,37.8398,66.2417,11.6318,180.64,36.1549,122.5043,313.9192,275.7392,61.6459,85.7754,34.8693,145.9824,66.5682,178.9814,147.288,131.5499,30.66,54.9683,359.0286,437.6522,415.0085,92.5275,367.6025,270.9704,328.9234,138.0777,66.6803,104.9133,42.8654,163.2229,32.097,134.4543,359.1281,127.8511,92.8512,419.6199,13.2854,89.0933,256.79,428.4151,69.1265,61.83,24.5774,217.9921,73.353,28.703,37.9787,62.0434,36.063,31.5301,99.253,84.3369,67.5814,33.5909,30.0126,123.3109,80.613,94.5159
2023-06-15,183.2803,124.24,127.11,84.7616,219.41,27.107,236.2785,507.5981,138.2879,388.8958,90.1112,38.1936,66.9426,11.8366,181.91,36.8033,123.9109,315.1437,277.8644,61.9428,86.4418,35.1045,147.81,67.4273,180.4544,149.2663,133.0375,30.8273,55.7237,361.0717,443.7226,418.1266,93.3321,371.8008,279.3766,339.4149,139.5581,67.5524,104.495,42.5225,165.4863,32.415,136.3185,363.4074,129.3591,93.5153,424.8222,13.4448,89.9491,255.9,435.8145,70.0841,63.41,24.4383,220.6555,73.7394,29.2734,38.3028,63.0279,36.4592,31.9479,100.7506,85.4228,68.2587,33.734,30.3389,125.224,81.139,95.172
2023-06-16,182.2062,120.08,125.49,83.2917,219.99,26.9408,233.9889,502.2937,137.3968,389.9577,88.5405,38.0632,66.7969,11.812,181.63,36.7356,122.3656,313.8172,276.3556,61.7861,86.0687,35.6435,147.5557,67.0211,179.0103,149.7221,133.1956,30.9276,56.1241,359.9687,437.6425,421.0794,93.1677,369.3387,278.5539,333.7889,138.8179,68.6698,105.5919,42.5614,165.7803,32.6678,137.3194,361.1206,129.0498,93.9673,423.3751,13.4699,89.5998,260.54,428.8922,70.0651,64.35,24.4817,223.3287,73.6867,29.2894,38.3967,62.5067,36.4052,31.8814,100.5884,84.7184,68.341,33.6982,30.5021,125.2145,81.0172,94.4889
2023-06-20,182.295,118.93,125.78,83.284,212.37,26.6455,230.0584,498.5048,134.269,390.2925,87.0183,37.3184,65.9141,11.6482,179.75,36.1162,121.9397,306.7767,277.3031,61.6212,86.3263,34.3008,146.3216,66.9079,178.2305,149.631,132.5168,30.6182,55.751,353.6284,441.7871,420.3549,93.5051,367.4652,281.8548,329.6157,138.2141,67.9158,101.8271,43.674,165.1299,32.0807,136.0521,360.6036,128.4794,93.4139,421.1786,13.2351,90.2198,274.45,439.0885,69.5342,63.92,24.5513,220.9482,72.8174,28.7673,37.877,62.2022,35.5903,31.643,99.8414,84.1459,67.8212,33.3362,30.1444,125.0738,81.6242,92.3229
2023-06-21,181.2603,112.11,124.83,81.7629,212.08,26.3686,230.3732,498.428,135.3174,398.5293,85.9421,37.1415,66.0142,11.4843,179.49,35.8162,119.4137,301.5358,276.65,61.4645,86.4063,32.2428,146.0389,66.3024,177.8165,149.403,132.3216,30.1584,55.9057,355.518,442.8135,427.3795,93.4013,368.9563,279.1883,325.2377,137.8537,68.8424,102.2361,42.9133,165.2367,31.7218,137.2276,355.6894,128.1121,93.9673,419.0206,13.0925,90.4382,259.46,445.9734,69.5152,65.04,24.4383,221.7091,72.3784,28.7833,37.9998,61.5834,35.8719,31.6048,100.3969,82.9008,68.0608,33.1918,30.3865,125.0928,80.6435,93.3564
2023-06-22,184.2558,110.7,130.15,81.2584,205.61,25.8056,226.4237,502.8213,133.3603,397.6683,85.7966,37.0111,65.6046,11.6236,177.71,35.4775,121.9892,296.4432,277.0916,61.2831,85.9176,32.0566,145.5208,66.8882,176.4975,150.9894,129.7741,30.1584,56.2879,357.4268,447.3882,424.986,92.9168,370.5845,282.4001,331.2343,138.2433,68.2519,102.6823,42.8934,166.9477,31.5832,137.6958,359.8861,128.4601,93.0265,420.5331,13.0674,89.3465,264.61,448.1248,69.5721,62.52,24.5252,222.8213,71.3423,28.7994,37.9101,62.0668,35.3905,31.3569,99.669,83.5773,68.4572,32.7224,30.1535,125.9487,81.673,92.8441
2023-06-23,183.9404,110.01,129.33,79.3022,205.41,25.6118,223.657,503.0515,132.2333,386.9156,85.4185,36.4711,64.5852,11.4843,178.2,35.013,121.1868,291.9258,276.7512,61.1759,86.273,32.3408,144.5882,66.2753,173.8404,150.8617,129.0954,30.0246,55.6964,355.4606,448.5222,421.2536,93.1763,372.5562,286.2166,326.6612,137.1818,67.3798,101.8085,42.0798,165.8071,31.2326,136.3276,356.3184,127.6481,90.7112,417.3539,12.9583,90.2373,256.6,446.2073,69.0317,62.42,24.6557,223.953,70.3589,28.5263,37.6033,61.9315,35.1361,31.2234,98.9124,82.6704,68.0055,32.3704,29.7104,125.5302,80.7264,92.0352
2023-06-26,182.5511,107.51,127.33,79.2521,205.58,25.9256,226.0516,502.0731,134.5573,392.4067,86.0003,36.5921,64.6671,11.5581,178.51,35.5162,117.2245,289.7459,283.2649,61.2089,86.4863,32.674,145.2287,65.559,174.0137,149.1752,129.4115,29.7236,55.7146,355.5755,442.5789,415.2378,93.2802,370.2118,276.0459,320.4014,136.3637,67.4888,103.8722,40.5077,164.7556,30.0828,136.4654,351.5418,126.9618,90.6097,415.6487,13.1093,90.3334,241.05,448.1342,69.1929,62.73,24.6296,220.7823,71.9833,29.0083,37.995,61.3127,35.7675,31.1566,99.736,82.0773,68.0977,33.0925,30.0027,124.817,79.692,93.7339
2023-06-27,185.3002,110.39,129.18,81.8342,209.43,26.064,229.6196,508.7014,134.1379,391.7562,86.3493,36.9646,65.2315,11.8038,177.69,36.271,117.2146,290.757,288.6469,61.415,86.1842,33.4188,146.4346,66.5682,176.5264,148.8652,129.4208,29.7487,55.5963,360.4098,454.0549,415.5588,93.1763,374.4983,284.5512,326.2225,138.4088,67.1436,105.6105,41.7479,165.9407,29.6995,137.7601,357.5863,128.6824,91.0617,420.2056,13.2854,90.0976,250.21,451.4084,69.6385,61.3,24.5687,221.7969,72.8701,29.3617,38.5331,62.3472,35.8492,31.4046,100.9332,83.6949,68.3005,33.4536,30.0119,124.5317,81.4046,93.9676
2023-06-28,186.4727,110.17,129.04,81.7899,210.72,25.9071,230.7453,511.0706,135.3523,387.6331,86.1263,36.7411,65.277,12.1151,177.28,36.9581,119.0472,290.9518,281.9953,61.7696,86.5307,32.8994,146.3027,66.6962,177.3929,148.5644,128.8536,29.2805,55.0775,359.6617,448.3853,412.3583,93.583,372.9681,282.8065,327.4706,138.1946,66.7167,105.0714,40.9912,163.6952,29.5935,137.7326,358.2841,128.3828,90.9602,420.4175,13.2351,90.4818,256.24,443.8219,69.2782,62.52,24.6818,222.4018,72.9755,29.5786,38.2688,62.6275,36.2126,31.3283,100.9332,83.7439,67.8396,33.5439,29.5687,124.1323,81.7266,94.7316
2023-06-29,186.8077,111.24,127.9,83.201,211.83,26.4517,233.0063,510.0058,136.5056,385.4068,86.2426,36.5456,65.186,12.2461,177.09,36.9678,117.9774,299.6991,283.2005,61.6047,85.6422,32.2526,147.452,66.7652,179.4339,149.6037,133.3537,29.2805,54.6225,363.7094,454.0451,419.4929,92.8736,380.2661,279.0793,326.6905,138.7302,66.1443,105.3874,40.6971,163.8556,29.4548,137.1725,357.5666,128.9531,91.0248,422.0745,13.4029,88.8488,257.5,445.6833,69.7523,62.96,24.7861,228.6068,73.7906,29.7152,38.7502,62.2892,36.6304,31.8719,101.91,83.891,67.7751,33.8508,29.5687,124.9406,81.8145,95.9
2023-06-30,191.1235,113.91,130.36,83.6698,211.16,26.4794,234.733,516.423,137.4754,388.823,86.5626,36.8342,65.9869,12.3936,178.27,37.3162,118.5717,299.1889,285.795,61.9015,85.8288,32.772,148.6861,67.735,180.2907,150.8982,135.2224,29.6818,54.8045,365.5222,458.4342,422.189,93.5571,385.7885,284.4818,332.0435,140.4832,67.4071,102.5987,42.1726,165.0497,29.9115,139.3396,363.0804,130.3741,91.3753,427.0553,13.3777,89.8967,261.77,449.6123,70.4728,63.55,24.6818,231.6897,74.1991,29.8759,39.1136,62.9176,36.8666,32.1484,102.7816,85.2243,68.365,34.0223,29.8977,126.2244,82.8537,96.3943
2023-07-03,189.6356,115.82,130.22,84.5389,210.92,26.9501,235.9542,518.9744,137.3531,390.0609,87.7455,37.2439,65.9141,12.4837,178.47,37.7033,118.7698,302.9643,285.2245,61.8046,85.4565,32.9484,149.2514,67.6685,180.6566,148.9199,136.3102,29.941,55.1321,362.7215,451.0442,424.2065,93.2949,386.4359,283.5302,329.5571,139.9963,67.5706,101.4274,42.2832,165.3883,29.887,140.0375,363.9354,130.2001,91.4584,427.5467,13.5203,89.3871,279.82,447.0305,70.397,63.39,24.7079,232.1678,74.9273,29.9482,39.26,63.1303,36.9529,32.3296,102.8007,85.0429,68.8996,34.2931,30.1215,125.1879,83.854,96.5831
2023-07-05,188.5222,113.95,130.38,83.1326,213.31,26.8393,233.5692,519.0607,136.5668,388.3144,87.0571,37.0204,65.1768,12.5738,177.84,38.1485,120.6024,296.8792,285.9421,61.6139,85.0468,31.8606,148.4977,67.7596,178.8563,148.4276,135.4022,29.9744,55.5417,352.2473,455.2279,424.3716,92.6266,387.1911,291.8074,329.7132,139.6262,68.0884,99.5589,42.1875,166.2615,29.7321,139.7987,363.9256,130.0841,90.8219,426.9108,13.4783,88.5377,282.48,440.8004,70.2832,64.63,24.8209,233.6117,75.096,30.1088,38.2924,63.6136,36.7485,32.2629,102.2452,84.5184,68.7798,34.4646,30.4642,125.1213,83.8881,96.0887
2023-07-06,188.9952,113.48,128.36,81.7957,212.62,26.101,229.5146,515.454,133.57,384.9654,86.039,36.2662,64.0483,12.2707,177.31,38.1872,118.9778,290.3397,277.8644,61.1662,84.3521,31.3314,146.9151,67.3067,175.968,147.3245,134.0635,29.8156,55.1139,349.6479,452.7938,423.3444,91.6892,386.1892,289.4482,332.7553,138.2044,66.3351,97.6997,41.9742,166.2794,29.0553,139.5691,361.154,129.0595,88.7372,423.5678,13.3106,87.2855,276.54,439.0604,69.9134,64.44,24.76,233.0556,74.5188,29.8277,38.0139,63.1109,35.9219,31.9863,101.4791,84.293,68.6047,34.275,30.0941,124.1228,82.5366,92.5026
2023-07-07,187.8817,113.17,129.78,81.6751,212.1,26.3317,233.903,503.6366,134.7408,388.9093,85.9421,36.6759,64.5306,12.2707,178.64,38.3323,118.3538,292.3525,278.5912,61.2242,84.2452,31.2138,147.0941,67.0113,177.8261,145.1821,135.1213,29.6484,54.3859,349.6287,441.9142,420.6575,91.6024,381.808,288.0009,328.8063,137.6687,65.4539,97.1048,42.3729,163.1427,28.9737,136.6398,359.9549,128.4601,88.5988,422.4984,13.326,86.7601,274.43,431.7826,69.5058,65.85,24.5513,230.6848,74.3501,29.3559,38.3443,62.8886,36.694,32.034,101.7089,83.9253,67.7106,34.1125,29.8748,122.6773,82.6391,92.7183
2023-07-10,185.8421,113.58,127.13,84.6633,213.31,26.4517,237.3661,505.5167,135.6407,390.6462,85.4185,36.7038,64.7127,12.3444,178.78,38.3614,115.3524,293.5584,285.4637,61.531,84.6817,32.086,148.0738,67.0704,180.8684,145.4191,135.8796,29.5982,53.9764,352.5446,442.9699,422.189,92.0798,385.2265,291.5398,323.5508,139.1782,65.1451,98.3318,42.0509,164.2298,29.096,136.6949,360.0729,129.2915,91.4399,423.5678,13.0357,86.8739,269.61,433.1577,69.7997,65.54,24.4904,232.3532,74.6697,28.7344,38.3349,62.7242,36.9802,32.1771,103.1551,84.1459,67.6921,34.2299,29.7469,123.6473,82.8928,94.0934
2023-07-11,185.3199,111.32,128.78,85.08,218.76,26.7839,241.2203,508.0394,138.1482,397.0852,86.7662,37.0763,65.2952,12.4755,179.45,38.6807,116.0358,297.6492,288.5734,61.8626,84.8598,32.6348,149.6564,67.4027,182.7265,144.6168,138.0046,29.7905,54.1675,351.8636,429.5095,427.6088,92.5138,390.7668,295.6933,324.1748,139.5483,65.5811,99.8285,42.2752,163.9447,29.3733,135.9787,361.8518,130.1615,92.3254,426.2654,13.0016,87.3205,269.79,433.0081,70.2927,67.03,24.4296,234.6848,75.7353,28.6117,38.7125,63.8167,37.7932,32.5585,104.3714,84.3272,67.7935,34.618,30.117,123.6758,83.5856,95.2439
2023-07-12,186.9851,114.58,130.8,85.842,217.11,27.0977,241.9358,516.0585,139.4762,391.2028,87.4061,37.905,66.5421,12.4673,181.88,39.1065,117.809,302.7695,292.1247,62.3434,85.688,33.3012,150.2877,68.0968,184.7193,144.1154,138.688,29.8992,54.4587,359.3068,430.6924,423.6379,93.3296,393.6057,306.6471,328.7869,141.126,66.7439,100.1724,43.7677,163.2229,29.3488,136.6858,366.422,131.3601,93.294,429.695,12.9077,88.2925,271.99,422.5405,70.4254,67.87,24.1426,236.3044,76.1438,28.5054,39.2222,64.5901,38.1429,32.7683,104.1894,85.2831,67.9502,34.7805,30.5556,123.343,84.337,95.7112
2023-07-13,187.7438,115.92,134.3,85.8816,216.85,27.3839,244.0918,516.49,137.6152,393.0069,87.7164,38.3984,67.607,12.4427,182.01,39.1936,123.3661,304.8844,289.4383,62.7165,86.4006,33.1934,150.9283,68.9706,186.2115,144.7809,139.362,29.7989,54.9228,361.7431,424.925,427.6913,93.9892,393.4781,310.6818,334.1106,141.8175,66.962,100.2468,45.8363,167.1081,29.4059,136.7776,372.6434,132.6071,93.7183,433.1056,12.9077,89.2207,277.9,418.8455,70.5108,69.09,23.9773,237.3776,76.6322,28.3255,39.529,65.5375,37.9976,32.8828,104.3235,86.3958,68.2359,35.0152,30.6606,123.3905,85.1275,93.9586
2023-07-14,187.8916,115.94,134.68,85.7099,213.12,26.867,243.8629,524.4036,134.1816,397.8624,85.9227,38.1843,67.2247,12.2707,181.43,38.7098,124.2378,302.5747,291.1862,62.2605,85.9731,32.4878,149.8637,69.1479,184.392,145.7473,140.2045,29.9744,55.4234,363.1243,439.353,425.7929,93.2601,395.3935,306.1812,336.6262,141.6909,66.4986,100.3491,45.3299,167.7141,29.6179,137.7877,372.5647,132.6748,93.7275,432.8357,12.3784,88.6953,281.38,449.1725,70.4728,67.47,24.0208,237.2312,76.4812,27.8104,39.2977,64.9188,36.9938,32.6634,104.017,86.2684,68.4664,35.0152,30.5419,125.2449,85.347,90.723
2023-07-17,191.1432,118.32,133.56,87.8098,211.87,27.1347,245.6182,530.4083,134.0593,403.6105,82.9558,38.2308,67.1428,11.5417,181.56,37.5001,123.475,303.5116,290.7722,62.3766,86.1155,33.6834,149.9579,69.6623,186.3655,145.018,143.584,29.6902,55.3415,366.5101,437.0853,430.9834,93.4164,395.089,307.916,337.1041,142.5479,66.0081,101.0555,46.3188,165.415,29.2428,136.8143,376.0439,133.4191,93.1003,434.3386,11.5503,88.7391,290.38,452.8301,70.5202,66.58,23.9947,238.041,75.9839,25.7252,39.3355,64.6868,36.9211,32.9781,104.4097,87.3713,68.2636,34.7173,30.1901,124.6743,85.6935,91.1185
2023-07-18,190.887,117.93,132.83,87.1423,211.57,28.3345,251.6762,531.0126,134.3301,414.1278,83.3339,37.9515,67.5797,11.6072,183.64,37.8678,122.5934,312.8525,291.4255,62.5507,86.2135,33.8108,150.9753,70.2457,188.6665,145.0089,143.8461,29.6902,55.123,368.582,441.054,417.8972,93.6508,391.1204,309.3336,350.5207,143.551,65.4539,101.9944,47.3487,164.3635,29.5527,137.0715,379.1203,134.1538,92.9434,437.5661,11.482,89.1419,293.34,467.7224,70.7004,67.96,24.0121,234.8995,75.5666,26.3876,39.6423,65.1315,37.2936,33.3501,104.9939,88.3615,68.1899,34.4285,29.9571,125.5968,86.0448,90.705
2023-07-19,192.2369,116.43,135.36,86.9436,208.6,29.1005,251.9062,531.5113,135.1514,418.5516,84.3908,37.877,67.5433,11.5499,183.67,37.9646,120.8797,315.8951,293.9279,62.6004,86.5074,33.7716,151.8044,70.2432,189.4656,144.7171,144.3984,30.2169,56.0968,359.4123,443.3608,414.0548,94.1802,391.2285,313.2591,346.2208,143.1322,65.4994,102.1432,46.9329,165.9763,29.7158,138.0081,379.0318,134.1828,93.9304,438.539,12.4552,90.1489,291.26,471.1836,71.0322,67.69,24.1078,235.5336,76.4191,27.7777,39.4299,65.3152,37.5116,33.4931,104.946,88.1409,68.8812,34.8076,30.2632,126.1769,86.3473,91.3342
2023-07-20,190.2958,110.25,129.96,85.6867,213.61,29.2482,250.3148,534.2452,136.6454,421.8719,83.586,37.5977,67.1974,11.4925,182.74,37.9936,118.0764,325.4587,293.5691,62.3268,85.8216,32.7034,152.6428,68.9706,187.8097,153.5056,146.177,30.4343,56.7794,366.021,453.3902,418.1815,93.5466,391.0221,299.8866,338.2156,141.8662,67.3162,99.9586,45.3807,168.6853,29.9849,139.1272,370.2944,133.2064,93.0541,435.6296,12.515,89.0543,262.9,471.6887,71.4684,68.05,24.2469,233.7775,76.1704,27.5078,39.5243,64.0197,37.9521,33.7411,105.4153,86.3811,69.4711,34.6903,30.816,128.2691,83.4051,92.943
2023-07-21,189.1232,110.95,130.0,86.498,211.8,29.5159,247.0167,535.1085,138.6462,419.2809,84.5265,37.5418,67.3339,11.4106,182.18,37.3065,118.8887,326.479,294.8387,62.4844,85.8929,33.3404,153.0573,68.7565,187.2128,155.1557,145.0537,30.3674,56.8249,368.841,451.6502,417.0352,93.7115,390.4623,291.6985,335.193,141.5642,68.9515,101.3809,44.1734,169.4517,30.4986,141.3172,369.1838,133.3225,94.8436,435.6296,12.6003,89.0806,260.02,473.8309,71.876,68.99,24.3165,233.4165,76.5256,27.7041,39.529,63.3816,38.2882,33.6266,104.9173,86.337,69.7107,34.8437,31.2774,129.5624,83.4246,93.3744
2023-07-24,189.9213,110.61,128.8,86.9648,215.87,30.1342,248.6658,540.931,141.3808,424.7122,83.9642,38.0539,67.1701,11.5597,181.4,38.0323,120.3845,332.9444,299.1076,62.3766,85.688,32.9582,153.6979,68.9854,187.6749,155.967,147.9089,30.3925,56.8431,368.9848,448.9914,418.906,93.5987,397.6332,289.0715,336.4995,141.4571,68.5881,101.1113,44.4755,170.1289,30.5883,141.77,369.7735,133.9121,94.8067,437.5757,12.7625,88.7566,269.06,475.8421,71.9803,70.69,24.4035,234.8702,77.1561,27.7858,39.6517,63.4976,38.9059,33.9509,105.1567,86.489,69.978,35.1777,31.1952,129.2771,83.9711,94.8394
2023-07-25,190.7786,113.0,129.13,88.5467,214.12,29.6728,251.2448,542.1395,142.0274,428.3011,83.0237,38.3705,67.2429,11.245,182.41,36.6969,121.058,329.0206,299.126,62.3351,85.5277,33.4188,153.6226,69.3792,187.6557,157.1613,146.8043,30.5597,56.652,375.0757,447.2514,416.4758,93.4511,394.1852,291.9066,342.2231,142.5089,68.5336,100.6744,45.5392,170.521,30.2214,142.1026,372.2797,134.7434,94.9359,438.7703,12.6345,88.5902,265.28,477.9469,72.1131,71.16,24.3774,232.8702,76.6055,27.9985,40.3644,63.7007,39.1103,33.7315,105.0226,87.4792,69.9596,34.9159,31.25,129.2201,83.7759,94.9832
2023-07-26,191.6457,110.09,128.15,86.1449,232.8,29.9127,247.6591,543.0795,140.9614,415.4617,83.2467,38.594,67.425,11.3195,183.3,37.0549,128.0515,331.6736,303.2293,62.5838,85.8216,33.6736,154.0842,69.2316,189.1382,157.4622,147.6842,30.4009,57.38,372.3611,443.3903,415.247,93.8851,395.2953,295.9709,329.3426,141.6811,67.5615,101.604,45.3129,170.7348,30.3437,142.2505,371.0414,134.6951,93.8382,438.8377,12.7113,88.6778,264.35,475.2061,71.9045,70.66,24.3078,231.319,76.9518,28.0802,40.2275,64.6964,39.1239,33.9318,105.76,86.3027,70.0426,35.0423,31.25,129.1345,83.7564,94.453
2023-07-27,190.3845,111.1,128.25,86.1874,233.75,29.4882,247.6399,538.9166,139.4936,411.3065,82.7619,38.1191,67.2702,11.3692,180.42,37.713,128.1803,328.8444,303.3397,62.0864,84.8865,33.8598,152.7841,68.8377,186.6929,158.3464,146.0554,30.2671,56.8249,368.9273,444.7588,411.4229,92.7394,387.5251,308.9965,322.4685,141.3305,66.5622,100.0888,45.7596,167.9992,29.849,140.5594,370.1568,134.0958,92.9619,435.9282,12.3869,86.9527,255.71,472.6149,71.3546,71.43,24.5339,228.7238,75.2824,27.4342,39.9679,65.2378,38.8741,33.5027,104.8502,86.0527,69.425,34.3021,30.6972,128.1835,82.8879,94.7495
2023-07-28,192.9562,112.96,132.21,86.7912,238.69,29.442,249.682,540.3458,138.8034,409.8575,83.5085,39.0409,67.7526,10.98,181.86,36.8227,131.3303,327.6571,304.8669,62.4429,85.1626,36.0943,153.4436,69.9232,189.1093,159.0667,146.8885,30.2336,56.8613,372.8407,448.1703,411.753,93.3469,386.0124,322.6467,329.9276,142.655,66.1807,100.9719,46.607,169.5853,29.7418,144.5329,376.8991,135.2655,93.3954,440.1961,12.3357,87.3994,266.44,470.4446,71.5063,72.09,24.4991,230.0019,75.2203,27.8267,40.2464,66.5236,38.9922,33.5694,105.5015,87.2243,70.144,34.2028,30.6287,128.5639,84.2931,93.6171
2023-07-31,193.5671,114.4,133.68,86.6812,238.85,29.5343,254.2264,537.8038,142.9884,412.2469,86.1845,39.0595,67.7708,10.9386,182.35,37.1323,131.469,330.1059,307.1394,62.5921,85.2695,35.0555,153.924,70.0635,191.3044,152.7306,147.8715,30.2504,56.3607,374.7207,444.3286,409.3412,93.6074,387.309,315.8265,327.5388,142.918,66.5895,102.6173,46.586,167.0457,29.7335,144.4313,377.0956,135.3041,93.6906,441.0343,12.3954,87.6095,267.43,473.6813,71.4494,73.17,24.5426,231.9336,75.7087,27.8676,40.4588,66.5043,39.7325,33.6934,105.7504,87.4253,69.8214,34.4736,30.6424,127.5748,84.7713,96.3853
2023-08-01,192.7394,117.6,131.69,88.7406,238.01,29.1836,276.7374,532.8159,141.8002,415.9319,86.3202,38.566,66.9244,11.1125,180.46,36.8904,130.31,331.822,305.511,62.2823,84.7712,35.0849,153.4059,69.8666,190.4283,153.9705,147.1413,29.9995,56.2151,372.7736,442.9015,413.8439,92.6746,390.0497,319.9007,327.9483,142.9375,65.5629,101.697,46.3647,166.4754,29.3625,144.385,376.2209,135.3041,93.4046,439.7722,12.2076,86.1739,261.07,472.1565,71.2882,72.96,24.6557,233.9336,75.5844,27.3361,40.2794,66.4173,39.5463,33.6934,106.0665,87.5723,69.4434,34.4104,30.2677,126.9092,83.8101,95.8281
2023-08-02,189.7538,109.35,128.21,86.0687,231.38,28.7867,275.702,529.8232,139.5548,413.1394,83.6733,37.6442,65.6774,10.7979,179.6,36.184,127.1699,325.6812,302.2265,62.0157,84.6015,33.703,152.1246,68.5128,187.8385,154.9004,145.4749,30.3674,56.388,368.112,444.2603,411.3495,92.1085,383.1244,311.5739,319.3289,140.5709,65.3267,99.94,44.1335,167.8031,29.1481,144.6992,367.9651,133.1968,94.2072,433.6546,12.2503,85.2519,254.11,472.2126,71.0986,71.48,24.7426,231.7678,75.1492,27.2462,39.7791,65.1702,39.0286,33.4073,104.9556,85.4057,69.6923,34.266,30.2677,126.9947,82.3073,94.6327
2023-08-03,188.3645,113.15,128.91,85.3626,231.36,28.9898,269.8345,534.9454,139.5024,406.8156,82.8879,37.7932,65.4954,10.8475,179.54,35.7291,127.2392,327.5922,303.4686,61.8158,83.9765,34.1734,151.616,68.3208,187.3091,155.5659,146.3643,29.7403,56.0968,365.2057,439.0598,410.7626,91.2811,386.0615,310.4636,318.5098,140.532,63.6824,100.9905,44.3788,166.7427,28.8595,145.0781,367.3754,132.9454,94.3916,432.4119,12.0284,83.285,259.32,472.2687,70.8331,73.14,24.7253,232.9385,74.3323,27.0335,39.5337,65.0058,39.4237,33.4264,104.2947,85.0576,69.4987,33.7966,29.5779,126.3576,82.5025,96.2775
2023-08-04,179.3193,115.82,139.57,85.0414,231.36,28.8883,265.0313,529.5258,139.1879,406.9116,83.6733,37.7467,65.6774,10.6736,180.19,35.3904,126.9024,327.6478,300.3221,62.1823,84.8694,34.562,151.0696,67.991,186.9336,154.1072,146.0554,29.4979,55.2505,362.3954,439.3825,408.7451,92.2304,384.4308,308.0251,319.6019,140.4248,62.8376,101.1485,44.5433,164.4971,28.876,143.4887,365.6554,132.2011,92.8696,430.4561,11.9515,84.7601,253.86,470.2762,70.4444,73.79,24.6035,233.1629,73.7285,26.6738,39.444,64.8608,39.4782,33.2929,103.6627,83.9008,68.8074,33.4626,29.2352,125.9106,83.7027,96.5471
2023-08-07,176.2254,116.81,142.22,86.5278,238.25,29.4236,270.0262,535.636,139.6946,413.8879,84.1872,37.6908,66.2326,10.7151,179.78,35.8936,130.2902,329.8183,302.8429,62.2989,84.6641,34.6505,152.4355,68.4857,187.0587,157.8086,146.7481,29.2637,55.6873,369.2534,443.8692,412.4684,92.004,389.8532,313.8043,321.8737,142.3141,62.3561,102.7009,45.278,166.5378,29.4202,145.0042,368.7513,133.6801,93.8474,434.2133,11.9601,83.926,251.45,477.7691,71.0701,73.82,24.6209,235.6215,74.652,26.6002,39.7036,65.8662,39.5236,33.7602,104.9364,84.1361,69.3697,33.8869,29.2306,127.3656,84.5615,96.3494
2023-08-08,177.1614,113.23,139.94,85.1871,238.04,28.8606,271.2151,533.4394,139.4849,413.0722,85.4476,37.2346,65.8322,10.6654,178.64,35.6517,130.1614,323.0469,301.5917,62.4322,85.0927,34.4439,151.7573,68.1584,185.8842,157.8815,145.9243,28.8123,55.4416,366.1937,509.8709,412.1841,92.3698,386.2383,309.9184,317.9151,142.0317,62.4197,101.9665,44.5273,164.3546,29.3872,145.1612,365.6161,133.1485,92.8881,432.3251,12.1052,84.9007,249.7,473.2041,70.89,74.06,24.7339,233.4556,74.1725,26.6329,39.2836,65.6825,39.7189,33.455,104.4576,83.4891,68.872,33.7154,29.3677,128.3452,83.8881,96.8258
2023-08-09,175.575,110.47,137.85,82.059,237.86,28.4822,272.7875,536.8734,139.6684,418.4748,84.8271,37.3277,65.814,10.5412,177.79,35.0904,128.4379,317.8802,301.9597,62.4405,85.1463,33.7161,151.2956,67.4519,184.4305,157.7812,143.9678,28.8624,55.569,364.0643,514.3968,415.247,92.4569,386.7098,302.5531,314.1904,140.7559,62.6105,101.9665,42.4238,163.9447,29.5521,144.9764,361.5963,132.3171,92.1686,429.4349,12.182,85.3397,242.19,469.6963,70.9943,75.1,24.7513,233.9141,74.1636,26.7474,39.1231,64.9768,40.2185,33.207,104.4001,82.4106,68.9733,33.7966,29.4317,128.3071,82.8928,98.4705
2023-08-10,175.3583,110.23,138.56,81.3037,238.26,28.556,272.1067,538.5905,140.5159,417.0162,88.9671,37.3835,66.0961,10.0692,177.6,33.0581,128.4675,315.7559,303.0545,62.4239,84.4944,34.1095,151.1073,67.5454,183.6122,156.9607,143.7525,28.7537,55.4416,366.7116,509.6168,412.7159,91.8037,390.1185,303.0785,314.8729,140.8338,62.0382,101.353,42.2583,163.7397,29.4532,144.2557,362.2646,132.1625,94.2737,429.589,12.0967,83.9348,245.34,470.9778,70.9564,74.2,24.7948,234.745,73.8794,27.0008,39.1514,65.1992,40.214,33.2356,104.1128,82.4204,68.8351,33.6883,29.3403,128.2216,83.0928,98.9738
2023-08-11,175.4174,107.57,138.41,80.0363,235.72,28.879,273.4489,540.0005,143.4165,417.496,86.3105,36.8342,65.6501,10.0526,177.6,32.7969,128.3388,316.062,304.6277,62.3323,84.048,34.3161,151.5312,67.2624,183.8721,158.4923,144.5856,28.8875,55.6691,366.2321,516.4008,416.3841,91.4902,387.9966,299.0142,313.0008,140.2397,62.6105,100.4792,40.73,163.9981,29.717,145.0966,359.9549,131.6404,93.6523,429.3386,12.2674,83.7416,242.65,475.2154,71.2313,74.25,24.847,234.6277,73.9949,27.2789,39.0428,64.8898,40.8317,33.3024,104.2852,81.8126,68.9457,33.7515,29.5002,129.0204,82.8098,100.5107
2023-08-14,177.0652,111.98,140.57,82.384,236.71,28.5468,272.797,538.5712,143.3117,419.9623,86.1069,36.6573,65.3589,10.1023,177.06,32.971,130.0921,313.2885,303.5605,62.3239,83.914,35.0931,151.4275,67.9934,183.5544,158.1185,144.8852,28.6283,55.4052,366.5677,527.0294,412.7434,91.4553,391.5331,303.5246,315.9552,141.944,62.2834,100.0609,43.6191,163.6239,29.7418,143.96,363.9944,133.0614,93.6709,431.7085,12.1735,83.5572,239.76,477.9469,71.3072,73.81,24.934,237.4232,73.5065,27.4424,39.1278,65.3635,40.6591,33.2356,104.3235,83.1165,68.6047,33.5709,29.2672,129.4103,83.0636,100.5916
2023-08-15,175.082,111.35,137.67,81.2671,232.26,27.6331,265.9229,535.732,139.1267,414.243,84.4102,36.2383,64.5488,9.9201,176.59,32.2259,128.5567,308.1589,305.5754,62.124,83.7533,34.198,149.4115,67.3461,181.1283,157.6627,141.1968,28.227,55.032,363.8916,535.4737,406.7826,90.9763,387.4761,299.3215,313.8296,141.1163,61.1842,99.0476,43.8055,161.6011,29.1811,143.0359,360.1318,131.8821,92.7714,426.6796,12.071,83.0479,232.96,473.9806,70.7004,72.62,24.9427,234.4224,72.6807,27.1971,38.4906,64.7834,39.8143,32.6253,102.9922,82.2979,67.8673,33.2279,28.792,128.9348,81.9316,98.0091
2023-08-16,174.2137,107.19,135.07,80.3478,229.95,27.0331,263.1809,536.2499,138.5937,406.8156,83.7218,35.9124,64.0209,9.7793,175.57,31.7614,127.4869,305.2833,306.3943,61.9324,83.4319,32.9784,148.3847,66.7898,178.914,157.1613,140.5977,28.0598,55.0411,362.3761,535.1014,408.204,90.567,387.3974,291.7282,313.0674,139.7236,61.375,99.029,43.3529,161.4763,29.2553,141.5759,356.3184,131.0894,91.7884,423.5486,12.0369,82.3981,225.6,471.0526,70.4918,71.37,25.0122,233.8945,71.7838,27.2053,38.231,64.01,39.4691,32.5776,102.4176,81.5136,67.7106,32.8217,28.92,127.9552,80.9167,96.3599
2023-08-17,171.678,104.44,133.98,79.7797,224.54,27.0239,263.8137,524.7968,140.9136,402.2286,83.3049,35.9962,63.5659,9.7959,175.3,31.8581,128.6954,303.8083,301.1041,61.6742,83.3247,32.0441,147.697,66.0587,176.8056,158.6382,139.1373,28.0012,55.1594,360.9949,526.6963,409.6255,90.3231,385.6784,282.6082,309.628,137.8927,61.3296,97.6533,43.2114,159.0169,30.1046,140.5594,352.4264,130.2292,89.5535,420.3212,11.9601,82.0469,219.22,462.0724,70.0272,71.98,25.0036,232.0178,71.2066,27.0335,38.1555,63.2753,39.9415,32.4155,101.5557,80.7391,67.0562,32.578,28.856,126.9377,79.5457,98.2266
2023-08-18,172.1615,105.45,133.22,79.6582,226.65,26.867,262.5002,522.7155,141.928,380.983,83.3437,35.7541,63.5659,9.9036,175.33,32.0517,126.2586,301.4059,301.1869,61.7158,83.5748,32.2113,147.9607,65.9725,177.7684,157.2525,139.4556,28.1434,55.4689,359.7863,535.2876,412.7251,90.6628,385.2364,280.7843,309.2372,138.2628,61.6203,97.4302,43.1665,158.7763,30.2283,140.9568,351.9842,130.3645,90.1655,420.5235,11.9942,82.3367,215.49,466.2632,70.1884,72.79,25.0209,232.7999,71.4286,27.1317,38.1508,62.8982,40.3366,32.4059,101.7472,80.8616,67.305,32.6682,29.0068,126.9852,79.3651,99.7127
2023-08-21,173.4935,108.22,134.68,83.4489,227.22,26.9039,261.4936,521.0559,141.4517,375.0047,83.2661,35.8379,63.8025,9.9118,175.81,32.1968,127.16,298.7437,298.1416,61.6992,83.0569,32.5949,147.7441,66.8661,177.5084,152.5665,139.9331,27.9929,54.9956,362.0788,538.8337,414.0365,90.1228,386.2482,287.3764,314.5136,139.7723,60.9389,95.6175,46.8233,157.7693,30.5169,140.2453,357.655,131.6211,89.4515,423.2595,12.0369,81.2391,231.28,465.5522,70.1979,72.58,24.9949,234.0608,70.7715,26.9845,38.1555,63.3526,40.0823,32.3678,101.6227,82.4057,66.8534,32.3884,28.824,127.1184,80.2775,98.5075
2023-08-22,174.8649,105.66,134.25,82.5471,230.07,26.2486,259.0488,516.4134,140.2874,369.6501,83.1788,35.7634,63.6842,9.829,176.1,31.8678,127.8633,295.7105,298.528,61.7325,83.0926,32.349,147.0469,66.8144,176.9789,151.354,137.0311,27.8424,54.6589,362.1747,542.3701,415.3662,90.4015,390.8061,285.0964,315.0803,139.1782,61.3386,94.316,45.5283,156.5664,30.3767,140.3007,357.144,131.0411,89.0898,422.1131,12.1735,81.8626,233.19,460.5569,70.0462,72.28,25.0818,235.1458,70.9758,27.148,38.1225,63.3526,39.7734,32.0626,101.3833,82.3126,66.4754,32.4877,28.9063,126.6714,80.3946,97.9547
2023-08-23,178.703,109.43,135.52,84.5524,228.58,26.2579,261.762,518.8019,140.4726,378.3536,83.2176,36.3314,64.3759,9.9036,177.89,32.4775,131.1223,298.9941,300.0092,62.2323,83.9944,33.421,148.0738,67.799,178.8659,149.9956,137.9578,28.0012,54.85,362.9037,542.0762,416.861,91.673,393.9691,291.6786,319.5164,140.9313,61.6748,91.7969,46.9718,158.7228,30.2283,141.6129,362.7756,132.4331,88.2645,426.8145,12.0881,83.8909,236.86,457.8442,70.5108,71.36,24.9949,236.8367,72.0946,27.1399,38.1838,64.3774,39.6735,32.3773,102.4272,83.7979,66.9179,32.9661,29.0205,127.0518,81.0387,97.0939
2023-08-24,174.0263,101.8,131.84,82.4188,217.31,26.4148,258.186,510.9886,139.3171,371.0223,79.9599,36.1917,63.493,9.7297,177.85,31.8194,128.5567,296.7958,296.7892,61.8908,83.6819,32.0539,146.7549,66.5535,176.3916,150.5062,137.8268,28.0263,54.7044,362.5105,536.8255,415.0085,91.3595,390.6391,284.2538,312.6473,138.6231,61.0661,90.7557,47.0187,157.8852,29.816,140.9568,355.021,130.6448,87.9399,420.8993,12.0796,83.3377,230.04,456.5907,69.9988,71.41,25.1949,234.0705,71.8194,27.2952,38.0234,63.1399,39.401,32.2629,101.1822,81.8665,66.3833,32.8127,28.8514,125.9487,79.4529,96.369
2023-08-25,176.2265,102.25,133.26,82.1641,223.41,26.304,261.3114,513.199,140.3579,374.4481,80.8228,36.229,63.9208,9.8622,177.62,31.8872,128.6557,296.9719,297.0376,62.149,83.6551,32.703,147.6404,67.0852,177.1426,152.6641,137.6582,28.3022,54.9592,366.0114,542.3605,413.6696,91.4118,395.7668,283.0147,315.5884,139.4217,61.7384,91.8805,45.8772,159.8812,29.9974,141.8808,357.773,131.4278,88.5427,423.8664,12.0454,83.6099,238.59,457.5448,70.4728,72.45,25.2297,237.1006,71.8726,27.2707,38.1366,63.2076,39.7825,32.4155,102.0345,82.6998,66.752,32.9029,29.0707,126.8711,80.341,98.0907
2023-08-28,177.7854,102.61,133.14,83.0573,227.06,26.544,263.4494,515.294,141.3194,378.7471,81.5984,36.5828,64.5943,9.8539,178.13,32.0517,129.7751,302.3707,299.8437,62.3822,83.8872,33.067,148.526,67.5528,178.7215,150.8643,138.1357,28.2939,55.1139,366.4718,542.6248,414.7977,91.6992,400.2364,287.7333,316.2919,140.6196,61.7929,92.6149,46.6917,160.6208,29.8572,142.1026,360.466,132.2978,89.9894,426.5544,12.1308,83.6977,238.82,459.5654,70.7478,72.41,25.1862,238.3322,72.5475,27.4342,38.4151,63.981,40.0505,32.5967,102.8678,83.3763,67.0562,33.1647,29.0662,127.166,80.663,98.9153
2023-08-29,181.663,105.92,134.91,85.8401,227.25,26.9224,268.4731,521.6176,141.0989,387.777,81.8311,37.0483,65.3953,9.9781,179.87,32.3807,133.3016,308.4743,303.0361,62.7737,84.4855,33.7456,149.9296,68.8574,181.215,150.8827,139.259,28.227,55.0593,371.0567,542.6053,411.2028,92.4307,404.3719,295.3959,320.8941,142.9472,61.7544,94.6042,48.6347,161.2268,29.8077,142.1858,368.3385,134.2891,91.946,432.7201,12.6089,84.567,257.18,461.0153,71.3072,73.32,25.047,239.8082,73.4266,28.3664,39.0523,65.4022,40.1595,32.8923,103.6531,85.0478,67.2958,33.5439,29.1758,128.3071,82.6781,99.5042
2023-08-30,185.1459,106.59,135.07,86.0668,228.85,26.8024,270.6782,521.1276,141.2929,396.5766,81.7148,36.9273,65.3589,9.9615,180.32,32.313,134.5992,307.3331,306.1286,62.7487,84.4766,33.962,150.3253,69.3079,181.8985,150.3501,138.6974,28.1517,55.032,371.2869,536.8158,414.8802,92.3001,406.5919,292.5311,321.2654,143.3952,61.3703,94.911,49.1133,161.3605,29.6016,142.3429,370.3927,134.6855,92.0295,434.5024,12.5747,84.4792,256.9,459.7993,71.402,73.66,25.0036,240.6781,73.693,28.3255,39.142,65.4118,40.3593,32.9114,104.1224,85.69,67.4064,33.6612,29.0433,128.2121,83.0343,100.4738
2023-08-31,185.3629,105.72,138.01,89.0193,224.03,26.6814,269.5277,527.8739,142.1044,394.3407,81.1331,36.4711,65.104,10.0443,180.02,32.5168,134.8865,306.5193,305.8231,62.7071,84.6462,34.562,149.7695,69.3915,181.5808,148.4676,136.9842,27.9994,54.4496,371.2389,542.8991,413.9016,92.4569,405.3444,293.3143,320.259,143.3562,61.105,94.5484,49.204,159.6599,29.1728,142.6201,371.5033,134.7144,90.3603,433.8666,12.6259,84.8567,258.08,445.8144,70.9943,75.06,25.1253,240.1405,73.1513,28.6036,39.1231,65.4795,40.3866,32.7874,103.6531,86.1067,67.0654,33.4175,28.7646,126.6809,83.2929,100.7547
2023-09-01,186.9317,109.45,138.12,84.1608,223.4,26.9699,274.4364,523.04,144.9271,401.9792,79.1551,36.8994,65.0676,10.0526,180.11,32.5459,134.3813,306.2294,308.397,62.8251,84.1288,36.0078,150.5891,69.4112,183.7373,147.3656,137.4429,27.5679,53.9764,374.2655,545.7498,413.7446,91.7987,408.2226,293.8,321.1384,143.4146,61.169,95.4718,48.3606,157.3268,29.5026,142.7772,371.1101,135.0238,90.8796,434.6758,12.5064,83.5348,245.01,445.4963,71.1365,76.92,25.2819,242.5157,73.2756,28.5054,39.562,64.8704,41.2132,33.083,104.199,86.3713,66.4939,33.3994,28.6184,127.0233,82.7854,102.8661
2023-09-05,187.1685,110.78,137.27,84.127,222.57,26.6628,270.0071,523.5012,146.8324,397.6897,78.7188,36.6014,64.5033,10.0112,178.64,32.2936,134.4903,302.8155,303.4898,62.415,83.6186,36.1061,148.8557,69.4678,179.8671,147.5493,135.9264,27.5425,53.5304,367.2307,546.8077,410.9844,91.1432,404.2246,297.5372,325.9165,142.694,60.5561,93.5691,48.3995,156.2859,29.1728,140.8643,371.5818,134.2601,89.8039,432.7972,12.3613,82.3635,256.49,449.7713,70.634,77.76,25.4123,239.8082,72.4231,28.0475,38.8304,64.8608,41.4312,32.7493,102.4464,86.6802,65.9224,33.0654,28.1798,125.7109,82.844,102.8751
2023-09-06,180.4691,109.28,135.36,84.1367,217.95,26.4208,271.2247,525.3849,146.9824,397.5554,78.5152,36.3966,64.3668,9.9946,177.83,31.8472,133.1926,300.3649,301.8417,62.2644,83.4037,36.3717,148.3659,68.7589,179.1932,145.0975,135.7018,27.5594,53.494,368.8571,548.5319,391.3671,91.0558,405.8749,296.5657,325.2618,142.2947,60.0896,93.4385,46.9209,156.7973,28.34,140.5872,368.3091,133.3708,88.9785,429.8878,12.4723,82.566,251.92,446.1511,70.397,78.52,25.421,240.6096,72.2722,27.9494,38.7455,64.6578,41.4494,32.7302,102.0058,85.7635,65.8487,33.0022,28.2438,125.0262,82.1072,103.7632
2023-09-07,175.1905,106.59,137.85,82.6667,216.05,26.1789,269.8153,527.2396,146.9912,395.0988,78.1177,35.9683,64.1575,9.9036,178.02,31.6046,133.985,301.1411,304.0824,62.4736,83.6902,37.5519,148.2623,68.5005,177.4603,146.9524,134.541,27.6525,53.0845,372.0617,561.541,393.2134,91.4579,407.2894,296.0701,322.3598,141.8662,60.6019,91.3399,46.1033,158.2959,28.2658,141.927,365.675,132.8585,88.1903,428.5679,12.4723,82.795,251.49,453.513,70.6435,77.95,25.4819,241.5676,72.7251,27.6468,38.5709,64.5418,41.4085,32.6444,101.6706,84.5233,66.0054,33.273,28.6139,125.5873,82.3366,103.2557
2023-09-08,175.8023,106.09,138.23,82.7168,211.27,26.3929,270.6303,529.7095,147.494,383.5163,79.097,36.0428,64.0664,10.1851,178.08,31.9734,135.0945,304.4709,304.3509,62.4485,83.7081,37.3847,148.4224,68.5325,177.0656,147.4391,134.6439,27.8894,53.0845,372.2445,574.5012,390.5824,91.5278,407.5055,295.2968,326.62,142.0707,61.1324,91.0974,45.4363,158.1793,28.2411,141.3172,366.1861,132.8488,88.3572,429.2133,12.293,83.1121,248.5,451.4846,70.8521,78.3,25.508,241.7142,72.4409,27.3525,38.6086,64.7351,41.8082,32.7111,101.163,84.6998,66.0883,33.0564,28.8651,125.5873,82.3366,104.7599
2023-09-11,176.9665,105.32,143.1,82.8702,211.01,26.5046,270.4097,537.0038,144.4508,384.1977,80.0084,36.4897,64.7309,10.1189,178.41,31.6531,135.6294,303.6573,304.0361,62.5573,83.5648,37.9552,148.7803,69.2759,177.4892,149.3675,135.2337,28.4563,53.585,374.6889,583.4157,388.3391,91.353,409.3228,304.8827,330.2061,142.8887,61.7727,90.2766,45.0435,160.5663,27.9855,142.999,370.5008,133.2934,88.7189,432.0361,12.3954,82.5132,273.58,450.1793,71.1176,78.37,25.3862,241.6458,72.4498,27.7531,38.7738,65.7115,41.2586,32.8637,101.1918,85.141,66.6598,33.0745,28.9839,126.4527,84.5517,103.446
2023-09-12,173.9473,105.31,141.23,81.46,210.65,26.9606,270.1797,537.0133,147.1412,386.0113,81.1331,36.378,64.4669,10.3093,177.49,32.4779,134.0643,309.5031,302.101,62.4568,83.6812,38.2208,148.9782,68.4931,177.3159,150.2123,136.9936,28.3971,53.0572,373.3128,587.0795,385.7266,91.3268,408.9102,299.034,324.1772,141.5545,61.9557,89.8196,44.7364,159.974,28.1586,140.4855,366.3925,132.4718,89.2475,429.6662,12.3442,82.9888,267.48,450.6677,70.8236,79.7,25.4297,241.7239,72.4143,27.8349,38.6841,65.0251,42.2306,33.083,100.8278,83.5969,66.0883,33.0745,29.0205,126.291,83.7857,106.4635
2023-09-13,171.8852,107.71,144.85,82.2712,208.4,26.8769,264.5327,537.9455,146.6031,385.9825,80.9391,36.3314,64.2667,10.4666,177.08,32.6623,135.4214,313.3193,301.7306,62.6242,83.7797,38.0732,148.5825,68.7048,176.151,150.5888,137.0591,28.084,53.1846,370.6471,586.6681,388.6437,91.5278,408.9397,302.4044,328.3691,141.6519,62.596,89.661,45.3496,161.2393,28.1009,141.465,367.7881,132.7038,89.8873,430.1671,12.4808,82.9712,271.3,450.6113,70.9753,79.68,25.4471,242.2421,71.624,27.6877,38.4576,65.2378,41.9127,33.083,100.1574,83.8076,66.2911,32.7405,29.3677,126.31,84.4493,105.512
2023-09-14,173.3948,106.63,144.72,84.0759,209.05,27.1747,270.8987,542.7602,147.5116,395.0508,81.9087,36.5735,65.1131,10.4501,177.17,32.6623,136.7983,322.2892,305.2027,62.6995,83.5917,38.0339,150.2782,69.1577,178.6348,150.3592,139.7178,28.5748,53.6249,375.1219,579.5463,393.1673,91.3617,406.0321,309.0064,330.9486,142.8108,63.3735,90.6497,45.4453,162.6302,28.1586,143.0174,370.7956,133.5641,90.1006,433.8762,12.8564,82.3723,276.04,454.1422,71.5063,81.12,25.6036,236.0547,72.9204,27.8349,39.0004,66.1466,42.4032,33.3882,101.1439,84.4155,66.964,33.3362,29.7972,126.7095,85.2787,107.3968
2023-09-15,172.6745,101.49,140.39,82.1506,208.11,26.8396,267.6295,534.6779,146.8677,395.4635,82.9752,36.4338,64.9675,10.4418,178.34,32.9437,136.1049,320.3905,297.5826,62.4652,83.3321,37.2569,149.1666,68.0796,176.7671,148.2564,139.3058,28.304,53.1479,373.3801,563.9215,391.4686,91.2219,406.9849,297.6958,322.6627,140.2301,62.7881,89.7823,43.7693,161.3829,28.0927,141.8161,364.4465,131.5341,89.2382,428.6487,13.0016,81.8703,274.39,457.0535,70.9564,81.29,25.5862,235.6344,72.6452,27.6305,38.5661,65.2668,41.79,33.2166,100.5597,82.793,66.4109,33.2099,29.6692,125.7109,83.8198,105.7476
2023-09-18,175.5951,102.37,139.98,81.9886,205.12,26.7652,269.3456,540.79,147.5028,394.2448,82.4323,36.3873,64.74,10.2182,179.39,32.3518,136.9072,321.12,293.7494,62.5071,83.4127,37.3651,149.0347,68.1337,175.5926,149.193,139.596,28.2786,53.4781,372.9374,559.6307,396.8322,91.3967,409.755,299.9163,321.5292,140.5222,62.4222,89.0828,43.8351,160.9701,27.7381,142.3521,364.8264,131.9014,89.7297,428.9,12.882,82.337,265.28,456.4524,71.0512,81.45,25.5428,239.1435,71.9969,27.4179,38.4058,65.3133,42.1442,33.3076,100.6712,83.1909,66.3877,32.9196,29.6471,125.5199,82.9082,106.5994
2023-09-19,176.6804,101.61,137.63,81.9114,204.48,26.6628,268.128,542.3566,147.4852,382.5855,79.446,36.1731,64.7946,10.4004,179.22,32.9534,136.7388,319.7825,291.2958,62.3146,83.1083,35.7422,148.6579,68.0082,174.9091,148.9451,139.4182,28.7186,53.368,375.1027,563.2358,392.6318,91.0908,406.2187,302.4144,321.1287,140.3469,61.8276,88.2527,43.3904,160.0189,28.0267,141.9363,364.0489,131.7371,88.3665,428.0106,12.9845,81.7294,266.5,451.3813,71.1176,81.5,25.5602,238.0683,71.6684,27.3116,38.3726,65.3618,41.7507,33.2692,100.2481,83.1467,66.23,32.7467,29.4859,125.625,82.4928,106.3185
2023-09-20,173.1481,100.34,135.29,80.5507,202.37,26.5697,267.1117,541.8569,147.0353,386.0785,80.0471,36.0241,64.6398,10.2348,179.35,32.2159,132.4794,314.9281,287.8237,62.2644,83.0456,34.1194,148.0926,67.0728,173.1568,149.5971,138.8284,28.7863,53.6066,364.5555,558.0242,394.1459,91.1257,403.2619,297.0613,313.429,138.925,61.6081,87.7117,42.1132,160.0727,27.7216,141.8161,358.8027,130.4707,88.2459,424.0758,13.2747,81.9848,262.59,462.1526,71.1555,80.14,25.6036,236.4067,71.7305,27.4751,37.9695,64.4701,41.3618,33.0393,99.8538,81.84,66.2949,32.8104,29.5136,125.6345,81.6716,105.4758
2023-09-21,171.609,96.11,129.33,78.3968,199.95,26.1044,260.8033,533.448,145.7122,371.9819,80.212,35.4003,63.5659,10.1023,178.05,31.7405,129.2105,308.8858,284.0275,61.8208,82.428,34.08,145.907,65.8372,170.4709,148.4492,137.7425,29.184,52.781,358.4156,538.912,385.4589,90.208,396.2285,293.1556,312.2174,136.4513,61.2056,85.4266,40.8949,157.3806,27.0867,140.5872,352.2278,127.9961,86.3356,417.0665,13.0699,79.8799,255.7,470.6138,70.2832,80.41,25.621,231.275,69.2886,27.2216,37.206,63.6754,40.7944,32.4933,98.2191,80.5922,65.4412,31.6731,29.205,124.5364,79.4427,103.9897
2023-09-22,172.4575,96.2,129.12,80.4062,197.71,25.7229,261.7908,536.8211,146.6737,365.4853,78.777,35.8193,63.6205,10.2927,178.62,31.6143,129.0223,306.6877,283.0738,61.9296,82.7502,33.6177,145.2759,65.7658,170.0857,147.384,136.4225,28.9048,52.836,358.9065,539.3137,381.8677,90.7587,395.1086,296.4764,309.7551,136.7435,61.9282,84.7364,41.4861,157.2819,26.9548,140.0697,352.2771,128.1701,86.8735,416.1287,12.9077,80.5228,244.88,475.2717,70.2453,80.63,25.6819,229.7795,68.7647,27.2134,37.168,63.5979,40.863,32.2442,97.8825,80.7642,65.0886,31.4547,29.1497,124.2786,78.6607,104.1528
2023-09-25,173.7303,97.38,131.27,80.8727,198.78,25.6856,262.9508,536.8499,148.8171,368.8632,78.5443,35.661,63.3383,10.417,177.7,32.0801,129.8742,307.5764,283.7775,61.8459,82.1415,33.7259,145.6998,66.1104,170.8463,147.1636,137.0966,29.0402,52.2856,362.3902,541.028,381.1754,89.8759,395.3739,298.2112,310.2729,137.2012,61.7179,84.5032,42.0963,156.4384,27.1939,139.2195,353.9503,128.5955,86.0018,417.8786,12.8564,78.5412,246.99,479.1971,70.3306,80.39,25.7776,228.0983,68.7026,27.1153,37.4621,63.753,41.3755,32.3209,98.3729,81.0245,64.8566,31.4001,29.1083,124.9566,79.1446,105.3217
2023-09-26,169.6653,95.96,125.98,79.1561,195.64,25.2855,258.3968,531.4106,148.0145,364.2954,77.6135,35.1582,62.5192,10.2927,176.28,31.3038,127.3581,302.8809,280.1202,61.5781,82.1146,33.2735,143.8567,65.0583,168.6497,146.025,135.6736,29.1925,51.8545,357.2223,538.7945,377.3442,89.6224,388.3896,296.3575,304.9965,135.7059,59.7695,84.1021,41.7862,154.8141,26.7156,137.9813,348.6353,126.8973,85.3155,411.7395,12.8223,78.2682,244.12,474.6613,69.4891,80.88,25.8558,224.4719,67.4505,26.9763,36.9214,63.0455,41.1376,31.8898,96.8729,79.5655,64.374,30.8451,28.2378,123.8966,77.7027,105.4848
2023-09-27,168.1557,98.07,125.98,79.2163,195.46,25.3785,261.4552,541.5685,150.8724,368.8344,77.4681,35.2141,62.4008,10.2596,174.1,31.3911,129.3095,301.1318,279.4536,61.4944,81.7476,34.0407,143.8851,65.1718,170.2263,144.2711,136.4694,28.7948,51.3225,358.0019,538.5497,377.3165,89.2029,388.4878,295.1481,305.6317,135.9696,54.8481,83.4026,42.3415,152.1669,26.4683,136.1517,349.4523,127.1981,84.5459,411.9037,12.6942,77.8631,240.5,473.0461,69.2603,82.9,25.9776,224.3253,66.9976,26.4939,36.9166,63.2102,42.1625,31.8419,97.594,79.6884,63.8451,30.5721,27.6943,123.276,77.4045,108.9191
2023-09-28,168.4122,102.76,125.98,80.6894,190.43,25.6484,264.8395,546.4699,150.4754,370.4907,77.6911,35.3072,62.9105,10.4004,173.23,32.1771,131.0629,304.1717,280.9998,61.7873,81.9714,34.6013,144.6151,65.6551,171.7642,144.0599,138.1638,28.5579,51.1941,359.4261,533.3479,379.3844,89.3602,392.3778,301.314,306.4622,137.0733,52.2137,83.5985,42.9607,152.1041,26.46,135.2276,352.3755,128.1103,84.4624,414.2918,12.8137,78.1009,246.38,479.0281,69.3652,81.57,25.8385,226.4366,67.6405,26.6165,37.315,63.908,42.2082,32.0718,98.0075,80.2533,64.0399,30.8906,27.0955,123.868,78.2696,108.2577
2023-09-29,168.9252,102.82,127.12,80.5517,191.68,25.4809,261.7332,542.9428,148.7378,363.4127,78.5831,35.3351,62.7285,10.2845,171.45,31.9928,129.6266,302.6472,279.7684,61.6953,81.9893,34.9652,143.942,65.5984,170.9518,143.0222,135.7579,28.4648,51.35,358.329,526.1771,377.5381,89.1679,388.9102,297.5966,308.5239,136.4482,52.4058,89.1854,43.3695,152.0502,27.3506,134.784,352.6314,127.8871,84.6386,413.2863,12.8223,78.1097,250.22,473.4781,68.9839,80.86,25.8558,224.8238,67.8378,26.502,37.2534,63.5494,41.3572,31.7749,97.4883,80.5284,63.8543,30.9998,27.1416,122.9322,78.6851,106.545
2023-10-02,171.4314,103.27,129.46,80.9755,187.83,24.8481,260.5061,549.0453,146.903,360.0038,79.1842,35.1582,61.8092,10.1934,169.65,31.5076,132.9053,297.9049,277.611,61.3209,81.3242,34.8767,142.3302,66.1582,168.3692,142.4712,134.5877,27.9994,50.8914,356.2696,527.3134,376.4857,88.351,388.8513,304.1491,314.4354,136.5068,47.704,88.1967,44.6487,151.808,27.9855,134.1649,355.5744,128.1976,84.5087,413.122,12.5235,76.8021,251.6,483.2257,68.536,79.39,26.0559,226.0554,66.5915,25.9705,36.7602,64.0243,40.5336,31.5066,96.5363,81.3929,63.4182,30.4356,25.8796,122.7603,78.7487,104.778
2023-10-03,170.0994,100.08,124.72,79.0242,188.92,24.1129,257.8696,543.0197,147.247,358.983,77.1191,34.6927,61.0356,9.9946,169.16,30.4499,131.1817,286.3254,270.3057,60.6984,80.6511,35.1029,140.7943,64.9745,165.5352,142.6457,133.5954,28.0163,50.341,358.7909,514.4806,372.8022,87.3331,384.146,298.3203,306.2179,134.3482,48.2802,88.691,43.3874,150.4888,27.9525,134.4421,349.3341,126.5867,82.9786,407.5919,12.6174,75.15,246.53,478.4364,68.1071,79.93,26.082,223.6509,65.2914,26.1504,36.6605,63.1618,40.5062,31.0085,95.8632,80.0126,62.9635,29.8806,26.179,121.6717,76.8326,104.9593
2023-10-04,171.3426,104.07,127.0,79.8951,186.73,24.1408,254.0921,549.5163,143.8157,363.0468,76.9058,34.5903,61.1448,9.9284,169.14,30.12,133.9652,288.6451,270.7224,61.0096,81.1627,35.339,141.0597,65.8623,165.6125,142.811,134.1946,28.1602,50.4878,364.3534,520.6228,370.4943,88.0965,386.7982,302.9198,311.6604,135.4422,46.3044,89.4372,43.9099,151.5747,27.466,134.8857,354.0881,127.5766,84.5273,410.56,12.5064,76.2102,261.16,479.5164,68.536,75.59,26.0037,226.0066,66.0894,25.7906,37.0921,63.7627,39.2342,31.2384,96.1709,81.0098,63.4646,30.1991,26.1514,122.1874,78.3479,101.0356
2023-10-05,172.5759,102.91,125.96,79.9,186.29,24.2525,250.0367,547.3251,144.5743,361.7853,78.3504,34.7206,61.6818,9.8539,168.83,29.4116,133.7968,290.4222,270.0836,61.0685,81.3153,35.2996,140.7563,65.8672,165.7383,144.2986,134.7604,27.3479,48.0477,355.9328,530.4385,366.8201,87.9912,387.7918,302.1367,312.0512,135.2273,45.2341,89.3439,44.5549,143.6689,27.5979,132.8804,353.0447,127.6348,85.6587,410.4053,12.6601,75.8303,260.05,484.7846,68.4025,73.99,25.9167,228.2156,66.457,26.0196,36.6416,63.6754,38.9917,31.3821,95.6035,81.1179,62.2118,30.4174,25.9994,122.8558,77.9568,98.7612
2023-10-06,175.1215,107.24,127.96,81.9754,187.38,24.2618,255.0605,535.8024,143.1012,364.5298,80.4156,35.2234,62.3644,9.9367,169.7,29.9841,136.2832,292.2742,271.1205,61.1527,80.8396,35.5947,141.8087,66.9524,167.3342,144.7577,136.8351,27.1025,48.7449,359.4742,553.6943,369.9404,87.728,391.5005,312.6841,319.7705,137.2393,45.9568,90.5751,45.6257,143.8393,27.3176,133.1484,358.9602,129.4397,86.1038,415.2779,12.5713,74.9114,260.53,492.8421,68.8505,74.16,25.8645,229.7404,66.6363,25.7649,36.9878,64.8481,39.2251,31.6503,96.9113,82.6358,61.8685,30.5357,26.3678,124.1449,78.5043,97.112
2023-10-09,176.6015,106.97,128.26,83.0054,188.49,24.4851,260.1034,537.1862,147.0618,368.7669,82.122,35.0558,62.2734,9.9946,172.82,30.0714,137.1152,292.3958,273.4723,61.6069,81.8718,35.4668,142.9085,67.2779,168.3015,145.5842,136.5239,27.4917,48.5064,359.6571,560.1011,402.9897,88.8161,388.3231,315.5886,322.2719,138.05,45.1152,90.3606,45.1382,144.7995,27.3753,132.4739,360.7909,130.4392,85.9461,417.9366,12.8149,76.6696,259.67,494.4385,69.4128,77.13,25.8558,229.1539,67.3626,26.266,37.0352,65.5459,40.5336,31.6695,98.4307,83.0631,61.9241,30.9361,26.6304,124.5746,78.5874,100.5101
2023-10-10,176.0095,109.01,129.48,83.2507,193.53,25.1366,261.9346,540.1848,146.903,376.3745,82.4032,35.5586,63.129,10.1023,172.53,30.5469,136.7587,294.4161,277.0463,61.5901,81.7102,35.8307,143.9989,67.601,170.207,145.4189,137.3537,27.4748,49.5613,364.6902,567.4971,401.6696,88.8512,393.8615,319.0383,320.8746,138.9095,47.1826,91.0508,45.6616,147.5275,27.3506,133.786,362.789,130.9535,86.4098,420.1119,13.015,76.5636,263.62,492.3067,69.6987,76.71,25.795,231.2652,67.6854,26.5249,37.4289,65.9239,40.584,31.8994,99.0269,83.1909,62.5552,31.0452,26.9942,125.1667,79.4476,100.0842
2023-10-11,177.4007,108.31,131.83,84.817,196.07,25.1459,261.5703,543.481,142.1044,374.9493,82.2674,35.7821,63.3929,10.1437,173.79,30.0617,139.2252,292.7792,275.963,61.5817,82.159,36.2733,143.8756,68.146,169.9168,143.417,137.8253,27.4494,49.2678,364.4111,592.9375,403.1006,89.3952,393.3106,324.9662,324.8124,139.3783,48.9755,92.0115,46.6666,145.9302,27.3011,132.1412,365.3776,131.885,85.2692,421.8328,12.8497,78.1627,262.99,492.2035,69.8226,75.67,25.795,230.366,68.8599,26.2743,37.519,66.5248,40.0624,31.9473,99.6231,83.9621,62.1283,31.6731,27.4318,124.6128,79.7311,96.4958
2023-10-12,178.2985,108.79,132.33,87.8273,191.3,25.0342,258.4832,541.809,142.2191,368.1313,81.7827,35.3817,62.865,9.9367,173.26,29.4213,137.6601,289.8142,271.3057,61.2536,81.3691,36.234,142.3966,67.8032,166.0768,143.5548,137.5046,26.0702,48.4422,363.4873,598.0511,400.7834,88.4651,393.3991,321.3381,323.5812,138.4505,48.4815,92.5711,46.8052,141.8561,27.1444,132.4369,364.1078,131.4872,84.7777,419.2611,12.5713,76.0423,258.87,493.5275,69.327,75.42,26.0124,231.4411,67.8557,25.815,36.9593,65.7398,40.1081,31.7461,98.7191,84.0407,61.4509,31.2545,27.008,123.5433,78.8611,96.4777
2023-10-13,176.4633,105.09,129.79,85.653,184.91,24.9039,256.882,544.7497,144.7154,366.5713,81.7827,35.2513,62.2825,9.7793,178.83,28.7809,136.0652,289.2998,270.2872,61.2031,81.8897,35.3783,142.3776,67.1472,164.6936,144.0323,139.5699,26.5948,48.5156,363.6605,596.7776,407.1717,88.9565,391.5595,311.9506,320.2297,137.5323,49.8445,93.1867,45.3256,143.5791,26.4765,133.7029,359.531,130.7691,84.8333,417.1728,12.493,77.4029,251.12,506.5433,69.5176,78.99,26.0298,232.3111,67.6854,25.6145,36.8218,65.0032,40.9912,31.8132,97.8441,82.8372,61.9891,31.2454,27.312,124.3168,77.7027,99.5586
2023-10-16,176.3351,106.46,132.55,87.5335,184.93,25.1179,259.6144,549.9391,145.8974,376.0857,83.1013,35.512,62.7376,9.8787,177.96,29.169,137.7888,294.0607,275.2962,61.1863,81.405,35.9586,143.9325,67.9117,167.3536,144.6567,139.4284,26.7217,49.0109,364.9596,604.0659,406.5716,88.3422,394.6386,318.3543,325.0274,139.1537,49.7438,95.1733,45.9577,144.5482,27.433,134.9781,363.5961,132.215,86.8456,421.5621,12.5365,76.1571,253.92,505.2567,70.1562,78.39,25.9167,234.657,68.4923,26.0989,37.1822,66.0499,41.2657,32.1485,98.8826,83.633,62.6294,31.5639,27.593,125.2526,78.9588,99.6311
2023-10-17,174.786,105.14,131.47,85.7713,185.6,25.7042,261.3977,551.9574,147.8292,376.6443,83.5763,35.4189,62.774,9.9698,178.29,29.431,138.403,289.3559,274.0094,60.9003,80.6062,35.4668,144.5393,67.7391,169.2204,143.3344,139.1267,26.6625,49.598,366.74,595.9057,407.2363,87.6403,395.2388,321.1796,324.4606,139.0072,49.5517,96.0781,43.8072,143.9111,27.0042,135.1536,362.4052,132.0015,87.3371,421.5427,12.6844,75.3178,254.85,503.9608,70.1467,78.8,25.9254,235.7615,68.3937,26.3161,37.5474,66.2825,41.6958,32.3017,99.1903,83.2449,62.8985,31.4001,27.5193,125.0807,79.1446,100.936
2023-10-18,173.4935,102.17,128.13,86.0264,185.69,25.4157,248.522,552.2456,149.0024,368.0833,82.1026,34.8789,61.6818,9.7297,180.87,28.6062,136.6596,282.4344,268.7317,60.6058,80.2293,35.0537,142.6052,66.7205,165.7383,140.249,137.599,26.8486,49.5796,357.4148,594.8575,411.7967,86.9383,386.8178,314.2107,322.5553,137.2491,48.701,96.7869,42.0704,145.4008,25.8993,138.6374,357.6511,130.313,86.9384,415.9256,12.4582,74.6552,242.68,503.4067,69.6225,79.84,26.0211,232.1156,66.9412,25.9319,36.5752,65.1389,42.0755,31.7461,96.7959,82.3901,63.1305,30.7086,27.2798,123.9921,77.2872,102.3496
2023-10-19,173.1186,102.4,128.4,84.1643,182.79,25.09,242.4532,543.5867,149.1611,367.2551,80.7161,34.674,61.1357,9.5475,183.09,28.4606,136.4516,279.8435,265.5189,60.3871,79.8344,35.0832,141.2115,66.1656,163.0977,139.8725,137.0143,26.6117,49.8548,356.2022,578.7529,414.6678,86.2363,381.5648,310.0869,323.7375,136.3408,47.9235,96.1154,41.9756,144.0816,25.7179,137.8572,354.3047,128.9933,87.5597,412.2711,13.276,73.1267,220.11,499.2465,68.8791,81.68,25.9428,228.5381,65.3541,26.3745,36.1483,65.0711,42.0023,31.3246,95.9016,81.9186,62.6665,29.9534,27.008,122.7699,75.3125,102.413
2023-10-20,170.573,101.81,125.17,82.7872,180.04,24.4851,240.15,531.3818,147.1588,361.2653,80.1344,34.2551,60.5896,9.6386,183.59,28.7809,134.3219,280.648,265.1856,60.5133,80.3011,34.3456,139.7419,65.231,160.9891,140.4969,134.8075,26.4933,50.0566,352.5645,572.7183,410.0428,86.5786,378.1609,305.9632,319.194,134.8659,47.5302,95.7609,41.2638,143.5791,25.2727,137.6712,349.0192,127.5766,87.3464,407.2052,13.3804,73.542,211.99,494.9268,68.3454,80.7,25.9515,228.1178,64.9148,26.3662,35.712,64.4701,41.2977,30.8457,94.9111,80.5333,62.4252,29.7987,26.7271,122.2829,74.1443,100.6551
2023-10-23,170.6914,100.01,126.56,83.6202,181.03,23.7964,238.3383,530.7665,141.734,359.4548,80.5707,34.2271,60.6351,9.5061,182.97,28.3539,135.2133,279.8716,263.9449,60.7573,80.678,33.2932,138.6421,65.4036,159.6252,139.0185,132.9686,26.3325,49.6072,351.6696,564.8914,411.8798,87.2542,377.433,311.2766,321.7833,135.2761,47.1277,95.8915,42.847,143.6509,25.4293,137.7642,350.0723,127.5086,87.3557,406.4994,13.0063,74.4255,212.08,489.7993,67.9641,78.89,25.8211,226.3095,64.2782,26.2159,35.3136,64.8094,40.6297,30.6541,94.4688,80.6266,62.3046,29.5439,26.5014,121.519,74.2322,99.178
2023-10-24,171.1255,101.67,128.56,85.4522,182.36,23.7034,240.4873,530.3342,138.1792,359.7438,80.0471,34.6647,60.981,9.4316,182.95,27.7135,137.5016,279.8342,262.3153,61.0685,80.8216,34.021,139.5143,65.993,161.0181,138.8716,133.129,26.8317,51.0381,353.4307,580.3495,407.024,87.7456,380.6204,309.8292,322.9656,136.6045,50.4208,98.1021,43.533,145.5443,25.0913,139.3915,353.4778,128.4402,87.7452,409.5641,13.5109,75.4062,216.52,493.0204,68.4788,76.93,25.9689,229.3592,65.1031,28.6462,35.731,65.575,40.0578,30.8648,95.1804,81.1817,62.8336,29.917,27.1831,121.8914,75.0241,98.2175
2023-10-25,168.8168,96.06,121.39,82.3992,177.73,23.7778,236.0447,528.5563,137.4911,358.1452,78.1371,34.2085,60.5441,9.5558,183.72,28.1501,124.426,277.5707,260.1117,60.7404,80.1126,32.29,138.3102,64.6218,158.3582,139.1838,132.4028,27.1448,51.4784,350.6592,574.5012,413.2923,86.9471,380.0301,296.9225,332.8736,134.5338,51.6465,96.5724,41.6546,145.6879,25.3386,140.0424,344.8262,126.4121,87.1702,403.686,13.2151,73.7276,212.42,497.9132,68.3263,78.46,26.0385,231.5096,63.7044,28.1367,35.3136,62.7353,39.9846,30.7499,93.9592,80.2238,63.047,29.2892,27.335,120.8028,73.5089,98.3987
2023-10-26,164.6629,93.67,119.57,80.1803,179.09,24.3083,233.6259,526.2594,136.5032,355.8629,77.3518,34.0409,60.1072,9.3984,184.01,27.7038,121.1274,277.7858,257.3988,60.9507,80.7229,31.985,138.149,63.3665,158.7644,136.8238,132.7423,26.9586,51.1665,356.3755,556.5156,411.7044,87.5789,358.6631,285.8399,320.386,132.3459,52.6619,93.2893,40.2059,144.8444,25.6932,139.2985,338.2513,124.3258,85.9369,398.8521,13.1542,74.8584,205.76,496.1758,68.069,76.89,26.0994,226.0652,64.9238,28.7882,35.5603,61.3688,39.6734,30.6828,93.5649,78.6912,62.6387,29.9079,27.5699,119.6092,72.3602,97.5017
2023-10-27,165.9752,96.43,127.74,81.3063,179.69,23.4242,229.8964,521.8675,127.3295,347.7834,76.9155,34.013,59.9252,8.2474,186.15,26.4132,121.0184,271.1636,255.9729,60.875,80.8486,34.9554,136.2338,63.4972,156.8976,133.7016,127.9611,26.6033,50.6712,356.5776,548.8062,409.3227,87.4034,358.1614,294.147,322.2621,132.2288,51.4453,91.3866,40.3794,143.2381,24.8274,136.8436,339.8754,123.8794,85.3341,397.0441,12.8932,74.5404,207.3,492.7011,67.2493,78.36,26.0646,224.1005,63.8837,27.9279,35.546,61.1459,38.7218,30.1272,92.7379,79.148,61.785,29.4347,27.0495,117.5848,73.1178,95.644
2023-10-30,168.0175,96.18,132.71,81.5865,182.35,23.9081,233.3657,533.2557,128.8643,354.1873,78.2244,34.3668,60.6897,8.0901,185.1,26.549,123.2868,281.3775,260.6209,60.8918,80.5793,35.1029,137.5612,64.39,157.7681,135.0148,129.5925,26.7556,51.5059,364.6035,554.1745,411.5844,87.1401,366.3658,300.0253,329.5905,133.6645,52.3234,94.9495,41.0384,145.6251,25.1902,138.7964,343.7042,125.432,86.382,401.791,13.276,74.2046,197.36,497.7065,67.8974,76.05,25.9602,227.8246,64.2872,28.9134,35.9112,62.4058,38.8499,30.6637,93.8918,79.9978,62.75,29.5257,27.2567,118.2437,73.7875,95.9431
2023-10-31,168.4912,98.5,133.09,81.5982,186.82,24.513,217.8407,530.9107,128.5467,351.8376,79.1067,34.1713,60.9082,8.1994,184.09,27.3641,122.9104,283.9778,263.593,61.0517,80.4088,35.8996,138.8222,64.6415,159.132,136.2177,131.1391,26.6202,51.8178,367.7697,542.6345,419.7083,87.0173,370.232,298.6474,330.3722,134.231,53.3296,95.8542,40.6586,146.5225,25.1985,139.5124,345.3478,125.9948,85.5381,404.3145,13.3978,73.8424,200.84,502.9373,68.3835,75.02,26.1168,229.799,65.3811,29.3394,36.0725,62.7256,38.978,30.9989,94.5842,80.5677,62.9728,30.1172,27.4916,118.9217,74.3447,95.9159
2023-11-01,171.6485,108.04,137.0,82.7202,189.38,24.5689,223.4108,535.1008,127.0031,356.7585,78.6025,34.4878,61.4816,8.334,183.51,27.1701,125.2581,287.2982,265.3893,61.6336,81.3349,36.6766,139.4954,65.6477,160.0412,136.5391,131.0259,27.2463,51.772,372.5237,543.1537,417.6219,88.2626,371.678,309.1353,338.15,136.3114,53.4486,94.0914,42.199,147.9493,25.1572,139.1219,351.342,127.2952,84.7128,408.6264,13.5544,75.4434,205.66,499.2183,68.8124,74.75,26.1255,233.2006,65.7845,29.5649,36.0914,63.6464,38.8865,31.2001,94.8919,82.1249,62.9078,30.2718,27.8048,119.17,75.2636,95.7256
2023-11-02,175.2004,107.83,138.07,84.5008,192.01,25.7042,230.4361,535.2838,131.2195,359.7341,80.7549,35.093,62.7376,8.5274,184.12,27.9464,126.2883,293.4714,272.7038,62.3272,81.8389,37.0798,142.2828,66.8414,164.3067,137.9625,133.3647,28.3548,52.3682,374.9873,568.457,422.847,89.3106,376.4688,308.1639,340.3485,138.8216,54.8024,98.0088,43.3764,149.7081,25.149,140.8236,357.7201,129.8764,92.7435,416.4575,13.6849,77.1633,218.51,503.4725,69.7464,76.18,25.995,237.7653,67.9454,29.9825,36.7886,64.4895,40.0624,31.9377,96.844,83.5151,63.7244,31.209,28.3253,121.0606,77.2285,98.8699
2023-11-03,174.2927,112.25,138.6,85.6045,195.05,26.4488,232.0069,540.0304,130.2051,368.0543,82.4807,35.81,63.402,8.8806,184.79,28.8876,127.8831,306.4352,273.7038,62.9362,82.4689,37.5126,143.9515,67.4851,168.7755,138.9726,134.8547,28.1517,52.0472,377.7299,556.2316,418.5081,89.7509,379.7743,311.8613,344.7259,140.4039,54.3176,99.8555,44.871,149.6722,25.7757,139.5496,361.9228,130.9923,95.1917,420.2569,13.8154,77.6864,219.96,498.5611,70.2611,74.85,25.7515,238.1074,69.5682,30.0827,37.3672,65.4781,39.6597,32.3592,97.6998,84.3748,63.7987,31.946,28.4911,121.6622,78.3136,97.6648
2023-11-06,176.8382,111.75,139.74,85.4251,192.95,26.365,229.6266,548.6185,129.667,364.2505,81.4627,36.0986,63.0835,8.6704,183.35,28.2472,129.0223,302.9651,272.7408,62.6824,81.9919,37.4485,143.2594,67.8747,166.6668,139.3031,135.8732,28.1686,52.2581,378.2015,583.0533,416.4957,89.2754,379.8825,313.0509,348.3706,141.1364,54.0066,100.0327,45.6148,149.5915,25.7097,140.3586,363.3992,131.4484,96.4715,421.2237,13.7023,76.9328,219.27,500.9651,70.3754,74.91,25.7776,237.9999,68.564,29.7653,37.1822,65.3037,39.2113,32.2634,97.4402,84.9298,63.9007,31.5093,28.4174,122.4739,78.4114,95.934
2023-11-07,179.3937,113.45,142.71,87.0728,191.41,26.2068,226.3886,550.0145,127.3824,355.574,82.0154,36.0335,62.7012,8.5526,182.59,27.5679,129.7355,303.0026,272.926,62.6909,82.4599,38.2576,142.6052,68.5209,166.0768,138.5685,135.8072,27.9994,52.4508,374.6408,587.6965,415.5633,89.9887,382.5485,316.0446,352.2791,141.3416,53.476,102.0008,45.8182,150.0222,25.7674,140.0331,366.8343,132.0306,96.1469,422.4225,13.7806,78.0676,222.18,505.069,70.3278,71.8,25.8645,239.2511,67.9992,30.0159,36.4614,65.6526,38.342,32.2155,97.1998,85.8583,64.0585,31.2454,28.2101,122.5598,79.2863,94.4298
2023-11-08,180.4494,113.59,142.08,88.3637,191.83,25.9555,226.2922,546.2692,125.6094,355.6992,81.9281,35.7914,62.6193,8.4517,180.77,26.7431,130.5973,303.5731,273.9908,62.7247,82.7929,37.4189,142.169,68.802,164.3067,138.0634,136.4767,28.0671,52.3682,377.4893,606.5051,410.4951,90.4467,383.365,316.9963,354.888,141.9374,52.5978,102.0287,46.4353,150.2106,25.4129,139.4938,367.0705,132.4382,96.7219,422.732,13.6153,79.3974,222.11,504.0358,70.404,70.19,25.8558,238.918,68.2233,29.8739,36.5752,65.3424,37.8616,32.2538,97.421,86.3446,63.8079,31.4274,28.0029,122.3879,79.0761,93.2699
2023-11-09,179.9758,113.49,140.6,88.3879,193.33,25.6205,225.6465,542.3121,125.2036,355.9399,87.5903,35.4562,62.6102,8.1574,181.49,25.8601,129.0124,300.0375,266.5374,62.3356,81.9739,37.3004,141.0313,68.1978,161.7629,135.3729,136.0712,27.881,51.9738,376.2576,579.2623,408.4641,89.5308,381.6533,317.7595,352.4354,141.1169,50.0549,99.7996,46.8102,149.1069,24.8028,139.81,364.2457,131.5843,95.3232,419.4351,13.5979,77.5711,209.98,506.1677,69.8512,70.25,25.9689,236.6944,67.1474,29.7486,36.2622,65.3231,37.7472,32.1197,97.2094,85.9418,63.5481,30.9452,27.6344,119.8575,77.6,93.2971
2023-11-10,184.1548,118.59,143.56,92.8627,196.65,25.7601,230.9757,555.6469,126.0945,360.1482,85.5833,35.7076,62.8923,8.2919,179.51,26.0542,131.3402,304.4617,269.9817,62.6401,82.0639,38.3464,142.4914,69.5147,163.5717,135.2168,138.0893,27.8302,52.0288,384.7839,585.522,410.689,89.9799,387.9688,325.908,361.2099,143.588,50.439,98.9695,48.1911,149.7889,24.6357,140.7957,372.4348,133.7191,97.2813,425.9804,13.6066,78.0055,214.65,508.2431,70.4517,71.79,25.9515,240.2305,67.775,29.8238,36.689,66.3601,38.1636,32.4837,98.6134,88.1867,63.9936,31.2909,27.7818,120.5736,78.8904,94.013
2023-11-13,182.5741,116.79,142.59,91.8356,204.54,25.7787,232.8934,556.7155,127.0208,356.0748,86.7177,35.6983,63.0562,8.2583,180.51,26.1027,130.8449,305.7711,266.7225,62.5809,82.0189,37.7248,142.4345,69.4383,163.6297,135.5657,137.4763,28.1263,52.2214,384.6973,600.216,410.8367,89.9887,387.9394,326.3244,358.2883,144.0178,49.8536,97.188,48.4752,150.5517,24.2178,141.7721,371.2733,133.4959,96.5167,425.5743,13.5544,77.8282,223.71,509.5201,70.4707,72.92,25.9167,239.6624,67.2101,29.9156,36.6368,66.2147,38.4381,32.4358,98.6999,87.6709,64.1977,31.027,27.4502,121.2707,79.2277,95.0007
2023-11-14,185.1823,119.88,145.8,94.3601,207.47,27.1933,238.8587,568.8179,127.9469,361.0823,88.2981,36.648,64.6671,8.7461,182.12,27.3641,132.3605,316.8174,281.1295,63.2153,83.252,38.8892,145.5727,70.8169,172.6154,135.5933,139.9848,28.414,52.3774,388.5563,599.4702,410.0889,91.3978,391.1857,333.3824,361.7961,146.3815,52.6436,98.6337,49.5081,150.8568,24.4518,141.4559,379.2655,135.8636,98.4655,433.8308,13.5979,79.5924,237.41,507.5387,71.2713,72.69,25.508,241.886,70.9401,29.9657,37.7182,67.2905,38.7812,33.0489,100.6808,89.4247,64.8566,32.7012,28.5464,122.0919,81.8965,95.3665
2023-11-15,185.7455,118.0,143.2,94.5967,208.71,27.5655,241.9714,574.5754,128.3968,366.7736,91.0711,36.9552,64.567,8.8049,181.64,27.3059,133.3511,315.7699,285.3515,63.0123,82.6039,40.0733,146.3502,70.8194,172.9153,136.6401,141.2108,28.3971,52.4783,387.5844,577.6042,410.9382,90.9223,390.379,329.8137,361.943,145.5708,52.1405,100.5644,48.7424,150.085,25.229,140.8049,379.5509,135.7375,98.8665,434.7492,13.711,78.4754,242.84,505.6135,71.2141,71.34,25.6036,243.032,71.1463,30.066,37.8842,67.62,38.708,33.2309,100.8924,89.5376,65.3762,32.774,28.4588,122.1874,81.9942,94.7904
2023-11-16,187.425,119.83,142.83,93.0595,206.6,27.4911,239.196,557.0525,126.3645,364.549,91.6334,36.6014,64.5215,8.5442,183.69,26.6655,135.6393,314.9,283.7313,63.0968,83.2249,42.7771,145.8667,71.0117,170.1199,137.8339,142.8234,28.6087,52.4232,393.012,577.8102,411.3537,91.6708,390.6446,331.2808,368.3072,146.1568,51.7746,100.3685,49.3327,150.4978,24.878,142.1161,379.8758,135.6599,99.9667,435.281,13.8154,79.4506,233.59,506.9377,71.2141,68.05,25.621,243.4826,70.9939,30.2163,37.998,67.9204,37.9531,33.365,100.9116,89.9847,64.5689,32.7649,28.6108,122.7126,81.1535,93.693
2023-11-17,187.4052,120.62,145.18,94.8227,208.04,27.9006,243.8795,555.6757,128.7623,369.9322,91.2844,36.648,65.3953,8.6367,183.67,27.1992,134.0346,317.257,284.4998,63.2406,83.279,43.231,146.6156,70.9871,172.451,137.5492,144.1153,28.4817,52.5241,392.5212,580.7153,410.5135,91.935,393.7926,332.1235,362.1193,146.4889,52.4789,98.8296,49.1512,149.6453,25.0034,140.4795,379.9643,135.7375,98.4375,435.8224,13.8328,79.8229,234.3,503.6227,71.2427,70.75,25.4819,244.4523,70.9401,30.2581,38.0691,67.9108,38.7492,33.5375,101.5559,89.798,64.4854,32.7285,28.6891,122.4643,81.6961,95.9791
2023-11-20,189.144,121.53,146.13,96.5664,217.71,27.9285,241.3546,559.1899,128.6909,366.2535,92.1376,37.1042,65.641,8.6956,183.37,27.6747,134.9657,317.5003,285.3515,63.3083,83.396,44.1487,147.1371,71.7343,173.4569,138.7618,144.5586,28.5917,52.6526,392.8965,586.4958,409.7104,92.3049,397.826,337.0105,369.5506,147.9637,52.4515,99.1653,50.2589,149.43,25.0535,139.7356,384.5904,136.8437,97.2533,439.1772,14.0068,80.3105,235.6,502.5051,71.4905,72.3,25.4036,244.854,71.4601,30.6756,38.1355,68.6764,38.8041,33.6716,101.8636,91.0998,64.439,32.9833,28.6016,123.2091,82.1164,95.5585
2023-11-21,188.3438,119.16,143.9,95.1592,218.27,27.6027,240.3524,562.5598,128.3879,368.4877,91.5752,36.8714,65.3862,8.5695,185.35,27.073,135.679,313.3099,282.7127,63.3929,83.5039,43.0633,146.938,71.5222,171.2226,139.8818,144.2568,28.8963,53.2304,396.3994,581.5886,413.7169,92.3314,402.3021,334.0465,365.2719,147.4754,53.0369,99.3799,49.7953,150.5786,25.3209,139.1219,382.3561,136.5914,96.6846,438.2199,14.0851,80.275,241.2,506.7217,71.7097,72.53,25.4297,247.0677,70.958,31.1099,38.2825,68.4438,38.7172,33.6524,101.7867,90.3629,64.6339,32.8195,28.6615,123.9539,81.9062,95.5219
2023-11-22,189.0057,122.51,146.71,94.267,219.91,27.5748,237.0758,567.1617,128.6463,357.0378,92.1764,36.797,65.5409,8.6283,184.56,27.2671,137.1846,316.7426,286.2867,63.5028,83.477,43.0929,147.5638,71.8478,172.2962,139.6042,144.5963,29.3448,53.5882,396.1203,584.0325,415.7941,92.7013,403.6595,338.5173,369.9521,147.7098,52.9982,100.6577,48.5709,151.8528,25.3376,140.433,383.9211,136.9893,96.4514,439.9119,14.0677,80.5587,234.21,510.6378,72.2053,71.61,25.5167,248.5272,71.3077,31.1934,38.3062,69.0059,38.6989,33.7865,102.0079,90.7657,65.0978,32.9196,28.7997,124.546,82.1555,95.1104
2023-11-24,187.6819,122.31,146.74,94.9333,220.0,27.6679,238.3768,569.3569,129.1544,356.4888,93.1362,36.8156,66.0415,8.7461,185.52,27.3447,135.4016,317.2197,287.6755,63.4352,83.0449,43.379,148.0663,71.7615,173.4569,141.1592,144.7943,29.5648,53.7258,398.6225,589.9307,417.2804,92.2257,405.7943,335.2857,369.5408,147.7879,53.072,100.3965,47.6337,151.9874,25.4881,140.7678,383.3797,136.9893,95.836,440.1826,14.1025,79.6101,235.45,513.7743,72.396,70.82,25.4036,249.0953,71.5139,31.2435,38.4722,68.7733,38.859,33.8919,102.2579,90.5889,65.3391,33.047,28.8734,125.2144,82.2337,95.6225
2023-11-27,187.504,122.65,147.73,92.1566,219.3,27.5097,238.4057,572.7654,128.6731,348.8041,92.2733,36.6666,65.814,8.6956,186.77,27.6553,135.1242,315.8727,287.8792,63.5282,83.675,43.4974,147.7155,71.6776,172.8766,140.0299,144.4643,29.5225,53.6249,397.2559,580.5386,411.2613,92.9743,402.3217,331.7864,370.6961,147.368,53.0996,100.695,48.0984,151.0452,25.1872,140.6376,383.045,136.5817,95.4444,439.3898,14.1025,80.9399,236.08,510.4781,72.1958,69.96,25.3514,248.9386,71.7739,31.1934,38.4248,68.3469,38.7218,33.777,101.6809,90.584,65.1535,33.1653,28.9194,124.4314,82.3657,95.0647
2023-11-28,188.1067,122.01,147.03,91.7794,222.37,27.4818,238.5117,571.8988,129.6981,346.6952,89.6846,36.9739,65.8322,8.7208,189.26,28.0337,135.9067,315.8167,290.1199,63.8073,84.044,43.6455,147.6017,71.8453,172.2092,140.3539,144.7943,29.7171,53.735,395.2638,580.6072,413.8278,93.3442,402.361,336.039,374.7007,146.8698,53.6345,101.4318,47.6786,151.5298,24.8112,141.614,384.0491,136.4847,94.3441,439.8248,14.0764,81.0995,246.72,507.6045,72.1195,71.26,25.2645,247.7632,72.2491,31.2937,38.5007,68.5117,38.7309,33.7674,101.4405,90.7559,65.4505,33.3473,29.0115,123.7916,82.8398,95.0098
2023-11-29,187.0891,123.85,146.32,91.244,224.43,28.2077,240.3909,565.9872,128.272,350.4702,89.6846,36.7597,65.9687,8.9059,189.54,30.6634,133.7176,320.8712,289.9055,64.1541,84.485,44.3461,148.0378,71.7023,173.1184,140.7982,145.5299,29.6833,53.4139,395.899,580.8624,410.8182,94.1015,403.1579,329.3082,370.9311,146.7428,53.8189,102.9428,47.9967,150.0043,25.1371,140.5353,383.675,136.4168,93.104,439.5155,14.1808,82.119,244.14,502.3925,72.0433,72.52,25.2905,249.0267,72.7512,31.5359,38.6999,68.0174,38.4427,34.0069,101.8252,90.8247,64.9215,33.602,28.7812,123.8298,82.615,93.5833
2023-11-30,187.6621,121.16,146.09,89.7796,231.63,28.6017,241.6148,570.6856,127.9957,350.9228,89.8688,36.8342,65.9141,8.6283,188.75,30.751,131.2808,322.0783,292.2079,64.0357,84.071,44.1093,149.3178,71.7319,173.7762,143.1586,147.1896,30.0513,54.0334,398.1893,580.0576,416.313,93.6084,407.1027,324.3021,370.9899,146.6159,53.9573,102.8495,46.6307,152.1698,25.463,142.7578,382.7105,136.8923,92.5912,441.2461,14.4157,81.1704,240.08,519.2867,72.7676,70.14,25.4732,251.4266,73.2802,32.0119,39.084,67.62,38.6989,34.39,102.9406,90.9573,65.5711,33.875,28.9056,125.3863,82.4977,93.9491
2023-12-01,188.9366,121.39,147.03,90.1937,233.87,29.0425,247.4355,574.0651,129.0742,355.1599,89.7622,36.9925,66.6058,8.8974,192.01,31.4905,130.6171,328.5757,297.9216,64.5659,84.8642,43.1619,150.958,72.0056,178.8542,146.6019,147.9063,30.4022,54.2183,397.422,573.1877,417.8378,94.7354,407.6241,321.9924,366.6819,147.0065,54.5659,106.1999,46.6257,152.5315,24.1593,141.958,383.8029,137.7074,92.4979,443.8564,14.581,82.6992,238.83,515.5835,73.2728,69.24,25.3949,251.2013,75.0824,32.2207,39.5298,67.7557,38.9002,34.6487,104.5658,91.1636,65.8402,34.5847,29.2602,125.8828,83.6268,94.1777
2023-12-04,187.1484,118.57,144.84,89.6089,234.87,28.9112,245.4984,576.7899,129.1277,355.2755,89.2095,36.5735,66.087,8.9984,187.86,32.1814,128.0515,329.481,302.0229,64.4044,84.5123,41.7903,151.0054,71.3965,180.7693,147.0648,148.9909,30.659,54.1536,392.5374,574.7972,419.0279,94.3023,401.5938,317.2342,361.4241,145.3754,54.1048,107.7627,45.3745,152.9384,24.4685,141.4001,380.2399,137.0087,91.006,441.5265,14.494,82.3701,235.58,516.6389,73.2346,68.47,25.508,249.2324,75.6293,31.7697,39.0698,67.0773,38.7218,34.6104,104.7388,90.0535,65.9237,34.7758,29.1451,126.1215,83.3091,93.6656
2023-12-05,191.0903,118.38,146.88,88.5567,234.16,28.6861,245.9225,582.8265,127.3361,347.7739,88.0266,36.35,65.8504,8.9143,187.15,31.8019,129.7553,322.2763,301.5382,64.4639,85.1079,41.366,149.8108,71.7541,178.3512,146.7593,148.972,30.6761,54.2368,389.96,577.2214,414.8905,95.0537,402.0463,315.5193,364.7335,145.3559,53.699,108.006,46.4314,151.8534,24.3098,136.4716,381.1947,136.9408,89.0852,441.4395,14.9812,84.1399,238.72,518.5046,72.9869,67.58,25.6036,249.399,75.1272,32.0871,38.5339,66.7671,38.0446,34.4379,103.8926,90.5938,65.4041,34.6302,28.9378,125.9592,83.4557,91.8459
2023-12-06,190.0035,116.82,144.52,87.6372,236.89,28.6392,246.6741,584.8291,127.042,352.011,88.715,36.3035,66.0506,8.9899,187.84,32.0257,128.7944,322.4838,303.971,64.4724,85.4598,40.7246,149.5074,71.3249,178.032,144.9728,147.4065,30.9843,54.1813,386.427,578.301,417.8378,95.4072,403.7087,314.6866,361.0912,143.9787,55.5158,108.6611,45.3715,151.4645,24.0591,136.3693,378.9899,136.5429,90.4652,439.6605,14.7376,85.2605,239.37,517.8168,72.9106,64.76,25.6645,249.0855,74.9031,32.1539,38.4533,66.5927,37.4772,34.2655,104.3542,89.8275,65.237,34.5119,29.3247,126.0547,83.5779,90.6297
2023-12-07,191.9301,128.37,146.88,89.4431,237.33,28.7611,248.0618,588.2182,126.9439,347.8509,89.5392,36.4804,66.3692,9.0993,188.15,32.6096,135.6393,324.9828,304.027,64.5829,85.3335,41.593,149.9435,72.1684,179.3185,143.8436,147.8592,31.241,54.3108,384.8245,577.3391,415.6994,95.4161,406.4337,323.747,363.1963,146.0591,55.193,107.4445,46.4613,151.4194,23.9253,136.2299,384.2852,137.5812,89.9244,443.0154,14.8681,84.7714,242.64,516.6295,72.9678,65.11,25.5254,250.5842,75.1183,32.2792,38.7141,67.9883,37.221,34.4284,104.4503,90.918,65.5154,34.5574,29.2602,125.9019,84.2671,89.9987
2023-12-08,193.3527,128.92,147.42,91.5806,244.7,29.0425,250.0759,588.0545,128.6285,350.2102,90.2882,36.3221,66.5694,9.2591,185.64,32.8432,133.7176,330.8389,304.3066,64.4554,84.783,42.1357,150.5503,72.5309,180.6823,142.9364,149.4907,31.0099,54.1906,387.3536,586.9374,416.5455,94.9034,405.4598,329.8534,366.4077,147.2898,55.0547,108.474,47.3687,149.8098,24.0507,134.9745,385.9979,138.2896,90.0829,444.9199,14.7202,84.0777,243.84,518.0428,72.9392,66.53,25.621,250.5059,74.9927,31.9451,38.8564,68.3081,37.6237,34.6104,104.7773,91.6942,65.0607,34.4846,29.205,126.112,84.6532,91.0321
2023-12-11,190.8532,134.41,145.89,99.8183,248.08,28.9394,251.4444,600.6477,128.6642,347.6678,89.6851,36.5362,66.7332,9.3095,183.59,32.6777,132.0336,331.716,308.8367,64.4129,84.792,43.9514,151.7354,72.6148,181.0595,143.5288,150.0376,31.4807,54.5882,394.0819,573.1877,419.5578,94.8768,408.9521,322.4484,363.539,148.8428,55.0639,111.0007,46.4922,151.7449,23.9337,135.5976,389.2951,139.4832,91.4909,446.6505,14.4592,83.8998,239.74,512.3044,73.6826,66.8,25.6558,251.2699,75.199,31.4607,39.1315,67.7848,37.6694,34.8211,105.7774,92.4949,65.6825,34.6029,29.3938,126.9427,84.8781,91.0961
2023-12-12,192.3648,137.61,147.48,103.9924,248.63,28.8362,251.9359,606.0779,127.0152,346.0886,88.5859,36.5456,66.8515,9.3852,183.49,32.522,131.2709,332.5175,310.5798,64.5574,84.9725,43.458,151.7165,73.1795,180.8757,143.5381,151.3768,31.8915,54.9395,411.9211,573.8944,419.9018,95.4161,413.9102,331.3106,366.5546,150.1711,54.8887,111.9647,47.5193,152.3326,23.8836,135.7091,392.3956,140.57,91.5188,448.6904,14.2765,84.1488,237.01,514.2266,73.9971,64.25,25.5862,254.2477,75.1541,31.1517,39.3591,68.0658,37.1524,35.0702,106.2582,93.1089,65.8959,34.5938,29.2741,127.487,85.142,89.6604
2023-12-13,195.5756,138.19,148.84,105.6808,250.91,30.0557,258.2383,618.1128,128.8959,363.0564,90.2979,36.9087,67.8254,9.4525,187.63,33.0767,131.3204,342.0609,320.0873,65.543,86.2359,43.981,154.3712,74.0575,186.9984,144.2045,151.886,32.2339,55.411,394.5646,586.3976,419.7252,97.0161,417.7763,331.826,366.5447,151.1381,57.646,113.3965,47.949,155.5335,22.2791,138.164,397.3858,142.1906,91.4815,454.8779,14.3113,86.1231,239.29,517.3267,74.9407,65.33,25.3688,257.01,78.0323,30.8928,39.8381,68.7055,37.6694,35.6354,107.441,93.9293,67.093,35.8494,30.3794,129.836,86.2565,90.4559
2023-12-14,195.7238,138.0,147.42,107.3102,256.24,31.838,274.8137,607.3104,133.6378,374.0441,91.3776,37.4487,68.326,10.1589,188.73,35.276,130.6963,361.619,327.9263,65.8324,86.9528,44.5829,156.5234,73.8972,192.2022,145.2042,154.6491,31.669,54.5882,395.5106,563.0105,413.9886,98.0478,411.7558,330.2697,358.2812,150.2298,57.895,113.2561,48.2103,152.1337,21.8362,134.5188,397.0412,142.0935,91.2298,456.3378,14.4853,88.3634,251.05,503.4091,74.1877,67.16,25.134,253.4347,80.2828,31.6277,40.4973,69.0059,38.7767,35.9898,108.8257,93.6984,66.1093,36.8412,29.9833,129.2058,87.4149,92.8884
2023-12-15,195.1903,139.15,149.97,109.565,264.27,31.519,275.363,634.3071,133.1208,371.7812,90.9107,37.2253,67.6616,10.1084,187.0,34.77,131.3501,358.8277,329.9677,65.6873,86.8803,45.55,155.5374,74.1438,190.5869,143.6214,155.8185,31.3181,54.1813,393.2517,561.4106,410.7717,97.9059,411.7657,332.0045,362.9809,150.9134,56.7146,113.7521,48.7487,151.0034,22.254,133.8679,398.9606,141.9673,90.2134,455.5864,14.3722,88.4616,253.5,500.4691,73.7398,67.15,25.2992,252.7489,79.153,31.2101,40.393,68.8315,38.5708,35.7791,108.6814,94.17,66.1093,36.3954,29.4629,128.1077,87.5957,92.2665
2023-12-18,193.5305,138.9,154.07,111.2389,260.41,31.3596,275.3341,655.8929,133.415,368.5937,90.3271,37.2066,67.8254,10.0327,187.85,34.4878,134.5199,354.9518,326.9942,65.73,86.6902,45.0862,155.6985,74.6296,190.6546,143.8806,156.7615,31.4208,54.5697,394.9121,568.9873,415.5134,97.4978,417.5303,341.6201,364.8607,152.5836,56.2535,113.3684,49.9323,152.7305,22.6133,135.923,401.4735,142.9572,90.0363,458.1492,14.32,87.7567,252.08,496.1629,74.1782,68.09,25.2955,253.082,78.9737,31.4607,40.4556,69.6806,38.8858,35.8984,108.6766,94.4516,66.7975,36.2951,29.3964,128.3168,88.1393,92.9524
2023-12-19,194.5679,140.15,153.79,111.0275,263.51,31.4346,282.3208,652.5229,135.162,379.3599,91.3679,37.5232,68.3988,10.1084,189.13,34.9062,135.3619,360.6571,328.1687,65.9178,86.8532,46.0434,157.1018,74.9724,194.3495,144.8247,158.855,31.2325,54.394,397.7984,569.0363,416.3316,97.622,418.5535,347.3101,365.458,153.4725,56.7792,114.7722,49.4606,151.8624,23.5326,135.923,403.5249,143.6073,91.1179,460.9351,14.4505,88.2296,257.22,493.7978,74.3212,69.36,25.1845,254.6689,79.5744,31.3772,40.8281,70.3899,39.3524,36.168,109.5178,94.811,66.9284,36.5434,29.5638,129.18,88.8297,94.1777
2023-12-20,192.4833,135.47,152.12,108.1826,260.25,30.9374,279.1888,636.4059,133.9231,372.9271,88.7804,36.8477,67.7086,9.9234,188.1,34.517,137.036,356.0081,324.9902,65.9264,87.2786,45.1552,154.4725,74.0146,190.5479,141.8719,157.0633,30.5991,53.266,392.2671,559.6147,411.5062,97.8793,412.6313,346.2394,362.8731,150.936,55.1838,113.6398,47.972,149.8189,23.0897,133.8214,397.5286,141.7375,88.3112,454.5478,14.2678,88.8274,247.14,486.1557,73.3053,68.79,25.2955,251.8478,78.6061,31.1517,40.2024,69.8458,38.9874,35.523,107.7484,93.3783,65.6287,36.0836,28.964,127.3096,87.2089,92.6049
2023-12-21,192.3351,139.91,153.84,109.8301,262.02,31.1438,279.5357,640.411,134.3331,378.782,89.51,37.5403,68.8052,10.3775,189.43,35.276,139.0964,358.8842,325.2791,66.2252,87.1428,46.4578,156.0556,74.7609,193.7904,143.3252,157.9592,30.7789,53.6173,394.9411,561.3713,416.5455,97.8438,416.5565,351.0076,365.7321,152.9428,54.9625,114.6693,48.8484,150.9763,23.6579,134.1469,402.154,142.9931,88.8894,458.8578,14.3461,88.2653,254.5,489.8778,73.8516,69.03,25.129,254.2281,79.3032,31.2603,40.6275,70.5356,39.1399,35.8695,108.8603,94.427,66.0869,36.3871,29.0152,128.8635,88.5359,93.0255
2023-12-22,191.2681,139.6,153.42,109.3128,260.44,31.3596,279.8152,646.6115,134.6361,382.1333,88.5373,37.36,68.8698,10.386,190.27,35.0522,140.1563,358.9597,324.925,66.1484,87.0614,47.3656,156.6659,74.8227,195.596,143.8991,157.8649,31.1212,53.9224,396.4952,559.7914,416.7314,97.6752,417.2057,350.3137,366.7504,153.0799,55.1008,101.1088,48.6889,151.6183,23.7331,135.0954,402.7556,142.7887,88.8427,459.7799,14.3983,87.8638,252.54,490.283,74.1966,68.69,25.1198,253.1408,79.6118,31.3104,40.8806,70.5453,39.2554,35.9466,109.3824,94.5501,66.5918,36.5342,29.1128,129.5061,87.8846,93.1901
2023-12-26,190.7248,143.41,153.41,110.2783,262.79,31.7629,284.8939,649.519,135.8484,386.4185,88.4692,37.6541,69.1831,10.4701,191.72,35.1592,140.186,359.865,325.5961,66.2765,87.1156,49.8326,157.5624,75.0846,198.1395,144.5285,158.7985,31.241,54.1443,395.7133,560.0662,418.5537,97.8793,416.7827,351.7411,366.8287,153.9316,55.525,101.0901,49.1366,152.6852,23.7415,135.7091,405.2212,143.4311,89.2064,461.7213,14.4157,88.1136,256.61,490.0192,74.3787,70.21,25.0642,253.8558,80.2018,31.302,41.0716,70.8174,39.5926,36.091,110.1559,94.9439,66.8723,36.8009,29.2895,129.7939,88.2568,93.4004
2023-12-27,190.8236,146.07,153.34,109.721,262.1,31.7442,287.2934,656.5891,135.4027,386.7749,87.9147,37.8723,69.5517,10.4196,192.59,35.1106,139.0469,362.5715,324.869,66.5497,87.7945,50.0892,157.7912,75.1538,198.8385,144.7229,159.7509,31.2582,54.283,396.9489,570.7048,417.4287,98.7931,417.4615,354.715,366.251,154.3134,55.8662,100.2572,49.2742,153.1735,23.9086,135.8207,406.0461,143.7037,88.8521,462.5562,14.4244,89.675,261.44,492.6198,74.5128,68.92,24.9347,253.6305,80.5921,31.16,41.1719,70.8271,39.417,36.2065,110.3203,94.939,67.1809,37.0124,29.2709,130.3406,88.5604,92.9615
2023-12-28,191.2484,148.76,153.38,109.3546,260.35,31.7817,286.0984,652.9459,133.4952,385.8954,87.9342,38.1664,69.3674,10.3775,191.47,35.2273,138.9082,364.3915,323.7784,66.3362,87.4596,49.7241,158.0201,75.1736,198.0812,144.9358,160.5997,31.4465,54.32,395.5589,570.0569,419.5299,98.5358,419.3897,355.2008,367.4357,154.2253,56.272,101.8388,49.3789,153.1645,24.0591,135.5138,405.8487,143.6618,89.4488,462.7309,14.5636,89.0237,253.18,494.6082,74.6374,67.18,25.018,255.0704,81.1639,31.3104,41.0143,71.0214,38.8165,36.3124,110.3493,95.0522,67.2089,37.2423,29.4801,130.6763,88.1001,91.6173
2023-12-29,190.211,147.41,151.94,108.7545,260.66,31.5847,284.9324,649.972,132.9515,386.4849,87.8272,38.1475,69.4411,10.2514,191.17,34.9549,138.3733,363.788,323.0234,66.0801,87.2424,49.5859,157.591,74.9166,194.8485,145.0839,160.4111,31.6519,54.4864,396.4663,572.0886,421.3987,98.172,419.5765,350.8787,368.1798,153.589,56.0138,101.6048,49.3789,153.5714,24.0591,136.2671,404.0923,143.3112,89.5234,461.3913,14.5984,88.2207,248.48,496.0875,74.7812,66.65,25.0642,255.0215,80.2018,31.4858,40.852,70.5939,38.7287,36.1969,110.2139,94.7618,67.3492,36.8377,29.4429,130.8106,87.5565,91.4253
2024-01-02,183.404,138.58,149.93,105.7469,251.76,31.8005,282.0799,640.6865,133.2367,387.4901,88.2357,37.7016,68.667,10.2262,190.72,35.0814,136.8676,366.1739,321.6532,65.8581,86.9165,47.1683,158.1441,73.8046,193.6933,148.0737,162.2783,32.6276,55.3093,395.3755,581.1961,424.0764,97.5067,415.0317,343.2755,363.1179,150.7794,56.7792,99.7144,48.0288,156.3473,24.8446,138.3128,397.2542,142.269,87.3415,458.8093,15.0073,87.7121,248.42,508.2148,75.0687,65.77,25.277,253.5718,80.8916,32.4712,40.7803,70.1956,39.1445,36.3509,109.102,92.2805,68.1065,37.1779,29.8706,133.1126,86.7437,93.6016
2024-01-03,182.0308,135.32,148.47,103.1358,243.91,31.4534,273.9753,634.8178,135.7771,380.1831,89.1501,37.4929,68.1509,9.8477,189.13,34.3223,137.6105,360.0348,315.2962,65.6787,87.1247,46.4282,156.7136,73.083,188.5286,148.9993,161.571,32.5934,55.4388,394.5356,606.2223,426.8656,97.2849,411.9624,341.4713,362.8535,149.4969,57.1665,97.3655,47.4315,156.3835,24.8446,137.4759,393.0506,141.3535,86.9312,455.0622,14.9899,88.0779,238.45,510.7495,74.8962,68.19,25.3603,252.7,78.9583,32.7051,40.3409,69.9333,39.782,36.0428,107.4777,91.3402,67.5736,36.2951,29.9822,132.892,84.9907,94.388
2024-01-04,179.7189,136.01,144.57,102.2034,244.94,31.7067,275.71,638.4218,134.2885,379.2553,88.0898,37.3695,68.3076,9.8225,189.32,34.5364,135.1044,361.1287,315.6038,65.4226,86.5998,46.2506,156.4752,72.7569,188.1597,148.6846,162.6432,32.3366,55.2539,394.4198,603.0818,425.7035,96.7437,412.9461,344.0983,360.2492,149.1151,56.9913,95.7371,47.8593,155.0453,24.3098,138.2291,391.0278,140.8567,87.2296,453.5965,14.9203,86.7396,237.93,513.9439,74.7524,67.57,25.3603,254.2966,78.8131,32.8805,40.212,69.7001,39.0844,36.1872,107.6131,90.6706,67.4801,36.2032,29.8892,133.5538,84.3933,93.565
2024-01-05,178.9977,138.58,145.24,102.2297,249.0,32.2976,278.4372,645.9644,134.0568,382.7057,88.4205,37.417,68.3537,9.9655,189.35,35.023,134.4506,364.4198,319.6585,65.4738,86.283,46.2703,156.9425,72.8409,187.6064,149.1474,163.4593,32.4736,55.1706,394.9314,607.0565,424.4297,96.3977,412.6018,348.8863,360.0632,149.4284,57.2495,95.5312,48.9551,152.7576,24.6273,137.0854,391.4916,140.9833,86.7075,454.2177,15.1987,85.9099,237.49,506.368,74.6183,69.03,25.3603,254.375,78.6133,33.5737,40.2789,69.9915,39.1168,36.3413,107.7387,90.646,67.3305,36.1296,30.0008,133.4387,84.5256,93.8485
2024-01-08,183.325,146.18,149.1,104.7209,229.0,32.0444,281.6366,651.5574,133.2546,384.6582,89.0528,37.5213,69.0817,10.0664,187.87,35.7139,137.5313,366.7018,324.3097,65.841,86.5726,47.8097,158.0869,74.3334,190.9847,149.5177,163.222,32.7389,55.5775,394.1302,614.3975,426.3822,97.1341,415.7744,355.5378,366.8581,152.9624,58.0241,96.9724,52.102,152.9113,24.7192,138.2664,399.5829,143.0677,87.8264,460.7021,15.0682,86.7575,240.45,505.5576,75.1933,66.4,25.314,257.1667,79.7389,33.4901,40.4508,71.0797,38.6641,36.5723,108.4446,92.9205,67.826,36.6262,30.2193,134.6185,85.9652,92.2848
2024-01-09,182.91,149.26,151.37,105.4653,225.76,31.5472,281.6751,656.9633,129.8675,380.0575,87.2241,36.99,68.4643,9.9571,187.93,35.5582,139.6214,361.8737,322.6879,65.9434,86.5364,47.415,157.1714,74.5459,189.2761,149.6103,161.9316,32.9957,55.4758,392.5857,613.8578,424.2345,97.3026,416.3854,354.3185,367.9351,153.4813,57.1849,96.1489,52.9864,151.1571,24.5688,138.8336,400.3723,142.9605,86.8007,460.0032,14.9869,86.2043,234.96,507.3007,75.0495,67.39,25.3973,257.9405,79.2033,33.1547,39.9875,70.934,38.0451,36.3413,108.1062,93.0682,68.0037,36.3687,29.9729,134.5993,85.6469,91.1418
2024-01-10,183.9474,148.54,153.73,105.2782,227.84,31.519,282.6966,662.4579,128.7979,380.5311,86.8544,36.9046,68.9066,9.9487,187.5,35.3344,140.9389,360.195,332.5776,66.063,86.4006,46.8426,157.1427,75.3169,189.3829,149.8324,162.2732,32.4308,55.6607,391.8038,618.4803,423.4069,97.1784,421.972,367.245,374.7692,154.9791,57.4339,97.1128,54.1929,150.9311,24.2262,139.4287,403.0859,143.8177,87.183,462.6047,14.9161,85.8028,233.94,506.6128,75.2412,66.56,25.3511,259.1453,79.2941,33.1887,39.935,71.5946,37.6709,36.399,108.6573,93.8608,67.8634,36.4239,29.9683,135.2132,86.3324,90.2456
2024-01-11,183.3546,148.02,155.18,107.1693,222.66,31.0969,281.4535,663.2653,129.4931,377.1579,87.0101,37.0564,68.8974,9.8477,187.87,34.8965,140.7408,358.111,332.3259,66.2765,86.8622,47.0104,156.561,75.4232,187.8976,149.1659,161.59,32.1654,55.3001,391.881,623.9074,421.2964,97.7639,420.4448,366.452,376.5903,155.8699,55.9953,99.1061,54.6636,150.2168,23.7331,139.9587,403.9246,144.1683,86.6608,462.4008,14.3503,86.2846,227.22,508.5351,75.1645,67.65,25.3696,258.6262,78.5589,32.1866,39.8156,71.3614,37.7679,36.2642,108.4059,94.3384,67.8541,36.0836,29.2709,135.1173,86.2198,90.2273
2024-01-12,183.6806,146.56,154.62,107.9195,217.7,30.7686,279.8634,672.7775,131.2669,373.5722,87.8855,37.1893,69.1831,9.6375,189.71,34.3126,141.3054,356.2249,331.5616,66.3448,87.0976,46.4973,156.4943,75.5072,187.587,150.3137,160.4039,32.251,55.8364,394.7383,630.9737,430.6404,97.9769,422.7898,371.23,380.3501,156.1832,56.2904,98.32,54.5519,151.2475,23.9838,140.0424,404.1318,144.5189,85.7657,462.7212,14.5713,86.1151,218.89,491.4138,75.5287,68.02,25.3973,258.7633,79.0309,32.7471,39.8538,71.7112,38.1929,36.1969,108.3962,94.6436,68.0691,36.3595,29.4383,134.7815,85.1817,91.3978
2024-01-16,181.4182,158.74,153.16,108.6288,200.52,30.1307,276.7989,671.0543,128.0759,372.4509,90.5119,36.288,68.0219,9.6375,187.91,34.4391,141.1469,358.7712,334.0969,65.9264,86.3916,46.4381,155.369,75.4034,185.2667,148.5828,159.3981,32.1911,55.4665,392.5471,622.7789,425.6756,96.9832,422.0508,364.2612,382.1124,156.5748,55.6541,95.1943,56.2191,150.2529,23.6663,139.2892,404.0923,143.8956,86.437,461.0224,14.5359,84.5984,219.91,489.19,75.3083,67.25,25.6194,259.8114,78.45,33.367,39.3953,71.3031,37.2829,35.9466,107.3037,94.8799,67.6951,36.1388,29.1175,133.9759,85.0837,89.3312
2024-01-17,180.4797,160.17,151.71,107.5288,203.06,29.8305,268.5112,673.7128,127.5678,365.9366,87.8758,35.7472,67.3768,9.4777,185.84,34.0693,140.1365,355.6874,331.5523,65.6446,86.111,45.4513,154.339,75.0574,183.9464,148.4995,158.5441,32.3452,55.4665,392.6436,617.224,424.4019,96.7792,421.1345,365.1633,381.3292,155.6839,53.7359,94.352,55.891,150.4971,23.5242,139.4287,401.813,143.3209,85.5699,458.4598,14.5094,84.4645,215.55,494.6459,75.1454,67.94,25.6379,261.1729,77.0159,33.0103,39.1088,70.8659,36.9734,35.8792,106.5785,94.4122,67.6484,35.4767,28.6944,133.7073,84.3395,88.6819
2024-01-18,186.358,162.67,153.5,111.4493,211.61,29.7649,271.6625,676.7851,126.4091,368.6235,89.6948,36.0413,67.9758,9.2422,187.37,33.6509,142.1275,355.4328,333.6029,65.7812,85.9209,46.1223,154.8445,76.0681,185.0338,149.2215,158.8573,31.6776,55.6237,393.7054,611.7673,427.284,96.5929,424.386,372.8557,385.6372,157.7202,53.1642,94.4643,56.942,151.1571,23.4741,138.6249,407.5164,144.7818,87.0338,462.5367,14.5006,83.6794,211.88,486.5421,75.5191,69.06,25.6656,262.6521,76.5983,33.0698,39.233,71.7306,36.9133,35.9369,108.0191,96.3273,67.5642,35.2468,28.3876,133.6881,84.8193,88.5173
2024-01-19,189.2527,174.23,155.34,118.0053,215.02,30.2245,276.1934,684.3278,126.7835,369.909,90.5216,36.4208,68.1325,9.4188,187.93,34.5559,145.0002,360.4214,337.8067,65.8922,85.93,47.5137,156.1891,77.1554,186.8103,149.6565,161.5995,31.7375,55.3186,393.2517,616.9001,425.6012,96.6905,430.3568,380.112,390.3369,161.1171,52.8045,95.2505,59.3191,149.9003,23.6329,138.0915,415.5978,146.8857,87.5187,468.3028,14.7393,83.9471,212.19,474.4997,76.075,68.82,25.6286,265.3556,77.5151,33.401,39.2712,72.7022,37.0334,36.5145,108.725,98.5477,67.3679,35.5871,28.3504,133.7648,85.6371,88.6545
2024-01-22,191.5546,168.18,154.78,118.9114,214.93,30.5341,279.4754,681.9055,127.0063,371.7164,92.4865,36.0982,68.3445,9.4188,187.22,34.371,144.6139,363.9671,332.475,65.9434,86.1925,47.5827,156.7803,77.4025,190.8003,150.3878,161.4097,31.4636,55.0782,392.3733,619.1574,426.531,96.9566,433.2831,378.4565,388.222,161.5479,52.4264,94.1087,59.4816,149.2945,23.6579,138.3629,416.1405,147.4019,86.7821,469.293,14.8542,84.4467,208.8,483.3854,76.2091,69.69,25.6379,265.6494,77.978,33.6133,39.3858,72.848,37.172,36.6878,109.5661,98.9809,67.0406,35.7526,28.2062,134.3499,85.26,88.5356
2024-01-23,192.8291,168.42,156.02,119.4775,211.5,30.7404,279.6302,677.0608,126.6498,374.4903,91.2122,36.4113,68.1509,9.5618,187.95,34.2834,145.654,359.0728,326.9662,65.8666,85.9752,48.2439,157.0855,77.5977,190.2469,147.9256,160.347,31.7974,55.3371,393.744,617.9797,408.7821,96.6018,432.3077,381.8468,390.562,161.6849,52.9152,95.3627,59.7,151.5821,23.7582,144.0898,417.8673,147.0707,85.7564,470.6617,15.1991,83.7775,209.14,485.7695,76.535,69.66,25.7026,265.7082,77.4425,35.8638,39.5147,73.5669,37.2505,36.7456,109.4791,99.3797,67.7699,35.5595,28.2574,134.254,85.0544,89.5324
2024-01-24,192.1573,178.29,156.87,122.1626,214.13,30.9374,281.4214,675.9973,129.1723,375.4085,90.9496,36.8193,68.667,9.2759,186.4,33.7677,147.2984,357.7809,323.6946,65.8324,85.7309,48.4412,156.4275,77.8918,188.6839,147.1388,161.7798,31.5149,54.4679,387.3633,621.925,401.3254,96.4155,432.2487,387.2989,394.1455,163.2806,52.574,94.2959,61.1847,149.7375,23.6746,142.3492,420.1862,147.3337,85.8216,471.1761,14.7481,83.2868,207.83,483.6116,76.1996,70.54,25.6286,266.0903,76.3351,35.057,38.9799,74.0235,37.7818,36.89,108.8023,100.0641,66.9377,35.0721,27.8715,133.0262,84.7312,91.0778
2024-01-25,191.8313,180.33,157.75,119.837,201.88,31.322,291.19,669.4886,132.4256,379.8545,92.2725,36.8667,68.8605,9.5366,187.14,34.2153,150.4385,360.8929,327.1433,66.3362,86.1019,48.8952,158.0296,77.9907,190.2469,147.6942,164.095,31.8915,54.6991,389.4774,615.958,400.7583,97.0542,430.3765,389.7573,396.4073,164.3869,53.4685,94.3052,61.4389,150.6055,23.3014,145.6244,420.6993,147.7622,86.3531,473.7388,15.1902,83.8311,182.63,464.926,76.5925,72.23,25.7026,267.0306,77.3154,35.9148,39.3906,75.2283,38.6317,37.0729,109.8465,100.4825,67.5829,35.5503,28.3736,132.8249,83.6833,93.3913
2024-01-26,190.1024,177.25,159.12,117.3896,205.47,31.3596,289.8927,676.3618,132.9337,380.4441,92.7589,36.8952,69.1647,9.5786,187.01,34.2348,150.7554,356.2627,331.1794,66.285,85.9481,43.0731,158.1059,77.8968,190.2566,147.6386,163.4687,31.8488,54.8933,390.0276,627.3719,399.7077,96.7792,432.0811,390.709,395.4869,163.6331,53.9296,96.1582,60.8546,151.781,23.3014,146.1111,418.193,147.4116,86.5303,473.137,15.2875,83.6705,183.25,474.1604,76.65,73.1,25.7026,262.4562,77.0975,36.0082,39.4049,75.4712,38.9181,37.2077,109.6725,99.3256,67.9102,35.394,28.4573,133.5826,84.0653,94.1868
2024-01-29,189.4206,177.83,161.26,118.6454,205.19,31.5284,293.591,683.3826,132.8802,384.3682,94.8308,36.9141,69.5701,9.7132,188.33,34.4391,152.063,358.8749,331.5523,66.4302,86.464,43.2606,158.8784,78.7221,193.5865,147.5091,163.8957,31.9343,55.2261,391.5431,633.0151,397.9412,97.1784,434.1009,397.5291,401.1559,165.5029,54.9348,97.2157,62.2845,152.0432,23.3099,146.1298,422.4755,148.7557,87.4627,476.8839,15.2521,84.6341,190.93,475.4231,76.8704,72.05,25.7026,268.0591,77.6058,35.7109,39.6007,76.1027,38.8627,37.3039,110.388,100.2364,68.3029,35.6514,28.6386,134.5226,85.2943,94.3057
2024-01-30,185.7751,172.06,159.0,117.7091,200.44,32.6353,295.0529,690.0094,133.8072,383.6433,94.2958,36.62,69.478,9.9066,188.59,37.125,150.0323,364.8252,332.8572,66.3448,86.5816,42.3528,159.3552,78.4083,191.9361,146.9629,167.2547,31.9686,55.3833,393.7054,632.9954,401.3534,97.4889,438.6432,396.5774,400.0495,165.1407,54.6674,97.4965,62.5926,153.3724,22.9197,147.3743,419.6632,148.7557,87.7238,476.5151,15.4997,85.4013,191.59,474.5468,77.1292,72.81,25.6841,271.4777,76.8797,36.0676,39.7822,75.5877,39.2646,37.7757,110.4267,99.4093,68.6862,35.3204,28.6293,134.8295,85.2453,95.8786
2024-01-31,182.1789,167.69,155.2,114.9655,211.04,31.9036,290.7446,684.2392,131.4095,380.4054,93.4301,36.4208,69.1278,9.8561,188.45,37.7575,138.7794,362.1282,328.9982,66.1569,87.3057,42.5107,157.6864,76.7428,187.2472,147.0833,165.4423,31.7803,55.0042,390.7902,633.6137,399.2428,97.7373,442.6237,386.7438,389.2697,162.1646,54.0679,95.0165,61.3492,152.3869,22.9706,147.0468,411.4436,146.5837,86.7448,468.7397,15.6412,86.24,187.29,482.2076,76.4008,70.92,25.7489,267.6673,76.1445,35.9657,39.2616,73.7223,38.5301,37.3136,109.1504,97.3218,68.1813,35.0629,28.5689,134.6473,83.6931,94.0131
2024-02-01,184.6093,170.48,159.28,116.9151,209.81,31.4721,297.8896,694.7119,131.8195,380.5021,94.4125,36.7718,69.8098,10.1757,190.41,37.8256,139.8294,361.9774,335.6256,66.5379,87.8465,42.787,159.1931,77.8745,189.7324,146.5834,164.8445,32.3195,56.3819,394.4777,648.1583,399.5775,98.4932,454.1418,391.3434,395.34,164.9351,55.1008,95.2317,62.8449,155.2532,23.1487,148.9558,416.2885,148.3369,87.0618,474.8745,15.9506,87.9317,188.86,477.8731,77.2729,69.07,25.6194,271.3797,77.5242,36.0846,39.9159,74.4802,38.5255,37.3713,111.0068,98.5477,69.5745,35.679,29.1128,136.3929,85.3041,93.629
2024-02-02,183.6115,177.66,171.81,119.2855,209.38,31.3971,305.0539,699.6426,135.6968,379.4582,94.4806,36.6675,69.2568,10.2094,188.61,37.8645,141.0379,365.7589,332.9785,66.2376,86.7032,42.037,159.0405,79.4165,188.7325,144.9636,165.7934,32.2254,55.975,392.9718,655.2442,396.0445,97.594,453.8068,470.8551,402.6245,169.2523,53.6253,94.2491,65.9688,154.5931,22.8434,147.9358,423.324,150.2848,86.7075,479.8737,15.765,85.9894,187.91,480.7848,77.0046,67.51,25.8507,271.507,76.562,35.7789,39.6819,77.4726,38.5809,37.5254,111.7513,99.5668,69.3501,35.2284,28.5875,136.1915,86.827,93.245
2024-02-05,185.4194,174.23,170.31,121.1133,206.63,30.9468,311.1629,701.2992,135.7771,373.1082,94.0137,36.7149,68.8882,9.7468,187.57,36.7746,142.3257,361.1947,331.0303,65.9287,85.8594,42.2048,157.5528,79.3448,186.3346,144.2138,165.5752,31.8573,55.5127,386.7359,693.0779,392.0746,96.6592,450.043,455.4108,397.171,169.6732,51.6149,93.2852,69.1316,154.5479,22.538,148.0481,422.7715,150.1972,86.2599,478.1265,15.6765,84.253,181.06,473.9343,76.5446,68.18,25.9895,269.9398,74.9555,35.1419,38.6742,76.3844,38.4839,37.3039,111.1421,99.7933,68.92,34.5296,27.9924,136.6135,85.6028,92.8609
2024-02-06,187.0199,167.88,169.15,119.1209,208.58,30.9937,312.4409,700.9344,135.7949,375.8821,96.5817,37.5498,69.3121,10.1505,188.55,37.0082,142.7417,363.0524,332.0649,66.1689,86.3222,42.2988,158.4969,79.4387,188.0141,146.3057,166.1445,31.8488,55.4203,401.1481,691.9297,396.9557,97.2023,453.728,450.7616,397.0143,168.9292,51.8547,96.0272,68.0258,155.0,23.3269,148.7499,421.9229,150.4602,89.2064,479.5146,15.5704,85.0764,185.1,481.1993,76.6979,68.81,25.9154,271.0957,75.963,34.9041,39.3571,76.1513,38.6086,37.381,112.138,99.3354,69.0789,35.0537,28.0947,138.1002,86.1218,93.501
2024-02-07,187.1286,170.94,170.53,122.4734,211.92,31.1251,313.2831,709.7998,135.5988,373.0309,96.4358,37.5972,69.2752,10.7644,188.5,37.6796,144.1681,364.6273,338.0677,66.2805,86.1679,42.3384,158.9166,80.4568,187.5772,146.2317,166.4576,31.1555,55.4665,402.3741,711.9014,399.8844,96.9174,455.1173,465.5022,405.3954,171.6605,51.993,97.1315,69.8964,155.0453,23.3778,148.8996,426.2645,152.2231,88.8707,483.514,15.3229,84.6647,187.58,489.4162,77.0333,69.42,25.8877,273.6718,75.854,34.3267,39.6723,76.5399,38.6872,37.6601,112.8825,100.6499,69.0135,35.0353,28.1133,138.4743,87.0865,93.4736
2024-02-08,186.0517,169.35,169.84,124.1979,209.22,31.0688,311.7438,714.119,137.3191,372.9148,107.5248,37.3885,69.1554,10.7896,188.33,37.6115,144.5347,363.0995,339.0278,66.2462,85.8867,42.0613,159.1454,80.5977,190.4217,144.7692,165.8599,31.2154,55.3186,399.6422,722.0101,397.0021,96.4188,451.521,465.9086,405.4541,172.4045,51.91,97.1128,69.4397,157.1973,23.3862,148.4505,427.0539,152.5834,90.6061,483.7275,14.8719,84.1724,189.56,490.0757,76.9183,71.52,25.9154,270.6394,76.4713,33.8935,39.6198,76.8314,39.0844,37.5157,112.9019,100.965,68.9948,35.2284,27.9133,138.2345,87.4684,95.0739
2024-02-09,186.8134,172.48,174.45,125.0435,209.2,31.0219,307.058,713.3697,134.6272,368.5269,105.4335,37.5498,69.3951,10.6635,187.6,37.5239,147.5955,362.364,338.4966,66.3835,85.7324,42.8629,159.2503,81.4181,193.5185,145.1024,166.0591,30.7874,55.0689,404.8742,726.4067,396.5373,96.2942,451.1465,464.0351,411.7595,174.7051,52.1774,97.7959,71.9245,151.6092,23.3778,147.3088,431.2574,153.5379,91.2721,486.5232,14.8896,84.0023,193.57,488.3136,77.0046,71.67,25.8969,271.2773,76.5892,33.7322,39.7058,76.9188,38.4839,37.6216,113.0759,102.3238,68.359,35.3204,28.0203,138.129,88.0903,93.0621
2024-02-12,185.1318,171.91,172.34,123.247,209.33,31.5378,311.3857,712.3933,135.5542,376.3557,106.3089,37.8439,69.5149,10.9158,187.11,38.2246,146.1394,370.2664,340.6404,66.2376,85.8141,43.5755,160.2803,81.0375,197.0328,146.1113,166.7992,31.1212,55.1984,405.0576,723.5607,397.9969,96.3031,451.9643,464.8181,406.58,173.6772,53.072,100.304,72.0392,154.2676,23.4626,147.0187,429.5701,153.5282,89.5555,486.3096,15.0488,84.1008,188.13,487.7671,76.9471,72.11,25.9247,269.9427,76.6074,34.0549,40.021,77.1617,38.9089,37.7949,113.2403,101.5459,68.8452,35.21,28.3457,138.3112,88.0168,94.3423
2024-02-13,183.0445,171.54,168.64,121.9463,204.46,30.7217,302.8755,704.3464,134.235,366.5744,107.447,37.1323,68.4458,10.6635,184.53,37.2807,143.7719,357.168,333.3139,65.7056,84.8705,42.7144,157.858,79.8736,188.9267,144.834,165.3474,30.9244,54.8748,401.8142,729.1646,396.5558,95.2436,453.6885,456.1146,397.8269,171.6116,50.9509,98.2639,71.9195,152.7033,22.8773,146.2327,422.8701,151.6192,88.0546,479.6117,14.9427,82.6597,184.02,487.0226,76.3721,72.65,26.1282,270.6688,75.0281,34.0804,39.4574,76.0735,38.5163,37.2847,112.08,99.8228,68.1065,34.5664,27.8761,137.026,86.2638,93.5301
2024-02-14,182.1641,178.7,170.98,122.9761,203.38,31.0781,306.6223,712.1666,134.6005,371.9,108.517,37.6636,69.2107,10.5626,184.42,37.339,144.5643,356.4984,333.9106,65.963,85.188,43.7338,159.1359,80.83,193.3147,144.1583,167.0269,29.2382,54.8193,403.8896,744.5409,388.811,95.6888,458.349,469.16,401.6721,175.0477,51.6518,99.5085,73.6864,151.4736,22.996,145.6338,427.4782,153.1581,88.2422,483.9702,14.9515,83.0804,188.71,487.1075,76.7554,71.55,26.082,272.3862,75.618,34.0974,39.7105,77.288,38.4793,37.6409,113.9557,100.8665,67.9756,34.7962,28.0296,138.2153,87.1746,93.0686
2024-02-15,181.8772,176.76,169.8,123.2538,205.33,31.9599,312.7797,714.4642,139.1779,352.4536,109.3827,37.8439,69.9941,10.813,185.66,37.9424,141.4243,363.4579,336.567,66.1947,85.4239,43.5953,161.2244,80.9708,198.4696,146.1761,170.6705,29.9315,54.921,413.8228,745.0031,393.3947,96.036,464.3495,479.8165,398.798,175.3806,52.8138,99.2465,72.448,151.781,23.3354,146.9252,428.7512,154.0444,87.4449,487.3094,15.1107,83.51,200.45,490.8201,77.2921,72.84,25.9802,275.7425,77.3789,34.471,40.4603,77.9195,39.551,38.2859,114.8066,100.6548,68.4151,35.633,28.4991,139.2225,88.1833,95.7359
2024-02-16,180.3439,173.87,169.51,121.3452,203.89,31.9787,311.6566,713.9514,139.331,348.6068,108.5559,38.0241,70.1047,10.623,186.34,37.6602,139.1954,362.5338,337.7508,65.9973,85.0519,43.0608,160.7762,80.4642,195.7708,146.0083,169.8735,29.7945,54.9118,416.6608,768.8735,394.278,95.6888,461.2458,469.1997,396.3458,173.6478,52.5924,96.8694,72.4031,150.3886,23.4287,147.393,424.8634,152.8756,87.4449,484.8827,15.0046,83.0267,199.95,491.4514,77.11,73.41,25.9895,273.3676,76.5802,34.3861,40.6753,76.705,39.5279,38.1511,114.1201,99.7293,68.5179,35.2652,28.4666,139.6733,87.6594,95.7359
2024-02-20,179.6021,165.69,167.08,119.5008,203.37,31.8567,303.7469,715.6279,138.7634,345.4172,106.4548,38.081,70.3904,10.5798,187.47,37.9619,139.7898,362.6092,337.9558,66.1346,85.1971,44.0604,160.5664,79.6586,193.072,147.2301,170.5377,30.4878,56.123,420.8406,742.9186,394.4639,96.0092,445.1066,467.6433,395.1,171.4647,52.2051,96.6729,69.2513,152.4953,23.4032,148.3288,421.6564,151.7361,87.67,482.2132,14.9515,83.0983,193.76,490.9897,77.0717,72.42,25.9524,270.0211,76.444,34.3946,40.5893,76.5885,39.1676,38.0452,113.7624,98.7151,69.2379,35.21,28.448,139.2033,86.8319,94.8314
2024-02-21,180.3539,164.29,168.59,119.5885,201.57,31.6129,307.0386,712.9948,140.0609,345.3302,104.7331,38.1475,70.4457,10.4848,187.48,38.4289,141.2063,366.1454,339.41,66.0145,84.9249,43.0212,161.3102,79.4486,192.1594,147.9948,171.6479,31.1469,56.6223,424.2192,733.3331,397.5135,95.7689,452.2993,464.448,394.5016,169.918,52.657,98.5165,67.277,152.6581,23.4711,150.0974,419.9691,151.9796,89.1334,482.65,15.0311,82.5076,194.77,491.8472,77.3113,73.2,25.9247,271.6012,76.8706,34.9041,40.8137,76.501,39.9021,38.1607,114.2168,98.0948,69.4904,35.4675,28.8246,139.5102,87.4733,96.7696
2024-02-22,182.3817,181.86,174.58,127.1344,201.5,31.5284,311.8309,724.2171,140.0519,344.8372,104.7039,38.5364,71.2382,10.4676,187.56,38.283,142.7318,368.2202,346.1305,66.332,84.934,42.5363,162.6072,81.8629,193.6156,149.6456,173.7069,31.164,56.539,431.5267,756.663,398.7594,95.9202,464.6254,482.4095,403.7909,176.5945,52.2604,98.3387,78.311,152.1337,23.3693,150.2471,432.2639,155.8949,89.8463,492.6387,14.6686,82.9104,197.41,496.1158,78.1067,73.6,25.9247,278.4608,77.0159,34.5899,41.2245,77.6475,39.9713,38.6036,115.6284,101.3047,69.7054,35.5595,28.6014,141.1504,89.1724,96.6865
2024-02-23,180.5517,176.52,174.99,126.3033,200.83,31.8192,313.5639,727.6982,139.3581,352.4536,104.8012,38.5174,71.3304,10.4848,188.62,38.5652,142.603,368.7671,346.7084,66.3749,85.3241,42.5462,163.0459,81.7764,194.0525,150.9421,174.5798,30.8559,56.5853,432.0383,756.5646,400.8327,96.2051,466.458,480.3256,402.5059,176.2715,52.3619,98.8534,78.5892,153.3544,23.5474,150.6869,430.991,156.0897,89.6962,492.9784,14.8542,84.0203,191.97,496.813,78.3846,71.92,25.9432,278.3136,76.9795,34.5305,41.468,77.4532,39.708,38.7961,116.2376,101.0684,69.9204,35.6055,28.806,141.8218,88.7709,95.8374
2024-02-26,179.2063,176.01,174.73,127.5465,200.54,31.5284,315.0161,735.0153,139.1689,351.052,104.7428,38.3467,71.229,10.3207,188.2,38.7209,136.2733,367.9844,346.3729,66.1604,85.1971,42.5462,162.302,81.5985,195.2756,149.9627,173.9821,30.7789,56.1322,429.5092,758.9045,399.029,95.9024,467.532,478.053,399.7594,176.7413,51.3242,97.8334,78.8634,152.1427,23.0554,149.929,430.7641,155.9436,88.4392,491.1729,14.6774,83.7696,199.4,495.0039,78.0205,72.79,25.8969,278.8534,76.1354,33.7067,41.2197,76.3261,39.8466,38.6036,116.0635,101.1669,69.64,35.2009,28.2388,141.0928,89.0451,96.2159
2024-02-27,180.6605,178.0,173.54,126.2896,201.4,32.1569,317.1945,734.3841,137.1055,348.5874,106.4354,38.4226,71.4225,10.3639,188.0,39.1004,137.5709,368.5408,350.064,66.2462,85.0066,42.2889,162.7502,81.7047,198.0424,150.14,174.0674,30.6419,55.7901,429.374,752.1012,400.1912,95.7689,467.7684,483.3225,399.7005,176.849,51.7058,98.4043,78.4735,152.0523,22.8094,149.0681,431.8002,155.9339,88.2985,492.0854,14.8808,83.1789,199.73,483.7906,78.0492,73.85,25.9154,277.8917,76.2262,33.9105,41.3725,76.9479,39.6757,38.7095,116.2376,101.2555,69.6493,35.2284,28.7734,140.7475,89.3389,96.0128
2024-02-28,179.4636,176.54,173.16,125.6262,207.0,32.1851,319.063,737.5891,137.2676,352.5985,107.7777,37.9198,71.0078,10.623,188.34,39.5383,135.0945,373.4033,351.9748,66.2376,85.3151,41.5565,162.8361,81.3958,196.4115,150.6716,174.9499,30.4194,55.8456,435.5521,744.8652,402.0972,95.76,471.8082,480.3156,399.9359,176.477,51.2219,97.6556,77.4386,151.0305,22.9367,149.7699,429.5011,155.593,87.2385,491.4351,14.9957,83.707,202.04,469.5244,78.1067,73.62,25.9339,280.3058,76.9977,34.0549,41.5014,76.4233,39.5972,38.8539,116.634,100.7779,69.7241,35.679,28.8618,140.0473,89.6915,96.2804
2024-02-29,178.8008,192.53,176.76,126.7047,203.72,32.6102,323.3229,733.5756,136.9703,352.8305,108.5365,37.9387,71.1921,10.7439,189.31,39.997,137.1549,369.4809,354.7711,66.3577,85.4874,42.6056,163.3224,81.8283,197.7803,150.513,176.5439,30.1968,55.4943,433.2546,740.9721,401.0763,95.849,467.7783,486.3789,405.7429,178.3762,51.3615,97.2625,78.8834,150.6433,22.5295,148.7312,433.1816,156.1092,89.0208,493.2017,14.9692,84.2977,201.88,465.1145,78.0013,73.36,25.9895,277.3716,77.6512,33.987,41.8167,77.1034,39.7912,38.8346,116.9917,101.9004,69.6119,35.9641,28.8711,138.906,90.2987,96.465
2024-03-01,177.7225,202.64,178.22,136.3189,200.0,32.4496,325.9756,739.0485,137.6911,355.5367,108.8963,38.4036,71.8833,10.7526,192.89,40.0068,135.8473,368.5787,358.3505,66.6063,85.8777,43.3676,164.1712,82.8192,199.8772,151.2032,175.8133,30.0684,55.0412,433.6311,768.9325,399.4092,96.4325,469.6208,498.4557,407.5674,182.5564,51.3801,95.6847,82.0412,149.96,22.555,148.647,439.7039,158.1546,87.3886,497.832,15.0134,84.823,202.64,461.2793,78.3846,74.96,25.9432,277.8819,78.577,34.1398,42.0077,77.7446,40.2531,38.7865,117.4945,103.7614,69.6212,36.3595,28.6944,140.3639,90.5974,97.6833
2024-03-04,173.2117,205.36,177.58,136.62,200.54,33.2053,327.8635,748.6535,134.15,352.2216,110.5889,38.3182,71.699,11.003,196.01,39.9482,132.093,372.5201,354.5475,66.589,85.6867,45.1392,164.7148,82.4757,199.6927,149.0767,177.1322,29.9914,55.3001,439.7995,778.9212,404.5416,96.2538,461.6006,494.3772,406.9985,183.7801,51.1567,93.487,84.9907,150.6707,21.9612,149.3114,438.135,158.0377,86.732,497.2981,14.8542,84.4818,188.14,454.0614,78.4805,74.01,25.9432,275.3009,79.3123,34.2332,42.3133,76.7245,39.8235,38.8827,117.9199,103.7614,69.6773,36.7733,29.1779,140.1528,89.3732,96.3174
2024-03-05,168.2854,205.13,174.12,130.822,201.14,33.432,322.9065,749.4128,134.7897,354.4542,109.7913,37.9767,71.57,10.8648,197.19,39.675,131.4195,371.2474,352.7578,66.5372,86.2143,42.7144,164.1616,81.1685,197.7803,149.198,178.9066,30.0684,55.032,444.9735,764.4789,404.5791,96.781,460.6447,486.4682,394.9627,180.4418,51.5569,92.3318,85.7196,147.6366,22.1223,149.0868,430.2707,156.3235,85.5688,492.328,15.1814,85.685,180.74,445.8446,77.9821,73.45,25.9154,274.1723,78.3501,34.2672,42.0889,76.1027,40.1192,38.8924,116.953,101.2112,69.8456,36.3043,29.0942,139.1074,88.2617,97.4987
2024-03-06,167.2962,210.63,173.51,131.5284,201.0,33.4604,324.9397,762.5184,133.6544,354.3576,107.0579,38.5269,72.4178,10.6921,198.81,39.187,130.1614,369.9748,353.9205,66.7012,86.4236,44.0505,165.1153,81.6059,199.256,148.6104,179.8365,30.2567,55.0597,447.5317,766.6223,405.9839,97.0401,464.6647,492.2932,394.4134,182.2137,51.6779,91.6931,88.4478,148.5113,23.0639,149.3207,432.9744,157.463,85.9722,494.8228,15.1902,86.1878,176.54,445.3263,78.5284,74.34,25.8229,275.2027,78.7404,33.9105,42.3993,76.2096,40.2439,39.0945,117.5622,102.0136,70.4347,36.5066,29.3732,140.0569,87.9483,98.5416
2024-03-07,167.1775,211.38,176.82,137.0828,203.03,33.6588,329.3834,774.6973,134.5915,362.7567,107.1746,38.7641,73.2749,10.718,199.94,38.4062,133.1133,368.8922,353.086,66.7789,86.5691,45.6736,166.0022,82.7105,200.916,148.1721,178.2614,29.8672,54.958,449.1534,767.0057,402.7153,97.2814,460.6645,508.27,401.3288,185.2191,52.3479,92.2191,92.4055,148.6115,22.7246,150.3033,439.5462,159.3039,85.3155,499.7346,15.0753,86.1069,178.65,451.1497,78.8159,74.23,25.6934,273.0732,78.7223,33.5708,42.9199,77.4434,40.5857,39.0368,118.5097,103.6235,70.8368,36.5066,29.5638,140.7092,88.6191,99.0954
2024-03-08,168.8888,207.39,175.35,127.5065,198.49,33.6304,328.3863,715.4997,135.051,361.5775,107.3108,38.7262,73.0353,10.5194,201.63,38.5525,134.1336,367.5246,350.0854,66.7961,86.6328,43.5458,165.9927,81.769,200.7898,148.7783,178.5935,30.1615,55.032,446.5084,749.2894,405.4407,97.4154,462.3592,502.0778,398.4645,181.7536,53.7997,93.1301,87.2791,148.5569,23.0894,150.0506,433.2013,157.4046,85.4187,496.7351,15.2079,85.9543,175.34,450.8375,78.7105,73.36,25.7026,274.82,79.6299,33.5538,42.6715,77.3268,40.7289,39.1042,118.2487,102.0826,70.2758,36.9388,29.6382,140.4502,88.2911,100.0275
2024-03-11,170.887,198.39,171.96,125.9866,192.49,33.9044,324.3007,704.1788,136.9613,362.4957,109.2465,38.8115,72.6206,10.4589,202.0,38.5818,136.3723,366.7364,348.3694,66.7875,86.5237,44.3969,166.4981,81.4008,199.1977,150.3731,178.6599,30.2827,55.6977,453.1981,721.9876,407.1734,97.4333,462.2607,479.8889,396.7969,179.3552,53.8555,94.9333,85.5301,150.0875,24.0648,151.1736,431.593,156.9663,86.3661,496.308,15.3229,85.9094,177.77,462.7383,78.9884,73.62,25.7304,275.3303,79.2487,34.0804,43.1539,77.1811,41.1493,39.1715,117.6395,101.8019,70.6591,36.7549,29.7869,140.3735,88.0511,100.6182
2024-03-12,171.3619,202.76,175.39,125.8658,184.24,33.9705,326.4984,726.6627,136.8622,360.1761,109.3924,39.2385,73.2012,10.4589,199.79,38.2695,137.1945,368.6547,351.2012,66.8479,86.1688,44.773,166.8986,82.7797,198.9259,151.7814,180.1306,29.9537,55.9381,455.1191,742.2207,407.3232,97.1205,465.9161,495.9253,407.3516,183.1242,53.1855,94.0881,91.6517,149.9144,23.7595,151.5291,437.7799,159.2552,86.6757,501.6469,15.2079,85.1911,177.54,462.9275,79.3142,73.35,25.7489,278.6277,79.0763,34.0804,43.1491,77.8612,41.0846,39.3352,118.1616,103.8894,71.0238,36.663,29.4987,141.0257,88.8101,99.9722
2024-03-13,169.2845,194.79,176.56,122.5523,182.35,34.0839,330.6421,724.0199,138.6643,366.1685,109.4313,39.1151,73.2104,10.6835,201.19,39.2943,138.4723,372.577,355.3739,66.8738,85.9778,42.7837,167.1752,82.451,199.7025,150.2519,181.5918,29.8931,56.5113,459.776,745.0621,407.0329,97.0222,468.6158,491.7773,407.175,182.1158,55.4097,95.1963,90.6296,150.6069,23.9376,151.8754,434.4151,159.0215,85.9346,500.8607,15.1991,84.7781,169.48,461.6504,79.2088,75.09,25.7211,279.825,78.6769,34.1908,43.5741,77.9972,41.7406,39.624,118.4807,102.7669,71.2014,36.4331,29.6986,140.479,88.624,101.0889
2024-03-14,171.1344,187.06,178.75,122.981,181.15,33.7154,331.0294,721.8011,140.2952,367.5023,109.0033,38.9159,72.6759,10.433,200.35,38.4354,141.7512,369.0631,351.8857,66.5545,85.341,42.3087,165.8591,82.5128,196.1299,148.4892,178.3562,29.7113,56.3855,458.8563,747.9033,408.1286,96.3074,472.4289,488.0659,417.1018,181.1467,55.4097,94.1632,87.694,150.1331,23.8613,151.1268,433.3198,158.7682,85.9815,499.8705,15.0399,83.4762,162.5,462.5963,78.9309,76.3,25.8599,281.0713,77.4969,33.7746,43.3449,77.8126,42.1702,39.3063,117.9779,102.7866,70.6498,35.9181,29.4615,139.9802,88.0609,102.8794
2024-03-15,170.7584,191.06,174.42,120.3728,182.53,33.4509,335.9185,715.5687,140.16,370.5566,108.8963,38.6787,72.7035,10.4157,199.71,39.714,139.8492,367.7336,349.9729,66.5113,85.1954,42.1998,165.7924,81.5688,196.4989,147.5285,180.5671,29.7546,55.8077,453.328,741.4539,408.1755,96.3342,468.8326,480.3951,408.4698,178.6992,55.9122,93.5809,87.5873,150.0238,23.7001,151.0145,428.169,157.278,84.5369,496.4381,15.0753,83.4492,163.57,464.3181,78.768,76.33,25.8877,277.7641,77.3245,33.5369,43.364,77.0354,42.2949,39.2678,117.9973,101.2358,70.6217,35.8997,29.5033,139.4239,87.1844,102.6948
2024-03-18,171.8466,190.65,174.48,120.5424,179.84,34.0177,340.6914,721.3967,140.0339,372.4122,110.7445,38.7451,72.6851,10.5194,200.03,39.8409,146.2879,365.0363,348.7352,66.6667,85.0954,42.2691,166.1452,82.278,195.3728,146.2041,182.8064,30.2308,56.0407,451.2754,749.8007,405.7217,96.1734,471.8476,493.1765,409.3526,179.9915,55.996,92.7356,88.2035,156.0371,23.5135,150.8554,432.2526,158.1643,85.3718,499.3885,15.2963,83.1978,173.8,460.7516,78.9501,77.98,25.9432,279.7366,77.3608,33.9105,43.4431,78.6175,42.4411,39.493,118.2068,101.7333,71.0757,35.8942,29.6393,139.4075,87.8503,103.6455
2024-03-19,174.1811,181.42,175.9,120.6174,181.14,34.0366,342.6277,722.0179,141.1242,378.4048,111.3865,38.5554,72.8141,10.623,199.8,40.5143,145.6441,369.1106,355.7678,66.9342,85.341,41.6159,166.9463,82.8143,196.1979,145.6912,183.8786,30.5338,56.1339,451.8758,759.7501,409.4586,96.4504,476.8824,492.4421,413.3645,180.7649,57.0197,93.8814,89.1438,156.5291,23.4371,151.4356,433.3295,159.0896,85.9158,502.1637,15.1814,83.4313,171.32,466.6831,79.4292,78.43,26.008,281.9937,77.3335,33.9445,43.4479,78.5882,42.9254,39.6862,119.2251,102.261,71.3395,35.8942,29.9018,140.3316,88.611,104.3746
2024-03-20,176.7432,179.73,178.15,124.8481,187.78,34.7168,345.0965,730.4494,139.259,380.8597,113.2833,38.9918,73.5882,11.1412,202.18,41.8222,147.338,376.5278,360.4562,67.1586,85.5411,41.7644,168.4149,83.736,200.0811,145.2715,186.2887,30.603,56.6185,451.9338,759.8287,412.4744,96.6291,480.863,501.6511,417.1116,182.8892,57.8852,94.1726,90.1151,156.5838,23.4965,151.5853,438.4675,160.648,86.8633,506.8083,15.2168,83.4043,175.66,467.5439,79.6401,77.25,25.8877,283.8878,77.8418,34.0719,43.884,79.5137,42.8649,40.1597,120.6605,103.4051,71.5561,36.0423,29.9393,140.014,89.931,104.2823
2024-03-21,169.5219,178.68,178.15,131.8929,187.7,35.4347,352.9482,732.2639,139.5383,384.3296,113.5168,39.0392,73.5514,11.1585,201.97,42.3785,146.2087,392.9006,370.5739,67.124,85.5502,41.9821,169.5164,83.8087,202.38,145.2622,188.879,30.8195,56.3575,451.4594,757.2725,415.0499,96.772,481.4542,503.874,421.1725,184.792,57.1034,94.6891,91.175,157.1213,23.4626,151.4636,440.5423,161.5022,85.9815,508.4832,15.1726,83.5839,172.82,465.1411,79.7941,76.82,26.0635,284.9575,78.4046,34.4286,44.0662,79.543,43.121,40.4883,121.8535,103.479,71.5938,36.1812,29.8924,140.1969,90.4561,104.7438
2024-03-22,170.4221,179.65,178.87,132.428,188.85,35.0002,346.7036,724.6115,139.3581,385.5087,112.7094,38.7641,73.3947,11.1498,200.35,42.0272,149.3489,386.3571,365.9604,67.055,85.9687,42.1305,168.5682,83.883,199.5867,144.7771,186.5638,31.0359,56.3762,453.3376,757.6166,417.5974,97.1027,474.5867,505.68,420.5546,184.7822,57.4943,88.1524,94.0209,156.7296,23.2081,151.2765,441.0462,160.6626,85.0904,507.5192,15.0134,84.383,170.83,463.6086,79.592,76.68,26.2023,277.98,77.4178,34.2842,43.793,79.7086,43.0279,40.0244,121.4364,103.5135,71.2452,35.7553,29.9346,140.0044,89.666,104.7438
2024-03-25,169.0075,178.63,179.71,132.2431,191.41,34.8207,344.6125,720.8249,140.989,384.7065,116.1042,38.7926,73.238,11.1412,200.99,42.5054,148.6554,384.5717,359.6122,66.9514,85.7413,41.3982,168.367,83.5588,200.0441,144.7678,184.8559,31.3216,56.2923,452.0403,760.1041,418.0001,96.772,469.0395,499.1702,414.7868,184.5666,58.2667,88.0491,94.7319,157.258,23.2675,149.9009,439.4456,160.0379,85.0529,506.117,15.1372,83.961,172.63,459.6448,79.3417,77.76,26.1375,275.9682,76.9417,34.7088,43.8074,79.4358,43.4283,39.8698,120.6508,102.8281,71.0475,35.6164,30.0752,139.8119,89.3716,105.8144
2024-03-26,167.8799,177.87,178.3,130.2775,187.5,35.038,345.0384,720.8444,139.9077,385.1801,116.6587,38.7641,73.321,10.7439,201.64,42.9446,149.2498,385.7494,356.2553,66.8738,85.8686,41.5565,168.2425,83.2693,199.684,145.2808,185.7194,31.4861,56.4228,452.6696,761.8344,417.7004,96.7452,469.7883,492.0948,413.5999,183.9395,57.1686,86.9502,92.2978,157.3764,23.4032,150.2378,438.0228,159.4228,84.7621,505.1822,15.1902,84.1945,177.67,465.7276,79.3321,77.29,26.156,275.3696,76.6305,34.6918,43.7738,79.2702,43.0931,40.0051,120.2144,102.404,71.0851,35.4683,29.733,140.322,89.4845,105.0206
2024-03-27,171.441,179.59,179.83,129.029,191.95,35.7181,353.0353,721.9293,140.8809,396.9088,117.68,38.8305,73.7633,11.2794,203.1,43.5205,149.4479,394.3632,361.8441,67.2276,86.1961,43.3181,171.0106,83.6133,204.0345,147.3233,189.3155,31.6246,56.8794,451.3917,765.059,427.806,97.4154,470.9214,490.0803,413.3841,183.9298,59.3649,88.406,89.9934,158.1418,23.5644,152.1655,439.5148,160.2526,85.8314,509.4277,15.5174,85.0295,179.83,466.475,80.2561,77.51,26.1745,273.819,78.6078,35.2778,44.4017,79.6793,43.4935,40.4786,122.1444,102.9267,71.8292,36.3663,30.5627,142.1895,90.5199,106.1097
2024-03-28,169.6307,180.49,180.38,129.6825,192.99,35.8221,354.7586,722.4716,142.1334,398.4608,119.0224,38.9728,73.5975,11.4694,205.72,44.2622,149.5073,396.6804,359.6967,67.0809,86.1143,43.714,171.5566,83.398,204.6768,147.5378,190.0556,31.9449,57.0192,449.5424,764.8428,426.0171,97.326,474.4881,481.8637,412.6877,183.5672,59.4765,88.2651,90.0991,159.4538,23.5389,151.8286,438.7046,160.4381,85.7282,509.3304,15.5616,84.9577,175.79,467.9886,80.4486,78.73,26.2485,273.8779,79.1662,35.6345,44.5215,79.5527,43.9639,40.7008,122.1638,102.7048,71.9234,36.5978,30.7737,142.2088,90.2402,107.2818
2024-04-01,168.1964,183.34,180.97,132.114,189.5,35.4442,352.1543,711.2396,143.3408,392.0581,118.215,39.0392,73.2841,11.478,207.82,44.311,154.0244,392.7107,345.097,66.8077,85.3351,44.0604,170.7233,83.3485,202.7498,147.1554,188.7652,32.0834,56.5533,448.6516,747.7264,424.0691,96.3941,471.3647,487.5895,416.4642,183.7632,58.9833,86.9314,90.1061,157.6042,23.5135,150.2659,439.6334,159.9695,85.8596,508.4442,15.4732,83.3739,175.22,463.2585,80.1599,79.67,26.3503,273.0928,77.8388,35.9063,44.4161,80.1664,44.2898,40.4786,121.223,102.9908,71.3489,35.959,30.5862,140.9959,89.5679,107.974
2024-04-02,167.0192,178.7,180.69,130.9888,188.04,35.2364,353.2096,701.4373,143.9715,391.9223,119.4698,39.1626,72.768,11.4694,210.89,43.8133,153.1031,389.5197,340.3804,66.6949,85.1526,43.4864,169.6505,82.621,199.0222,147.1088,188.6893,32.3691,56.0593,446.6573,751.0787,424.4905,96.2506,472.3796,493.5634,413.394,182.558,58.518,85.4193,89.1977,156.2011,23.3693,150.2565,435.8392,158.9738,83.7677,505.2115,15.4909,82.9145,166.63,433.4026,79.746,80.79,26.3133,273.2498,76.8593,36.1271,44.2531,80.0398,44.9092,40.266,120.6605,101.9996,70.9815,35.5609,30.6377,138.8011,88.2478,110.0875
2024-04-03,167.8205,180.77,182.41,133.3811,184.92,35.3686,363.8205,695.9051,144.5662,393.8916,115.7346,39.191,73.1735,11.789,212.74,44.0865,153.4597,393.176,337.4735,66.747,85.253,39.9137,169.8038,82.8462,200.3264,143.8725,188.1579,32.3518,55.7611,447.7513,762.9059,419.4892,96.3134,470.3992,502.8618,412.4229,184.1159,58.2109,84.837,88.711,154.5975,23.0894,146.1204,436.8174,159.0226,83.2049,505.7665,15.5704,82.8965,168.38,434.9162,79.5631,81.25,26.193,271.7974,76.9417,36.3818,44.5167,80.673,45.2165,40.2467,121.2812,102.2709,70.1997,35.5794,30.5159,138.647,88.3116,110.106
2024-04-04,166.9994,165.83,180.0,128.9086,183.29,34.8774,358.0116,695.1064,144.7915,394.9393,113.8961,39.0487,72.5469,11.4089,211.52,42.6323,149.1111,385.8159,335.3918,66.6949,85.5449,39.3199,168.1371,81.6833,198.3214,142.231,186.7263,32.2479,55.2671,442.7071,755.1295,425.2398,96.421,462.8617,507.0098,409.9019,180.5984,59.309,83.6536,85.6607,154.5702,22.6059,145.4653,430.1382,156.7774,82.1918,499.5931,15.5351,83.4911,171.11,430.7916,78.8701,82.27,26.193,268.8926,76.4474,36.0506,44.0662,79.5819,45.1886,39.7925,120.2144,100.6534,69.8983,35.3016,30.4549,136.6448,87.2762,110.4936
2024-04-05,167.7512,170.42,185.07,131.0543,183.14,35.0569,367.2187,703.8239,145.6115,400.207,115.151,39.1341,72.7773,11.4694,215.14,43.1691,151.0626,387.5443,335.57,66.6342,84.9792,38.3104,169.2961,82.814,198.9833,142.1284,188.4442,32.0834,55.4628,449.9103,770.9873,426.4948,95.9995,470.1331,523.3042,417.3961,183.7926,59.7278,83.4376,87.7578,154.1055,22.6143,146.0736,435.2068,158.6712,81.4695,504.8122,15.4024,82.329,164.9,431.1322,79.2551,82.4,26.2208,271.9741,76.841,35.7704,44.464,80.3905,45.6729,40.1694,121.8825,101.8073,70.0114,35.5331,30.544,137.8673,87.762,112.0165
2024-04-08,166.6334,169.9,185.19,130.7285,181.56,35.4253,361.5744,701.9403,145.3141,398.4706,114.149,39.3903,73.1367,11.5817,216.48,43.2765,153.3904,389.89,339.4895,66.7903,84.7877,37.5879,169.5547,82.8239,200.0733,141.3822,189.4273,32.0747,55.2391,446.9768,764.184,423.6851,95.9905,472.4616,515.2761,416.4838,183.3125,60.3606,84.5271,86.8853,154.5064,22.5465,146.0175,435.3353,158.5736,81.7885,505.0946,15.2521,82.3199,172.98,431.3782,79.207,82.2,26.1838,272.5825,77.6649,35.4392,44.4975,80.4002,45.3841,40.3433,121.6692,101.689,69.9078,35.8386,30.7455,137.4245,88.5962,111.2597
2024-04-09,167.8403,170.78,185.67,130.5309,178.12,35.6426,360.0544,708.6263,145.9719,399.1787,114.7521,39.6559,73.1275,11.694,217.67,43.6571,155.1239,390.0515,338.8988,66.9291,85.1252,37.9343,169.8229,82.9105,200.8617,142.0351,188.1579,32.17,55.6585,443.3655,744.472,419.1801,96.4838,465.8609,512.9441,418.1415,182.1563,60.8446,85.4663,85.1113,155.4449,22.7161,146.5977,436.9458,158.5931,81.7322,505.6789,15.1874,83.0857,176.88,434.8973,79.2262,81.15,26.1745,271.5619,78.6993,35.245,44.603,80.4879,45.3981,40.1114,121.3879,102.2018,70.2468,36.2923,30.9143,137.9155,89.0134,111.8411
2024-04-10,165.9707,167.14,185.95,129.3851,174.63,34.6223,360.219,712.5609,146.5756,399.6541,113.9934,39.1151,72.1598,11.2794,215.61,42.8861,154.6682,380.602,328.7155,66.3393,83.9939,36.816,167.3996,82.3068,195.5574,140.0859,186.5545,31.8756,54.9129,436.1525,749.1321,423.0576,95.1115,462.9108,515.8516,415.1792,181.4312,59.5696,83.5879,86.7915,153.9324,22.3259,147.1404,433.132,157.0507,80.6253,500.6154,15.0346,81.275,171.76,425.7495,78.4562,82.09,26.4521,269.3636,75.4404,34.9688,43.908,79.8547,45.5378,39.5123,120.3502,100.9493,69.9925,34.8017,30.3846,136.2982,87.6393,112.7825
2024-04-11,173.1523,170.5,189.05,135.2645,173.36,34.3389,360.1319,722.1954,145.8727,400.4981,113.9545,39.3523,72.3533,11.2621,219.8,42.7884,157.9074,377.487,325.7243,66.2786,83.8753,37.2415,167.1602,83.4796,196.881,138.7708,186.5164,31.6679,55.0341,438.5827,746.7826,423.6289,94.9142,462.0623,519.1561,419.76,183.4595,59.5045,86.4055,90.3584,153.3949,22.3429,145.8303,440.0483,158.4467,80.5784,504.3935,14.7561,80.9056,174.6,417.8693,78.2925,81.55,26.4706,270.5413,75.6968,34.6582,43.8745,80.5561,45.5052,39.2321,120.4859,102.9662,69.823,34.8387,30.3237,135.7399,88.346,112.4041
2024-04-12,174.646,163.28,186.13,131.5083,169.55,33.8099,353.9841,721.17,143.2327,385.3934,110.9002,38.451,71.1829,10.8908,216.89,42.0467,156.2432,369.8988,321.5047,66.2439,84.222,35.3216,164.5836,82.3018,193.3773,137.5864,174.4529,31.1138,54.3165,433.1706,738.9666,421.8307,95.1295,459.1714,507.9822,413.8452,180.1869,58.7041,86.4055,87.9353,153.158,21.9357,145.3531,433.0331,156.338,79.6591,497.4314,14.6572,81.3381,171.05,415.4853,77.4455,81.53,26.6834,270.8161,74.7996,34.2784,43.098,79.2312,44.7648,38.7103,119.196,101.2994,69.1166,34.4776,30.094,133.7184,86.913,111.0936
2024-04-15,170.8277,160.32,183.62,128.2423,167.82,33.9611,352.3189,708.3206,141.9982,382.0272,109.8691,38.2044,70.971,10.5626,220.95,41.666,153.4003,380.7159,316.8726,65.8622,83.6837,35.9352,163.4246,80.9137,190.5451,137.6516,174.5483,31.4341,54.186,430.5953,738.1111,424.3406,94.08,453.6559,496.4016,405.7429,177.1299,58.397,87.4386,85.7565,152.1102,21.9781,145.4653,425.9093,154.4052,79.8936,491.1995,14.5943,80.0768,161.48,421.5681,76.9835,81.65,26.7296,266.2233,73.5272,34.615,42.8919,78.2278,44.3457,38.517,118.3425,99.3762,68.834,33.8759,29.8174,133.4489,85.4654,110.4567
2024-04-16,167.5534,163.46,183.32,130.0397,170.55,32.7613,348.4172,706.0425,140.8178,381.2609,110.7737,37.7016,70.2706,10.4416,221.22,41.6368,152.9446,376.8981,313.9657,65.6454,83.3552,35.8857,162.5434,80.9162,189.8443,134.7231,172.5536,31.6765,54.1114,431.5925,734.1491,425.4927,93.7661,453.6855,495.9352,406.6649,178.0117,57.4199,87.7109,87.1665,152.6113,21.7915,145.9332,425.9488,154.5516,80.1281,490.3036,14.4595,79.5453,157.11,443.5722,76.9257,81.33,26.7666,266.292,72.4927,34.3216,42.5612,77.9648,43.9592,38.2561,118.071,99.4945,68.8622,33.3574,29.4237,133.497,84.9796,109.543
2024-04-17,166.1883,154.02,181.28,125.4968,170.21,33.2809,346.9069,705.2733,140.9259,385.0152,109.8594,37.6731,70.3166,10.3985,219.59,41.4416,154.0046,383.5935,312.0903,65.7321,83.8844,35.3117,162.2561,80.2283,187.8394,135.0215,171.8665,31.9449,54.5308,432.5703,738.1111,427.1223,94.2774,454.021,490.388,403.9773,175.6014,59.3649,89.0728,83.7961,154.4153,21.5625,146.8784,420.7516,153.468,80.8692,487.4019,14.4865,80.4282,155.45,453.1268,76.9257,78.91,26.6834,267.6071,71.9618,34.3302,42.6571,77.8966,43.8335,38.3527,117.46,98.0595,69.1166,33.0797,30.0377,133.266,84.5673,109.4876
2024-04-18,165.2386,155.08,179.22,123.1838,170.23,33.791,346.5294,701.3881,141.9801,388.6239,109.3633,37.8249,70.1231,10.4157,220.34,41.422,154.5394,382.8338,312.1466,65.7841,83.5924,34.6783,162.4189,79.7929,187.6837,135.9262,172.9831,32.1267,54.9036,432.2218,733.3726,427.1597,94.089,448.6339,497.9595,396.5518,174.5236,59.5696,89.918,84.4302,156.9574,21.5371,148.1376,418.3507,153.1361,81.7509,486.3989,14.6752,80.0228,149.93,466.5506,77.0028,78.78,26.7389,266.3116,71.971,34.6323,42.6714,78.2765,43.6984,38.488,117.0526,96.9401,69.4368,33.0889,30.2065,133.2563,84.0423,109.3861
2024-04-19,163.2206,146.64,174.63,117.8729,169.82,34.9246,344.6152,699.6721,144.1697,388.3524,109.5383,37.6731,70.1507,10.4848,221.03,41.3537,152.6376,383.679,314.4626,65.9056,83.7019,33.8469,163.3576,78.2266,187.9757,137.9501,177.3256,32.7067,56.0779,432.0959,714.0636,434.4462,94.1877,449.3147,477.3882,391.5001,170.0753,59.8395,88.7816,75.9833,158.652,22.0545,148.9381,409.6953,150.8811,82.1824,482.1535,14.8369,80.3111,147.05,474.0714,77.484,78.85,26.7389,264.7513,72.3188,34.943,42.6379,77.4192,44.2246,39.0195,116.8393,94.9429,70.115,33.2185,30.6705,133.7569,83.3062,110.6413
2024-04-22,164.0516,148.64,177.23,119.8053,170.48,35.6426,347.4817,705.5397,145.8998,387.6635,108.9353,38.081,70.971,11.1239,215.57,42.1736,154.8069,396.3575,315.1659,66.2699,83.711,34.0548,164.7273,79.006,190.0779,139.0786,180.771,33.027,56.4321,432.7446,718.999,432.0674,94.4209,450.6565,478.0432,393.305,171.7704,60.7794,88.4623,79.2919,160.7749,22.275,151.1984,413.8155,152.1697,82.7171,486.5937,14.6572,80.1759,142.05,464.706,77.8401,78.78,26.7481,267.2538,72.9596,33.3119,42.681,77.5264,44.5133,39.493,117.7218,95.7911,70.7837,33.487,30.9518,134.2671,83.6742,111.2689
2024-04-23,165.1001,152.27,179.54,122.2249,169.18,36.2472,352.9619,712.6595,146.7378,385.3353,110.6083,38.3941,71.7451,11.1758,215.04,44.0182,156.7682,402.673,317.8759,66.5388,83.8205,33.9261,166.3364,80.1764,193.2605,139.4889,183.3764,32.9578,56.516,430.8954,733.1168,430.8966,94.5823,456.6455,492.3032,399.7888,175.4544,61.6077,88.3026,82.1886,156.0006,22.3259,152.1026,419.9909,153.9171,82.4263,492.368,14.828,80.2029,144.68,459.9286,78.1289,79.98,26.6371,269.0005,73.6279,34.2612,42.312,78.7051,44.7602,39.7442,119.3609,97.2113,70.9815,33.7925,31.0971,136.0191,84.6704,111.7027
2024-04-24,167.1973,151.74,176.59,122.9715,164.33,36.1999,353.2242,713.8528,147.3866,382.8228,110.8126,38.5269,71.6068,11.1844,214.64,43.9987,157.6301,401.7613,312.2591,66.3913,83.5651,34.1438,166.2981,80.1912,192.3943,138.5283,184.2736,33.3906,57.3641,430.1789,719.8543,430.0163,94.2146,456.3298,489.7231,401.2504,174.651,61.9427,88.8849,79.4504,161.6405,22.2835,153.1386,421.4136,153.8097,83.2518,492.1342,15.1065,79.6354,162.13,460.9882,78.3022,79.64,26.6649,269.8936,73.7652,34.0799,42.3407,78.7539,44.7928,39.7345,118.4104,97.6551,71.5184,33.9222,31.2846,135.5956,85.4801,111.7211
2024-04-25,168.0579,153.76,173.67,126.6504,166.81,35.8126,328.427,712.9934,148.9274,382.2795,109.694,38.6123,71.2751,11.2621,215.92,44.5258,154.5295,398.9217,311.2933,66.2525,83.2457,34.7475,165.8958,79.6865,191.2264,136.9335,184.5503,33.2175,57.5412,429.7045,712.6479,435.2985,93.9365,455.9449,438.002,391.4216,173.8475,62.2591,88.2275,82.3971,160.9753,21.4268,153.0915,419.3783,153.3412,82.3982,490.2646,14.8999,79.0769,170.18,467.1939,78.177,80.44,26.6094,270.031,73.3441,33.8469,42.6427,75.9482,44.9976,39.5026,118.7693,97.4431,71.3489,33.7277,31.369,134.6906,85.5537,111.9796
2024-04-26,167.4742,157.4,179.62,131.5083,167.22,35.737,333.6546,720.2235,149.477,381.5713,109.6551,39.0582,71.8465,11.0462,216.62,44.7405,170.3292,406.0634,314.2095,66.4607,83.4738,31.5509,165.7522,81.1562,193.0561,136.2993,184.6649,33.0357,57.5412,429.0752,721.1422,432.03,94.2953,456.2509,439.8974,398.5626,176.0521,61.4123,88.3966,87.4855,159.9731,21.5455,151.9048,425.85,155.2643,82.7828,494.9093,15.0526,79.4913,168.29,468.6035,77.8979,80.39,26.7296,269.4029,73.3807,34.2439,42.9063,78.0427,44.5832,39.4446,118.9633,98.5428,71.1982,33.7555,31.0268,134.7292,86.3242,108.8693
2024-04-29,171.629,160.2,180.96,130.9751,173.49,35.4725,339.8928,717.4086,149.8734,388.9732,109.0228,39.4377,72.1229,11.0117,216.18,44.9357,164.5839,409.1405,315.813,66.6602,83.8114,31.0363,166.5184,81.2651,194.6133,136.9335,184.4644,33.4599,57.8208,430.9051,724.77,437.8928,94.6899,451.0018,429.309,394.5703,176.1109,62.7431,88.3402,87.5075,160.4833,21.7491,152.2533,427.5791,155.1862,82.8578,496.6621,15.2953,80.1579,194.05,462.6247,78.2348,79.5,26.6464,266.7728,74.1314,34.5978,43.2658,77.1367,44.8859,39.3867,119.7585,98.9669,71.4242,34.1351,31.4487,135.1816,88.3312,110.4198
2024-04-30,168.4931,158.38,175.0,127.2228,167.84,34.9624,325.0941,714.0207,145.3141,379.7087,108.0695,38.8874,71.2106,10.4935,211.87,43.4619,161.2456,405.2467,313.3937,66.1745,83.4191,30.1554,164.2675,79.8819,190.6619,134.8536,182.9947,33.4253,57.5691,426.9258,767.9298,435.439,94.1697,445.1805,426.8777,381.897,173.534,62.3243,86.6497,86.1563,160.2738,21.7322,153.7037,419.5166,153.224,83.0079,488.7943,15.1784,79.4733,183.28,457.5825,77.4359,78.38,26.8129,263.6031,72.8772,34.0799,42.4797,75.8508,43.5494,39.0001,117.8576,96.7872,71.1134,33.5055,31.2846,135.0853,86.1819,109.1554
2024-05-01,167.4742,144.27,179.0,121.6056,171.46,34.9057,321.6933,713.349,143.8364,375.9156,107.4664,38.9254,71.0539,10.5367,213.79,43.4033,162.3155,405.4746,311.284,66.5233,83.7494,30.0565,164.0089,79.5924,191.0609,140.9998,183.1092,31.4081,57.7182,428.5331,763.6533,432.442,94.5614,436.1723,435.8287,387.3999,171.7507,63.8505,84.8464,82.8049,159.5813,23.0554,153.892,416.4832,152.4724,69.8283,487.2072,15.2054,80.0591,179.99,457.9704,77.33,75.93,26.7852,262.3371,72.9047,33.8297,42.7002,76.5522,42.8556,39.0001,117.5667,95.796,70.6613,33.524,31.6455,135.326,85.642,107.088
2024-05-02,171.164,146.16,184.72,121.1859,178.85,34.8396,325.9395,723.4436,144.8275,384.1227,109.5481,39.931,72.0123,10.7871,213.13,43.5985,165.0494,410.812,314.6221,66.9331,84.1429,30.195,164.8422,80.5748,194.5744,139.8247,182.9183,31.7891,57.7742,406.2651,743.1644,433.8188,95.1467,435.2153,438.2997,390.2445,173.632,64.0739,86.7905,85.573,159.8547,23.4965,154.3064,421.799,153.6242,70.288,491.7642,15.1155,80.4026,180.01,466.352,77.6188,75.93,26.5816,262.6217,73.93,33.5967,42.4797,77.3218,43.1024,39.0968,118.2455,97.1768,71.2547,34.0055,31.8143,135.2297,86.7217,107.2818
2024-05-03,181.4024,150.6,186.21,125.0546,179.79,35.1891,327.2124,734.7628,144.395,388.9732,110.5597,40.2915,72.7312,10.7353,212.96,43.784,165.6636,416.1397,321.486,67.2121,84.6096,30.581,165.8192,82.0247,196.5014,139.2185,181.8208,31.4687,57.9419,410.1184,722.5775,432.6107,95.8131,437.6622,448.501,398.8961,176.4636,65.2744,86.5463,88.5366,160.4924,23.5898,154.8904,430.2765,155.4009,68.5807,497.8598,15.1425,81.2162,181.19,465.8601,78.0712,75.13,26.5076,263.4852,74.4243,33.5621,42.9111,78.1401,43.107,39.1837,119.0699,99.8841,71.4713,34.274,32.0674,135.5667,87.3056,107.0603
2024-05-06,179.7504,155.78,188.7,128.2051,178.35,35.6048,332.4109,747.1586,146.2422,389.8269,113.2931,40.3295,73.2288,10.7957,215.2,43.9792,166.5155,421.3537,320.9608,67.2906,84.6828,30.7748,167.1123,83.0986,199.0417,138.5749,183.2428,30.9407,58.1097,413.0422,753.7529,433.4254,96.0833,443.3749,462.116,405.6448,180.0497,66.3074,87.6828,91.878,160.1918,23.8867,154.8715,434.9895,157.4997,68.3837,503.0012,15.2683,81.5326,184.76,467.6858,78.5428,75.66,26.5353,267.5875,74.4884,33.9419,43.1699,79.202,43.447,39.6862,120.2726,101.0577,71.509,34.2832,32.2315,136.1153,88.238,107.7525
2024-05-07,180.433,154.43,188.76,127.5007,176.71,35.7465,335.2288,761.8361,146.5756,393.4453,102.5153,40.1018,73.4224,10.6384,214.21,44.1939,169.6358,421.4771,319.4606,67.2993,84.9024,30.4866,167.4954,83.0565,199.4894,138.7055,183.0042,31.0013,58.3613,416.3147,764.6559,437.078,96.1283,447.0157,464.6564,401.525,179.9419,66.9588,88.0772,90.2965,162.1962,23.5559,156.1147,435.0587,158.0073,68.0085,503.5562,15.3492,82.0298,177.81,473.9106,79.0433,75.5,26.6094,271.3068,75.1933,33.9246,43.6827,79.2897,43.4051,39.8215,120.6023,100.7274,72.2908,34.6443,32.5971,137.2416,87.605,107.2172
2024-05-08,180.7693,153.62,188.0,129.6786,180.35,35.6237,334.7429,754.0331,146.4584,393.2999,102.5639,40.1113,73.3394,10.6209,213.58,43.9694,167.7834,424.4687,317.7165,67.1424,84.6645,29.8109,167.6678,82.9378,198.3312,138.92,186.7263,31.0705,58.5757,414.0975,761.9326,436.591,95.8852,448.7029,468.983,402.702,180.1967,67.7964,87.8988,90.1549,161.6405,23.98,155.4649,434.8018,158.0073,68.9466,503.6047,15.3761,81.5326,174.72,476.039,79.0626,76.11,26.6464,272.0231,74.5616,34.0713,43.4814,79.163,43.3538,39.9665,120.6023,101.0134,72.0741,34.3203,32.9393,136.7699,87.2762,107.1988
2024-05-09,182.5796,152.39,189.5,127.7511,181.25,36.1621,341.8167,769.4711,149.0805,396.7728,102.9141,40.2346,73.9016,10.6034,216.95,44.272,168.358,432.6455,325.7899,67.1598,84.9207,29.9003,169.1812,83.1926,200.3555,139.7594,188.492,30.9147,58.6036,416.1791,758.5407,438.6796,96.0383,449.4133,471.7814,404.4481,180.569,69.4064,87.7109,88.4947,162.2327,24.2642,156.3784,435.7503,158.5248,70.9915,506.5065,15.4391,81.9304,171.97,479.6528,79.5246,76.52,26.5538,273.348,76.0904,34.3389,43.9655,79.5624,43.9359,40.266,121.805,100.9838,72.6958,35.135,33.4409,137.9444,87.87,109.3123
2024-05-10,181.3216,151.92,187.48,130.4056,178.51,36.3227,344.7415,777.5211,149.4139,395.696,102.9044,40.32,74.0398,10.4811,218.71,44.1256,167.0603,431.8573,324.8429,67.0552,84.6462,29.6618,169.4302,83.304,198.847,139.8154,189.704,31.3735,58.9578,420.565,747.1855,439.1385,95.7321,450.8834,472.5555,406.8219,180.8923,68.6712,85.4099,89.6225,163.8089,24.1178,157.1413,436.7779,159.0617,71.3949,507.159,15.4301,81.4693,168.47,485.1208,79.8037,75.3,26.5909,275.507,75.8798,34.8653,44.0182,79.6793,43.6938,40.4206,121.8922,101.3586,73.1102,35.0054,33.4081,138.2235,87.3989,108.8693
2024-05-13,184.5211,150.56,186.57,130.8665,178.44,36.096,346.5779,765.629,148.2516,395.793,102.9433,40.6236,74.0398,10.7783,216.26,44.0865,167.5457,430.7462,319.7137,67.0377,84.7469,30.3177,169.2482,83.351,199.2655,141.0372,189.6659,31.5899,59.256,420.9425,744.9243,440.7119,95.7681,451.6531,464.4282,405.8213,179.9713,69.4064,87.0817,90.142,164.8202,24.488,156.2183,437.7856,158.964,71.4605,507.2271,15.5109,81.6772,171.89,484.1085,79.8037,76.13,26.5816,274.1822,76.127,34.9861,43.9895,79.5332,43.5774,40.2563,121.3782,101.8369,72.903,35.098,33.4081,138.0887,87.286,108.8231
2024-05-14,185.6602,153.16,187.07,135.0267,180.76,36.3605,348.0354,768.3452,147.4226,400.4398,102.4764,40.8418,74.5928,10.8744,218.09,43.9499,168.7344,435.4092,319.2824,67.1424,84.9939,30.8543,169.9379,83.7741,201.3288,141.1864,192.319,31.3302,58.8087,418.3575,751.0984,437.5463,96.0473,448.1405,468.2388,408.6071,181.1373,70.1881,87.1474,91.0963,163.8818,24.4364,156.1147,440.6016,159.6669,70.9446,509.5543,15.5469,82.1383,177.55,486.1329,79.8807,75.21,26.5261,272.5629,76.7129,34.943,44.0326,79.8937,43.6332,40.4593,121.3491,102.7393,72.7617,35.3479,33.4971,138.6759,87.6835,109.4837
2024-05-15,187.9286,159.67,185.99,140.5197,176.99,36.7573,349.8429,777.3729,146.918,401.6427,99.9668,41.2782,75.3853,10.7608,220.89,44.3989,170.8839,442.6459,326.9433,67.5347,85.6345,31.0729,171.2213,85.1251,203.8398,142.3895,192.8917,31.0359,58.8366,417.1086,775.0689,434.6429,96.9027,451.8898,477.8546,415.7512,185.3603,71.705,86.0955,94.3609,163.5082,24.8152,156.8211,447.4883,162.2538,71.0103,515.8642,15.5739,83.2593,173.99,489.6047,80.4197,75.88,26.3595,276.2528,77.7748,34.943,44.1093,80.4002,43.731,40.7588,122.1444,105.0521,72.8088,35.9497,33.9987,140.7359,87.816,110.3304
2024-05-16,188.0474,162.62,183.63,138.1676,182.96,37.0501,340.7867,783.3289,146.6176,382.6384,100.5504,41.3636,74.9798,10.822,220.03,44.7698,172.5382,441.1549,321.3735,67.3778,85.4698,31.8281,171.0298,84.8579,202.3702,143.8911,193.2353,31.2263,59.0137,416.0145,759.4103,435.3453,96.7497,452.7482,469.6082,413.6974,183.7828,71.1094,86.1895,94.0907,166.8338,24.9013,158.0925,446.5794,161.6291,71.152,514.8027,15.5469,83.1779,174.84,493.124,80.7374,76.25,26.4243,275.132,77.7198,34.7358,43.793,80.3418,43.61,40.7588,121.417,104.6872,73.8449,35.8849,33.8815,140.5723,87.2467,109.6698
2024-05-17,188.0772,164.47,184.7,136.5199,184.95,37.1163,346.1796,786.0352,148.0557,385.151,100.4337,41.5438,75.2379,10.7346,223.66,44.6624,174.4005,444.1939,322.7612,67.3865,85.2044,31.6294,171.4991,84.8381,202.5162,144.2269,195.4495,31.1657,58.7434,418.7545,758.3074,436.6284,96.5245,454.1295,468.2982,412.9309,183.6162,70.8116,86.5745,92.216,165.9956,24.6602,157.8853,446.3619,161.5998,73.5811,515.5428,15.6368,82.6174,177.46,496.3025,80.9203,76.97,26.4243,275.3876,77.7107,34.5719,44.1668,80.4782,44.22,41.0584,121.5528,104.4555,73.6659,35.8849,33.9096,140.8419,87.6933,111.3167
2024-05-20,189.2361,166.33,183.54,138.3534,186.61,36.6723,352.4761,783.2596,146.6631,379.7766,100.0932,41.392,75.2932,10.6209,224.56,44.028,175.2523,439.6543,316.7694,67.4214,85.0763,31.8977,170.9052,85.2983,202.9639,142.2242,186.6595,30.9753,58.3147,418.8416,771.2871,437.4526,96.4795,453.5276,465.2518,417.972,185.1839,70.6069,86.1895,94.5105,164.2827,24.5655,157.5745,449.4743,162.1464,73.2881,516.1367,15.7446,82.3733,174.95,489.302,80.7951,76.73,26.4613,273.8539,77.253,34.6236,44.2291,80.712,43.9313,40.4979,121.7856,105.6833,73.1573,35.6627,33.8534,140.5434,87.0406,110.4142
2024-05-21,190.5338,164.66,183.15,136.9024,184.78,37.4563,348.9003,791.0923,145.5983,375.1783,100.2002,41.1359,75.1734,10.6209,224.23,43.8425,176.1736,446.7486,315.2034,67.3691,85.2959,31.5399,171.1543,85.4839,202.7692,142.196,190.4198,31.0965,58.6316,421.1943,790.9736,438.6046,96.6416,452.9751,461.0741,421.6079,185.2819,71.612,87.1756,95.1148,164.9842,24.5914,158.554,450.3537,162.2928,73.4583,517.4026,15.5199,82.7982,186.6,495.2808,80.747,76.16,26.4613,271.3075,77.2255,34.1921,44.2291,80.6048,43.717,40.7588,121.3879,105.8559,73.5906,35.6349,34.1581,140.7841,87.6001,109.6512
2024-05-22,189.0975,165.52,183.13,136.2214,186.28,37.5603,345.8589,792.0109,143.4139,374.4702,100.2099,41.0031,74.4638,10.516,220.11,42.9153,174.7175,439.1225,309.9899,67.2208,85.1861,31.2219,170.6179,85.1671,201.0563,144.3209,189.265,31.4947,58.7155,420.9522,790.7175,439.9158,96.4975,450.4295,464.2,423.0623,184.939,71.0257,86.8751,94.68,165.9044,25.4868,158.0454,450.2648,161.795,76.2938,515.9127,15.7266,82.8976,180.11,493.1996,80.6989,74.87,26.5446,270.9436,76.5298,34.3389,43.7978,80.7022,42.8788,40.5269,121.5334,106.0927,73.2986,35.3294,33.7549,141.0343,86.6873,107.4461
2024-05-23,185.1154,160.43,181.05,136.3242,172.21,37.0029,340.7673,786.5586,142.8405,367.9025,97.9143,40.6995,74.0859,10.586,215.72,42.6811,171.9141,435.1053,306.5205,66.9854,84.8841,29.8904,168.1563,84.9321,197.757,140.7481,187.9384,30.9926,57.8674,418.5415,796.1735,437.4526,96.0743,445.1904,462.2152,419.6033,184.8802,70.095,85.842,103.5039,163.3351,24.7033,155.8604,448.2393,161.4045,74.0159,512.1444,15.6997,82.3643,173.74,488.9237,79.7748,74.45,26.6001,269.6164,74.882,34.0282,43.4095,79.7865,42.4877,39.9665,120.098,105.2297,72.432,34.5795,33.1831,139.4942,85.2838,105.6131
2024-05-24,188.1861,166.36,180.75,137.7478,174.52,37.5036,339.0183,799.7842,143.5777,363.7504,98.9843,40.8133,74.6941,10.6297,215.92,43.052,173.3405,437.9829,304.842,67.2208,84.9939,30.5264,169.095,85.6199,199.9468,138.1814,191.5556,31.0359,57.7835,421.7074,795.1689,437.7055,96.3354,445.1608,474.56,422.7085,186.7418,71.2955,86.1707,106.1663,162.1689,24.8669,155.7097,452.478,162.5564,74.5452,515.533,15.7266,82.6084,179.24,480.7313,79.9096,75.35,26.5168,269.872,74.937,34.2957,43.7882,80.8094,42.5482,40.208,120.709,106.1173,72.6204,34.5795,33.5159,139.0225,86.1426,105.5294
2024-05-28,188.196,171.61,182.15,138.1988,175.08,37.1446,336.6571,803.182,144.7518,358.2305,99.6458,40.7564,74.6665,10.2101,218.19,42.0564,174.7373,436.6817,308.2177,66.9505,84.5181,30.8642,168.0318,85.9985,199.6743,135.7463,190.4008,30.3433,57.6157,416.2372,795.5924,429.3981,95.7591,439.1422,476.247,422.8658,187.5453,72.1517,86.4055,113.5771,157.9687,24.3675,153.6189,454.1873,162.9567,73.2314,515.8932,15.5199,81.4241,176.75,476.4837,79.1492,77.66,26.4798,266.4211,74.4426,33.9678,43.6204,80.9458,42.986,39.7635,119.2348,106.566,72.0553,34.3758,33.4831,137.3379,85.9316,106.8692
2024-05-29,188.4932,165.14,182.02,136.0678,171.65,36.5778,328.5339,796.6136,142.8041,354.0689,98.1283,40.1492,73.4869,10.1052,216.16,41.6172,174.242,434.1746,305.6016,66.75,84.1063,29.9401,166.1353,85.6026,196.7253,135.8027,189.0741,30.0057,57.5039,412.6162,799.2066,424.0035,95.2458,436.567,470.7296,421.7357,186.1833,71.3607,86.0955,114.4985,155.9369,23.9542,152.2439,450.986,161.6583,72.6643,512.2808,15.3851,80.4388,176.19,458.5475,78.4754,76.57,26.6279,264.3367,73.7194,33.7434,42.9973,80.5172,42.2269,39.4446,117.5472,105.8905,71.5372,34.0518,33.0518,136.2694,85.3672,105.7248
2024-05-30,189.4838,166.75,179.32,133.4662,172.75,36.4928,329.6416,805.3254,144.0419,357.3381,98.9259,40.0354,74.1043,10.2887,216.57,42.3688,170.4877,430.1713,310.8135,67.0203,84.5273,29.9997,167.0261,84.4743,198.594,136.5925,190.2385,29.997,57.7555,416.4212,802.683,431.7021,95.8311,436.202,463.4755,407.4869,182.9108,72.7659,87.7673,110.1858,155.3264,24.2814,153.1198,446.1544,160.77,74.4412,508.8824,15.8345,81.2162,178.79,455.6432,78.6102,75.53,26.5446,266.7357,74.7996,34.8049,43.3472,80.2541,42.348,39.6572,118.3522,103.4741,71.7256,34.5425,33.4971,136.3367,85.8727,106.0597
2024-05-31,190.4347,166.9,176.44,129.9898,177.61,37.7775,328.9323,799.9422,147.7189,363.5565,101.0757,39.6464,74.8139,10.6034,215.3,43.9109,170.874,436.181,316.1861,67.2557,84.9207,30.6555,169.6888,84.6945,200.268,137.8993,193.388,30.6203,58.6502,421.659,807.8829,440.5059,96.2544,441.1056,463.2572,407.9389,182.8324,74.469,89.27,109.3213,157.5313,24.6775,154.9657,445.3245,161.795,75.8212,513.5175,16.3737,81.7676,178.08,468.6224,79.6978,74.82,26.5261,267.8761,76.2002,35.5125,43.8697,81.1114,43.4004,40.237,119.7877,103.6368,72.8465,35.2276,34.0878,138.3294,86.3536,109.1023
2024-06-03,192.1979,163.55,178.34,129.3391,184.57,37.6736,321.9751,805.3748,143.3138,357.115,99.9668,40.0638,75.0259,10.6559,217.22,44.6429,171.5377,434.7096,309.7089,67.4642,85.4769,30.0991,168.5873,85.1399,199.139,138.9053,192.6149,30.3866,58.6502,420.5068,818.637,440.8925,96.9188,437.2774,473.8356,406.3567,182.5188,72.7877,89.006,114.673,156.0098,25.2371,155.0693,447.7156,161.9414,77.5792,513.936,16.1849,83.0902,176.29,470.5806,79.4861,71.83,26.3873,265.8311,76.0263,35.3658,43.6109,81.4329,42.2642,39.9858,118.3231,103.8982,72.8182,35.0887,33.6987,139.3017,86.3143,106.4877
2024-06-04,192.5149,159.99,179.34,130.2119,188.62,37.4847,318.2924,817.2273,142.1033,358.3276,100.5115,39.5041,74.9337,10.516,215.27,44.1744,172.1518,435.0153,309.9449,67.4292,85.9451,29.8407,167.9169,85.4096,196.5696,138.9618,190.0762,30.8454,59.5915,418.7586,819.9468,442.1088,97.2984,438.8363,473.3394,408.8626,182.0289,72.2632,89.3266,116.1059,158.4333,25.3921,157.292,448.9408,162.3319,78.2503,514.5106,16.4905,84.0608,174.77,478.1959,79.8711,71.09,26.3966,267.8368,76.6122,35.8664,43.1268,81.7446,41.859,39.8022,118.0322,104.1152,73.4493,35.422,33.6846,139.7059,86.4027,104.8316
2024-06-05,194.0205,166.17,181.28,138.2615,189.85,37.7492,320.1192,824.0524,141.0566,359.8991,98.7314,40.1397,75.459,10.551,217.82,44.5258,173.7566,441.1112,311.8333,67.6482,86.2571,30.586,168.6831,86.9116,199.577,137.2412,188.2629,30.0143,59.5729,422.5854,819.1296,438.6578,97.6238,440.7011,491.2711,416.6651,186.1833,72.1695,88.9306,122.0919,158.0689,25.4438,156.3879,457.9913,164.3917,76.7096,520.6255,16.4456,84.6776,175.0,475.9539,80.0636,71.89,26.4336,269.8818,76.5206,35.6851,43.4239,82.7383,41.8544,39.9181,119.2251,106.428,73.2892,35.3757,33.4924,140.3413,86.9081,105.2503
2024-06-06,192.6436,166.78,185.0,137.1049,191.42,37.5036,318.992,832.29,141.9212,360.1708,98.4493,40.339,75.7171,10.551,219.43,44.516,175.0641,437.6906,312.6265,67.5343,86.2204,30.2282,168.4053,87.0303,198.1463,137.6643,187.9289,30.2771,59.7873,421.3908,824.5754,441.8542,97.5605,442.6941,489.9811,417.1662,185.3211,71.8417,90.2506,120.654,157.8047,24.798,158.667,457.8332,164.3233,77.0026,520.616,16.4276,84.5506,177.94,474.8188,80.1214,73.26,26.3966,272.3791,76.6671,35.6679,43.4719,82.787,42.0732,39.8988,118.5171,106.0729,73.5152,35.4313,33.1456,140.8033,87.5412,106.0411
2024-06-07,195.0309,167.87,184.3,137.6304,190.24,37.8077,319.6236,835.1938,142.0577,357.5612,98.7703,39.8836,74.8969,10.6209,211.6,44.7411,172.8156,434.6427,308.7835,67.3591,85.3117,30.5462,168.0701,86.9165,195.8202,138.2848,190.8302,30.1194,59.5636,421.2451,837.0826,443.2779,96.6837,443.7894,489.1873,416.5079,185.468,70.6146,91.0331,120.5443,157.0654,24.6086,157.3391,457.4281,164.1477,76.9648,519.983,16.2658,82.9995,177.48,464.1951,79.977,73.02,26.6186,273.9817,75.9439,35.3313,43.0357,82.222,41.9056,40.0824,118.6432,106.3195,73.1479,35.1535,32.7846,140.9574,87.183,104.906
2024-06-10,191.2965,160.34,187.06,140.9404,190.12,37.7032,320.2747,837.92,142.6584,357.2896,99.9376,40.1208,74.8416,10.822,213.54,46.5515,173.5593,433.3433,314.005,67.4204,85.1282,30.7152,168.5011,87.253,196.4917,138.3318,190.5057,29.3838,59.2653,419.5939,851.8647,440.7605,96.4849,443.2566,498.7534,420.4583,187.5257,72.0946,90.5146,121.4437,152.3454,24.1694,157.6122,459.2758,164.8115,77.1255,521.5896,16.0501,82.4462,173.79,468.2724,80.1599,75.46,26.6834,270.4128,76.2002,34.8739,42.9926,82.4266,42.2223,39.9278,119.0118,106.5907,73.0914,35.3294,33.2065,141.4772,87.4627,105.2131
2024-06-11,205.194,158.96,187.23,142.9521,185.5,36.9333,318.0398,838.878,142.4309,354.2144,98.1186,39.987,73.9911,10.586,214.15,47.1778,175.156,424.4768,316.9886,67.508,85.5779,30.7251,167.3846,88.0509,195.8203,137.9839,185.4952,29.4713,59.2281,422.974,852.6722,436.3666,96.9007,443.0493,503.5861,425.1849,187.0431,68.1325,90.392,120.5761,151.5832,24.135,157.7346,462.4276,165.5696,75.5093,522.8458,16.0501,83.2988,170.66,469.4265,80.0932,75.51,26.7204,270.049,75.9256,34.8825,42.9782,82.5824,42.1384,39.4736,118.3329,108.5731,73.0537,35.2183,33.0049,140.89,87.232,104.3664
2024-06-12,211.0581,160.24,186.89,146.3257,182.67,37.4561,319.4195,837.3964,140.3648,359.0261,98.0505,40.3882,74.8632,10.5597,214.72,47.8138,176.3163,428.7095,324.9389,67.7796,86.0552,30.5661,167.6635,89.2053,198.8263,136.7147,182.7943,28.832,58.6036,421.7016,854.1298,432.8874,97.4973,437.0899,504.9456,433.4197,189.1519,67.6829,88.3271,124.8543,150.4445,23.8164,155.5685,468.4844,166.6847,75.0272,527.14,15.8255,83.9247,177.29,466.4466,80.0063,75.98,26.6001,265.7721,76.603,34.3216,43.0596,82.4071,41.6867,39.435,119.4579,110.9747,72.2531,35.4683,32.7893,140.5916,88.1399,103.2126
2024-06-13,212.2171,159.9,183.83,164.278,180.7,37.3135,317.1167,835.5692,139.1088,366.6511,97.3599,40.2927,73.7942,10.4373,212.97,46.6297,173.7081,426.4641,328.4702,67.7709,86.6242,30.268,167.0962,89.6413,197.089,136.7523,184.8271,28.4992,58.7062,427.1699,869.9164,432.3688,97.9583,439.0633,500.2419,433.9308,190.8683,68.5446,88.7986,129.2521,149.9854,23.8078,156.7269,471.0237,167.1347,75.8401,528.2013,15.8794,85.1584,182.47,470.4482,79.9966,75.74,26.7019,266.6275,76.9143,34.3302,43.0453,81.6959,41.3049,39.406,118.6917,111.8524,72.3473,35.6442,32.8643,140.476,88.2086,102.3846
2024-06-14,210.4836,159.63,183.66,169.7621,177.27,37.2945,312.3652,845.1599,138.8631,366.6996,97.2431,40.3405,72.9785,10.2363,215.73,45.7686,175.3246,426.5692,327.4883,67.508,86.8262,30.2581,166.1634,89.9485,193.9561,136.8369,184.9416,28.359,58.7484,424.4017,865.1104,432.1613,98.0396,438.6982,500.7982,434.9036,190.9468,68.4322,88.0537,131.5158,150.4261,23.7045,157.0848,473.4642,167.3988,75.2824,528.5227,15.8524,85.875,178.01,470.2779,80.0546,76.08,26.8222,266.1064,76.896,34.2353,42.6475,81.959,40.9975,39.2804,117.4988,112.2716,72.4791,35.672,32.7846,140.4279,87.5117,101.5192
2024-06-17,214.6241,158.4,184.06,178.9428,178.39,37.5511,313.2689,857.2495,139.4274,367.8831,98.7508,40.5984,73.2691,10.3587,214.61,46.3851,175.7708,430.1234,329.9998,67.5518,86.4223,30.7847,167.0385,90.8329,195.586,137.2224,186.0869,28.832,58.8142,427.976,871.5709,432.7931,97.5786,442.1317,503.2518,440.6031,193.5558,67.7297,89.5717,130.6183,152.5658,23.2309,157.7535,479.2641,168.7292,76.8703,532.7291,15.8794,85.0223,187.44,464.7773,80.6825,77.79,26.7574,266.6078,76.5939,34.0541,42.9638,82.3486,41.1046,39.6282,118.7984,113.9729,73.1667,35.4868,32.4237,140.2835,89.0477,100.8214
2024-06-18,212.2666,154.63,182.81,176.3646,174.99,38.0073,315.9313,860.0547,139.5548,371.3173,98.7314,40.9709,73.5598,10.2975,215.47,46.4242,173.6387,437.0505,334.126,67.7621,86.7986,30.4369,167.6827,90.9964,195.9276,136.9403,188.0148,28.613,58.8236,427.3835,877.923,433.7265,98.0306,444.1051,496.1594,438.6082,194.9878,65.9782,89.3643,135.2056,152.878,23.6012,158.7518,479.4122,169.4139,75.8023,534.0826,16.2209,85.8024,184.86,457.0062,80.837,78.67,26.7481,269.0167,76.896,34.5891,42.9159,81.8615,41.2769,39.8795,119.4385,114.1159,73.2609,35.6257,32.4377,140.4664,88.7484,101.7705
2024-06-20,207.7001,161.78,186.1,169.7152,176.3,38.0073,319.8083,851.8469,142.5674,370.124,99.0621,40.9041,73.6067,10.4373,218.16,46.7472,174.8386,437.6428,333.72,67.7183,86.5783,30.427,168.1732,90.3771,195.098,138.9429,189.6086,28.5868,58.4009,429.9186,872.5359,439.7044,97.7052,446.4731,498.3547,437.9793,193.3302,67.8702,90.1092,130.4189,153.0617,23.8853,157.9136,475.717,168.6607,75.3486,532.6318,16.2748,85.2309,181.57,460.3027,81.2814,79.41,26.8592,272.1628,76.6763,34.7272,42.959,82.2122,42.036,40.0921,119.5161,112.8338,73.1008,35.5331,32.719,140.9285,88.8612,103.9663
2024-06-21,205.5308,161.23,189.08,162.2859,176.56,37.5321,318.5547,837.8903,141.3296,363.828,99.4804,40.7608,73.091,10.3499,214.78,46.6982,178.1411,430.1234,335.9483,67.7971,86.5967,30.894,168.154,90.1764,195.5372,139.8549,187.3467,28.8583,58.955,430.0352,870.4579,440.8925,97.7323,448.7818,491.4807,441.9886,191.6726,68.1981,91.6272,126.2205,153.6126,23.8853,158.4693,474.4424,168.2988,75.5282,531.9176,16.5354,85.2309,183.01,458.4692,81.2718,78.65,26.9239,270.5897,76.8685,34.7272,42.9638,82.7481,41.7938,39.9375,119.2639,112.6365,73.1573,35.6257,32.5268,141.3232,89.612,103.0545
2024-06-24,206.1747,160.25,185.57,156.2818,179.1,38.0358,320.6536,837.7422,144.9976,366.8645,99.1983,40.7608,73.6723,10.6909,215.63,47.0799,177.7344,441.5028,331.3029,67.727,86.6701,30.3773,169.5484,89.2945,196.3863,140.2028,189.809,29.086,60.0821,430.414,876.5933,444.5792,97.8317,450.8637,495.5832,439.9153,189.4167,69.1722,91.6177,117.7838,154.3473,24.4191,158.6482,469.041,167.6922,75.358,530.1886,16.7601,85.5756,182.58,465.4898,81.7548,79.7,26.8314,271.6515,77.4635,35.5298,43.2407,83.0255,42.8477,40.3478,119.7709,109.8751,73.9374,35.866,32.9544,142.1475,89.2294,106.1156
2024-06-25,207.0959,160.25,186.34,155.1609,175.1,37.4276,318.1273,845.0019,144.2239,358.4246,99.4123,40.6653,73.8505,10.5685,214.56,45.4163,182.5046,437.0027,319.4436,67.8146,86.7436,30.5462,168.3078,90.2953,195.7422,138.3882,189.036,28.7269,59.96,428.5006,890.8731,441.3356,97.7956,449.5712,507.1953,443.1384,191.1626,68.3573,89.336,125.7418,153.6769,24.1006,157.1413,474.4048,168.4553,74.9327,532.2303,16.796,85.7207,187.35,460.2838,81.3587,78.9,26.8592,268.9281,76.5115,35.4521,42.6917,83.9534,42.9462,40.0471,118.7491,111.8906,73.4629,35.361,32.6426,141.7029,88.8704,106.4133
2024-06-26,211.2364,157.54,193.61,156.2612,178.5,37.0664,317.4762,846.3156,141.9394,365.002,99.3929,40.5793,73.3066,10.586,212.58,44.79,182.3558,435.5504,322.7484,67.6657,86.2204,30.3475,167.6058,90.7734,195.2249,138.0403,188.4252,28.3065,60.1573,425.8296,887.574,440.3173,97.2623,446.3448,509.6985,444.3274,190.6133,68.7226,88.6854,126.051,153.1168,23.6098,157.7064,475.3844,168.0933,74.8098,532.8947,16.8589,84.4962,196.37,459.8467,81.0206,78.75,26.9887,268.997,76.2735,35.4003,42.6628,83.9632,42.5238,39.7949,118.4279,111.7622,73.3111,35.3142,32.5055,141.2004,90.1589,106.4505
2024-06-27,212.0784,159.47,197.85,155.7371,182.51,37.304,318.1855,840.1719,142.2762,365.5258,99.3831,40.6079,73.3629,10.6909,214.99,44.6041,183.8731,426.0915,322.4367,67.7445,86.4131,30.3972,167.6347,90.9716,197.2062,137.0814,190.0858,28.2627,60.0258,427.5778,895.2358,440.4493,97.452,436.8433,516.0955,445.0055,191.3195,69.0504,88.808,123.6476,152.6759,23.937,156.9247,476.6116,167.9955,74.8949,533.7347,16.85,84.8318,197.42,462.1268,81.1945,79.92,26.9517,262.1049,77.015,35.2277,42.5424,84.4418,42.6223,39.7463,118.5545,111.8165,72.9979,35.6322,32.5622,140.9685,90.7097,106.9064
2024-06-28,208.6312,162.21,193.25,157.5892,182.01,37.7982,323.6658,839.5497,142.3672,363.8799,96.5817,40.6844,73.4473,10.9618,215.01,45.4652,180.6401,432.1681,325.0333,67.5781,85.9542,30.7748,167.7789,90.2978,198.0162,137.4198,193.0349,28.2189,59.7816,426.2083,891.6316,440.421,96.8284,435.2745,500.8578,439.2077,191.1331,66.3248,71.0634,123.1989,151.4546,24.092,155.3236,474.1375,167.0368,73.5811,531.6343,17.1735,83.2535,197.88,483.8061,81.1075,79.59,26.9517,258.0543,77.6294,35.5902,42.528,83.6701,42.7866,39.8822,118.6031,111.7572,72.6752,35.9221,32.1984,140.8525,89.7016,107.1111
2024-07-01,214.7034,157.69,197.2,161.0512,186.7,38.0263,319.7596,835.2827,142.4582,351.5696,95.3658,40.7799,73.5786,11.1542,215.57,45.6805,181.4732,443.003,317.4324,67.5649,85.3144,30.6456,166.7115,91.145,196.3571,137.6831,196.0794,27.9036,59.434,416.6218,900.485,439.7987,96.2533,431.7718,501.3148,448.8183,191.4568,65.4724,72.4399,123.9568,149.5813,24.2986,153.2516,476.9185,166.7141,72.9006,532.7285,17.0566,81.8166,209.86,469.9264,80.9143,81.54,26.9609,258.8112,76.8973,36.0217,41.873,83.3185,42.8101,39.9695,117.3282,112.602,72.1628,35.5761,31.9763,140.0601,90.0065,106.9623
2024-07-02,218.1901,164.31,200.0,162.6884,185.42,38.9007,318.477,848.8047,142.6675,355.4264,95.3171,40.9041,73.7567,11.2503,215.56,45.9447,183.7045,444.866,316.2805,67.7498,85.6366,30.8741,167.3654,91.8981,197.0305,137.2976,199.3052,28.0262,59.3119,417.7387,892.9412,439.101,96.8701,438.7179,506.1027,451.3241,192.624,66.0063,71.6951,122.3313,150.2149,23.9628,154.363,481.9259,167.7216,72.6171,536.3136,16.9129,82.4536,231.26,473.3369,81.1655,81.11,26.9239,263.7173,77.2587,35.4694,41.9501,84.0608,42.7772,40.4351,117.9705,113.1651,72.6657,35.7257,32.1417,139.5479,91.7572,106.2365
2024-07-03,219.4581,163.9,197.59,169.7299,184.31,38.8722,321.2463,852.0639,142.6311,353.3228,95.9202,41.5059,74.6006,11.2503,217.99,45.7099,184.2797,447.0731,315.0247,67.9876,86.2074,31.0331,167.3751,92.6933,196.9817,136.9779,199.1716,28.1051,59.481,420.5068,884.462,439.4121,97.5867,442.2008,506.5596,452.7883,194.2522,67.2801,70.9408,127.9258,149.315,23.8509,154.297,485.9438,168.4553,72.0783,538.707,16.7871,83.5365,246.39,465.4044,81.0206,81.27,26.8129,264.4645,77.1846,35.4866,42.2631,84.0901,42.965,40.309,118.3988,114.6916,72.5424,35.6883,32.3354,138.4848,92.3424,106.7762
2024-07-05,224.2028,171.9,200.0,167.1868,184.83,38.4065,319.0504,874.7915,140.4467,350.6348,95.3171,41.6778,75.0976,11.2241,220.93,45.5239,189.0201,444.0444,315.9123,68.1902,86.6861,31.8182,167.125,93.6396,196.0447,137.7207,196.5325,28.1051,59.8849,423.2071,900.6819,435.7632,98.0947,443.4933,536.3098,459.4607,194.7818,67.5237,71.1199,125.4825,150.9587,24.1522,155.5968,491.0106,169.6291,71.8798,541.8135,16.8679,84.2281,251.52,463.6183,81.2621,81.31,26.7204,265.8115,77.3978,35.6161,42.3305,85.7213,42.2938,40.2993,117.9705,115.0423,73.4344,35.8193,32.3921,139.5576,93.0949,105.4829
2024-07-08,225.6688,178.69,199.29,171.3632,185.84,38.6061,319.7402,870.0209,140.465,345.736,95.151,41.6874,74.7225,11.3465,218.19,45.5533,187.4631,444.1112,320.6522,68.1725,86.7137,33.7757,167.3173,93.7486,197.4209,136.7805,196.8972,28.1138,59.1335,423.2264,904.0598,435.386,98.0856,440.2867,525.7905,458.1636,195.694,67.5424,68.8759,127.846,148.8742,24.0489,156.8305,492.1783,169.453,70.481,542.4386,16.9039,84.4101,252.94,464.8818,81.3201,80.42,26.7666,261.9181,77.648,35.8405,42.4557,84.9497,42.0356,40.1926,118.1165,115.8278,73.3205,35.9034,32.4252,139.4029,93.1391,104.3757
2024-07-09,226.5207,177.1,199.34,170.1314,183.24,39.3664,316.8252,875.9569,139.2363,339.7368,94.8383,41.8593,74.4225,11.2765,218.56,45.2695,187.4135,451.7644,318.2822,68.0933,86.594,34.372,167.2885,93.8749,196.562,138.2566,199.2579,27.9649,58.8799,418.8168,918.3397,434.0094,97.9042,439.4172,526.4659,451.5796,196.1255,67.5518,68.3197,131.0172,148.6722,23.8681,156.0205,492.6039,169.5117,68.7608,542.9661,16.8949,84.037,262.33,467.5134,81.1558,79.77,26.8037,260.9743,77.6294,35.642,42.0223,85.2134,41.6648,40.5031,117.6007,115.7339,73.1307,35.9128,32.5197,140.0794,93.449,103.2219
2024-07-10,230.7801,183.96,199.79,171.2484,183.73,39.6705,319.1766,873.4481,141.1931,342.3566,94.7601,42.0981,75.4726,11.5126,219.36,45.5337,189.5953,457.5544,324.9767,68.2518,86.6769,34.6502,168.8752,94.8187,198.4847,140.4943,199.4211,27.9562,59.0114,422.4592,925.5092,434.6788,98.14,428.4886,531.1246,458.1734,197.7242,68.2824,68.3951,134.5375,150.2241,24.4105,157.0942,497.74,170.8518,68.534,548.339,17.0937,84.3009,263.26,475.8925,81.7934,80.48,26.7759,258.5752,78.2041,36.0323,42.5858,85.7507,41.9464,40.6583,118.6518,117.4135,73.4534,36.1653,32.8269,141.4034,94.1522,104.1338
2024-07-11,225.4212,181.94,195.05,167.4459,183.91,39.7371,321.7516,836.1915,141.3114,352.1638,94.3986,42.3465,75.6883,11.7748,223.25,46.9038,184.0318,457.8792,334.0504,68.4984,87.2293,33.2888,170.7312,92.8097,205.6191,140.7481,199.0852,28.1839,59.265,422.4009,919.9547,434.0848,98.6662,431.2356,509.2812,446.8235,194.9289,69.9683,69.1965,127.0482,150.5547,24.6775,155.9075,486.8245,169.2769,69.2806,543.6108,17.2032,85.1198,241.03,479.151,82.1315,80.94,26.6371,258.1328,80.4469,36.2253,43.1685,84.5785,42.3829,40.9784,120.1602,114.4742,73.1782,37.1286,33.427,142.3988,92.9572,105.3712
2024-07-12,228.3632,181.61,194.49,166.9276,182.31,39.528,326.0853,832.5469,141.6118,355.7965,94.9165,42.5185,76.4947,12.2643,223.11,47.9606,183.5359,458.5003,339.6968,68.6745,87.4134,34.2726,171.8179,93.3497,208.02,140.9174,196.6764,28.0875,59.8285,428.044,933.9982,437.2435,99.029,434.8817,495.5435,445.6934,195.5076,71.186,69.2248,128.8831,152.7862,24.9013,156.9153,489.6845,170.5193,70.7267,547.0397,17.1576,85.4838,248.23,485.9627,82.7498,80.25,26.5446,261.2692,81.0586,36.3393,43.5826,84.305,42.4909,41.1142,120.8512,115.4968,73.5008,37.3998,33.6727,143.2878,94.1719,105.3898
2024-07-15,232.1867,179.83,192.72,168.2556,179.11,39.8131,335.9769,838.3051,143.8416,361.971,94.6624,42.0695,75.8196,12.4392,223.83,48.2444,184.9838,470.3,338.4599,68.6834,87.1372,34.2428,172.4333,93.6322,211.9727,140.3156,201.5804,28.2802,59.5561,425.5964,936.0269,437.3849,98.4848,438.7255,492.8516,446.0962,196.4786,66.4746,67.2354,128.0853,150.4721,25.0563,155.0034,491.0007,171.1648,68.7608,548.544,16.9478,84.5011,252.64,489.6108,82.8657,80.12,26.5909,263.9336,81.6055,35.7779,43.4719,84.6078,43.134,41.7157,121.7173,115.7043,73.0738,37.5588,32.8552,142.7853,94.0637,107.1949
2024-07-16,232.6028,177.55,193.02,166.2533,186.05,41.9421,350.3675,840.3201,143.5959,367.6586,96.2259,42.3083,76.1853,12.579,228.29,48.7043,182.3955,480.6093,348.5251,68.9475,87.5239,34.1235,175.3952,93.5058,219.2047,141.9798,205.0064,28.7619,60.3639,432.9296,927.3016,441.8165,99.0562,438.261,486.524,441.7332,197.5183,67.3457,68.6497,126.0111,151.2985,25.4007,157.2355,491.1887,172.2409,71.3695,551.797,17.1941,85.6931,256.56,521.4364,83.6772,79.06,26.5909,264.7202,82.6064,36.3568,44.3146,84.8325,43.3265,42.1911,124.7537,115.3189,73.7761,37.9142,33.1104,144.8244,95.7505,107.9671
2024-07-17,226.7188,159.43,187.93,153.1007,184.84,41.7995,347.6662,835.8853,146.745,375.0798,95.0924,41.6205,75.7821,12.6577,227.23,48.8316,179.5195,479.8067,351.1406,68.8683,87.5975,34.2428,175.7798,90.8577,216.9111,147.2167,208.1254,29.6903,61.2467,436.3873,891.8383,448.8787,99.1016,445.8004,458.9094,435.8371,190.1033,66.409,68.8948,117.6642,156.0094,25.8571,159.5806,476.7699,169.4432,70.9819,544.0602,17.4768,85.7113,248.5,544.6263,83.8414,80.62,26.4706,268.1121,83.1718,36.8656,44.2231,83.5529,43.7583,42.5112,123.1577,110.8334,74.7251,38.2509,33.1293,145.4816,94.1522,109.4558
2024-07-18,222.0632,155.77,183.75,157.5569,180.23,40.8776,345.9464,829.0602,147.4186,370.707,94.5842,41.2289,75.0319,12.7189,225.78,48.5869,176.2171,464.5482,345.6547,68.7274,87.349,34.6502,174.097,90.1467,212.7144,146.1261,201.5132,29.5764,61.228,433.2307,836.0091,448.8127,98.6752,443.3894,472.677,432.7416,188.6615,67.1303,68.2442,120.7556,156.4502,25.5816,158.6388,474.5136,168.3183,70.1218,539.8792,17.4677,85.0561,249.23,536.1331,83.3777,79.9,26.5909,264.6218,82.4396,36.9007,43.7849,83.5041,43.8381,41.9971,122.1942,110.8433,74.355,37.9329,33.1009,142.1765,93.1932,110.5351
2024-07-19,222.192,151.58,183.13,154.4454,179.67,40.773,337.7843,827.8353,144.8519,368.1942,93.5582,40.8277,74.5725,12.2206,221.73,47.2658,176.1873,463.3253,343.0865,68.6745,87.0728,32.7721,172.943,89.5992,211.6311,145.4397,201.3212,29.0071,61.3219,431.9778,844.4489,447.7944,98.3124,438.4192,473.6107,429.5381,187.5335,67.4393,68.5459,117.6044,155.5227,25.8054,159.1381,470.3077,167.0564,74.9233,536.294,17.4404,84.5556,239.2,537.0737,82.7401,78.0,26.6649,260.9939,82.2913,36.5059,43.3948,83.1329,43.3593,41.5702,121.5227,109.1094,74.1082,37.8861,33.1387,142.9013,92.3621,107.995
2024-07-22,221.8453,155.87,182.55,158.0869,178.9,40.2028,339.3941,837.0112,142.886,369.3532,91.9848,41.1715,75.3601,12.343,221.8,48.4989,180.1641,465.3412,342.9827,68.9299,86.9899,33.1596,173.8565,91.0063,214.9982,145.0166,201.8011,28.7444,60.8335,433.2889,852.8199,447.4832,98.258,442.6187,484.1499,435.2672,190.6525,68.2824,70.5825,123.1989,153.9616,25.4868,159.4129,477.3142,169.3161,72.3524,541.8232,16.9204,84.31,251.51,530.6136,83.1169,77.62,26.6464,263.2061,83.1439,34.2868,43.5393,83.4845,43.0871,41.803,122.7587,111.693,74.1557,38.2602,33.4175,143.7227,93.3801,107.2507
2024-07-23,222.8854,154.0,186.41,160.7469,186.48,40.3073,335.7842,841.6437,140.2465,361.8249,88.8675,40.8085,74.9382,12.0895,222.58,45.3869,180.2831,470.2236,339.5552,68.9387,87.0544,32.7423,173.1546,91.1227,217.282,143.2397,201.8491,28.7269,61.0119,434.5613,864.9529,472.6582,98.1854,436.4726,485.4314,437.1441,190.9566,67.5424,69.2059,122.2515,152.6944,25.4007,157.8685,475.6318,168.7292,72.0783,540.9733,16.6103,84.1917,246.38,526.975,82.7111,76.62,26.6926,260.3352,83.0791,34.1114,43.7126,83.3673,42.4017,41.8806,122.5251,111.2484,73.8899,38.1947,33.2096,143.6358,92.9621,105.5201
2024-07-24,216.4764,144.63,180.83,148.5463,180.07,40.0982,327.8523,820.6151,141.1385,359.7505,87.7535,40.2163,73.9911,11.9496,221.8,45.4946,171.1991,465.0164,330.7647,68.7186,86.861,31.5002,171.9621,87.6645,212.6168,146.9347,200.1792,28.9458,61.8103,431.0162,846.8224,485.7737,97.5867,427.3127,458.1942,421.4703,184.0516,70.6334,67.0279,113.9345,154.4299,25.814,159.176,458.5709,164.7968,70.585,528.7135,17.4768,83.2817,215.99,531.7726,82.4117,76.81,26.6834,249.8938,81.8557,34.7956,43.154,81.1891,42.4064,41.3083,119.8877,106.6443,73.8235,37.671,33.5829,144.8341,89.1606,107.0088
2024-07-25,215.4364,138.32,179.85,146.5047,184.35,39.6135,335.911,805.9279,143.3866,371.7295,87.177,40.0539,73.5223,9.7555,218.33,43.1851,165.8934,469.8032,333.5784,68.7274,87.0544,30.904,172.6449,86.7727,215.2715,150.0937,200.256,29.156,62.0545,430.3071,808.72,491.6196,97.9768,424.4966,450.3866,411.1523,182.0507,68.7882,67.3296,111.9699,157.0471,25.9862,158.1338,453.5139,163.5545,69.2995,525.9587,17.5042,83.9641,220.25,531.7061,82.5469,77.46,26.6834,249.4711,81.5869,35.0412,43.2744,80.2514,43.1387,41.4635,120.8512,105.5032,73.7381,37.4653,33.3041,144.1093,88.8114,109.2604
2024-07-26,215.9019,139.99,182.5,148.831,186.89,39.604,341.9405,808.7072,143.6596,376.4627,87.8806,40.4647,74.46,9.7817,220.63,43.1753,165.6157,476.7971,339.4513,68.9475,87.4686,31.1524,175.0394,87.4985,218.8338,151.034,203.6821,29.2173,62.9749,438.4271,792.4016,494.8253,98.521,432.9747,462.5947,417.9033,184.4831,69.5562,68.4139,112.7478,158.6357,26.8682,160.2277,458.1651,165.6674,69.9895,531.8493,17.34,84.6194,219.8,541.2442,83.4453,76.11,26.6649,255.0948,83.0142,35.164,43.9823,81.7557,43.2748,42.1135,122.9144,106.8419,74.4878,38.0919,33.6302,144.9211,89.8048,109.1674
2024-07-29,216.1793,139.75,183.2,147.447,185.43,39.0528,336.1355,806.6894,142.531,366.9379,90.0402,40.3309,74.1318,9.6244,220.32,43.2047,168.1248,470.7682,341.4908,68.8859,87.616,30.6357,174.9624,87.6521,216.4036,149.0783,202.3481,29.2699,62.7683,437.0381,795.5234,497.5032,98.7297,436.0575,462.6046,419.3379,183.7966,69.6311,69.3474,111.2818,159.0581,26.8245,161.0046,459.0854,165.6478,71.0764,532.1619,17.2397,85.0743,232.1,538.4227,83.5516,75.19,26.7389,257.1989,83.4405,35.1113,44.0594,82.4785,42.904,42.0553,122.7003,106.3677,74.5163,38.335,33.7814,145.008,91.3048,108.023
2024-07-30,216.734,138.44,181.71,140.8707,186.86,39.2333,333.3939,801.2196,145.2342,362.0684,91.6526,40.1494,74.3006,9.4758,222.52,43.283,168.8784,483.1413,343.3981,68.9211,87.8001,29.9401,175.9818,86.4407,217.2234,151.6827,206.5131,29.6377,63.5666,437.9025,778.2104,506.9509,98.8113,442.1345,460.1014,415.594,181.4132,69.575,70.0734,103.4436,159.0306,27.4095,153.2069,452.7815,164.9729,71.7759,529.4658,17.3127,85.4019,222.62,547.5239,83.8221,74.46,26.7574,258.6736,84.0893,35.1201,43.9149,82.8106,43.5705,42.5403,123.0603,103.6952,74.0133,38.6156,33.9562,145.1337,90.7982,109.9489
2024-07-31,219.983,144.48,186.98,157.7139,190.6,38.3114,337.7648,813.0594,146.0534,362.2729,91.5549,41.0283,75.3507,9.4583,226.55,43.371,170.1181,486.3515,347.6187,69.1677,88.4445,30.5462,176.3568,88.7322,218.4825,148.4108,204.2195,30.8376,62.6838,440.4765,792.0569,510.9675,99.3828,458.2014,471.6638,411.1031,187.3079,71.5513,70.5825,116.6969,158.5623,26.6673,152.3163,466.181,168.0346,73.6756,538.0719,17.5589,86.2755,232.07,547.3624,84.0829,77.74,26.6094,261.2004,83.7927,35.5411,44.3724,83.7971,43.7536,42.4336,124.4326,108.0868,73.8805,38.5221,34.3957,144.6021,92.2047,110.3397
2024-08-01,216.2982,132.54,184.07,144.3061,178.31,37.5416,323.4424,808.0049,138.9086,348.5701,90.9295,40.3118,73.3535,9.3447,225.77,42.4414,169.3445,477.8385,338.5732,69.0163,88.8222,28.8669,174.5009,87.122,211.3773,151.1467,199.5747,31.004,63.8296,440.321,819.799,517.5112,99.7123,456.9168,494.4211,409.8846,182.188,73.4246,69.6302,108.9084,160.6651,26.7634,156.9873,454.8895,166.1565,70.9914,530.4523,17.7596,87.0196,216.86,544.1418,84.1312,76.29,26.7019,261.456,84.6361,35.8306,44.1942,84.139,42.5942,41.8321,122.1261,104.0558,74.5637,39.1206,35.0147,146.0807,89.9425,108.8138
2024-08-02,217.784,132.5,167.9,141.1651,169.95,35.7168,313.0519,813.1385,135.2042,344.5186,87.5288,39.7387,72.2002,8.7677,225.34,40.2885,165.2785,449.6719,335.5989,68.7862,90.1981,21.3446,171.5197,85.2467,203.9014,154.3246,191.1103,31.5821,65.1164,440.9621,792.244,517.4264,100.6864,456.5314,484.8851,401.4139,175.9598,74.1833,69.7811,106.9738,163.4935,26.5713,161.1467,444.0926,163.8675,71.7192,520.5762,17.6684,89.7313,207.67,560.3491,83.938,73.39,26.4336,262.095,84.5898,35.9358,43.3611,82.7715,41.4958,40.8038,119.4401,101.1313,75.2186,39.1487,35.0714,145.7908,86.6328,108.7487
2024-08-05,207.294,134.82,161.02,139.4572,167.03,34.8329,309.0811,793.1088,131.6637,335.8411,85.7796,38.6115,70.6249,8.488,222.48,39.0946,157.9299,438.5696,330.4814,68.3612,90.2904,19.9832,167.3943,82.2493,197.3428,151.6075,187.0413,30.8289,63.9611,430.7636,763.4874,514.23,100.4315,436.7492,472.5578,388.305,172.0954,71.8229,67.3391,100.1726,159.8203,25.9688,159.2329,430.8515,159.0939,69.8099,505.4152,17.2488,90.2061,198.88,541.4722,82.0639,73.22,26.2855,252.1257,82.1708,34.9096,42.3931,80.3979,40.5804,39.6202,117.3672,97.7622,73.7381,38.0171,34.1452,141.8962,84.1837,106.7855
2024-08-06,205.2733,130.18,161.93,141.2633,165.04,35.0895,318.4863,807.9951,130.3622,337.0293,87.9196,38.8312,70.7468,8.5492,220.7,39.7405,156.9779,449.2707,334.1638,68.618,89.487,19.705,168.7983,83.3244,199.4899,149.4638,192.2619,30.496,63.9142,432.8616,781.1353,510.6282,99.7761,442.9743,490.7953,392.6878,174.9691,72.0946,68.3574,103.9621,158.397,25.602,159.2613,434.9684,160.8058,71.2371,510.0748,17.5042,88.1883,200.64,539.9427,82.5952,72.45,26.3688,253.9151,83.7927,35.3131,42.6098,81.3454,40.8292,40.2605,118.7783,99.0911,74.2506,38.8588,34.4335,142.5534,85.1132,106.2179
2024-08-07,207.8388,128.67,162.77,133.7545,163.24,35.4507,317.8618,801.4866,129.6159,336.9514,84.001,39.07,71.0844,8.6735,220.55,39.7796,157.6225,451.9363,323.296,68.7507,89.1638,18.99,168.0963,82.4028,197.1281,149.398,192.3195,30.3647,64.2992,429.1707,760.4148,517.1812,99.3209,444.4961,485.6598,391.5282,172.6446,72.6472,68.4705,98.6369,157.7542,25.1916,161.0899,430.2577,159.4852,71.1615,506.6656,17.5589,87.5674,191.76,537.7862,82.5759,74.69,26.4243,252.2043,83.2181,35.3306,42.032,80.9156,40.9935,40.309,118.2041,97.4856,74.3265,38.5782,34.6272,141.1038,83.628,107.6322
2024-08-08,211.2958,136.32,165.8,143.0497,168.87,36.3156,327.9694,830.2997,131.509,340.029,84.001,39.9584,72.2752,8.9931,224.01,41.8151,160.6869,464.1278,328.9046,69.034,88.896,20.49,170.9524,84.8652,201.9201,150.639,195.8319,30.8376,64.5528,434.6876,832.4737,520.1136,99.3664,450.1679,506.2318,395.7144,179.2848,72.6285,69.9508,104.6801,158.2867,25.1131,161.8953,443.4197,163.5936,71.5963,518.3781,17.6958,87.0287,198.84,537.9382,83.6578,75.36,26.4613,255.4586,84.0337,35.5411,42.6821,82.5273,41.876,40.959,120.929,101.1264,75.0003,38.9055,34.665,144.2253,85.4525,109.6884
2024-08-09,214.1982,134.27,166.94,145.5232,167.91,36.3821,330.0182,845.6312,131.9641,337.0001,84.2453,40.1781,72.5565,8.9664,224.56,42.549,162.3133,468.4178,329.1878,69.0252,89.2562,19.71,171.1254,85.6232,201.5005,151.0151,197.5017,30.8902,64.5059,434.1826,878.1396,520.0758,99.8762,451.3537,514.3176,398.9867,181.1091,72.5535,70.0922,104.4608,158.3051,24.9297,161.5826,445.7354,164.5914,70.9725,520.6641,17.7778,87.887,200.0,530.832,83.8704,76.22,26.4336,255.902,84.4229,35.7429,42.6484,83.2306,41.9699,41.1336,120.9485,101.5808,75.1142,39.1019,34.7831,144.9404,85.7378,110.5816
2024-08-12,215.7254,136.77,166.8,145.8765,164.13,36.2775,327.8425,854.1772,131.9914,336.0067,83.9913,40.3118,72.4909,8.7534,228.41,42.0695,160.9447,463.8699,326.5157,69.0694,89.5055,19.36,170.385,85.8759,199.6851,150.3194,197.876,29.9268,64.0269,433.9494,870.9504,525.1014,100.0856,450.2766,512.5096,399.763,181.6191,72.6659,70.3751,108.7189,157.4144,24.8424,158.0485,446.6954,164.8653,72.8061,520.9376,17.7231,88.2066,197.49,537.0356,83.7544,78.63,26.4336,256.03,83.802,35.5499,42.4606,82.6543,42.1764,40.9202,120.3354,102.4108,74.7346,38.8681,34.8446,144.3896,85.3984,110.7212
2024-08-13,219.4344,141.13,170.23,153.2773,168.76,36.5532,330.545,855.4136,131.1995,341.4411,83.6492,40.7608,73.738,9.0019,228.06,42.3925,162.7993,470.0229,330.5381,69.3881,89.9026,20.47,172.0294,87.8428,202.9742,148.9185,199.5555,30.2771,64.2992,436.7856,894.261,527.4681,100.7866,453.9031,525.0157,406.8384,185.5326,73.1717,74.0145,115.8193,158.2867,25.1916,158.5033,457.7791,167.3206,90.6413,529.5048,17.8052,88.8183,207.83,545.5383,84.45,77.64,26.2948,256.2664,84.5342,35.7692,42.8843,83.7287,41.768,41.2598,121.6005,105.5575,75.0762,39.1393,35.0478,146.1387,87.5377,109.6605
2024-08-14,219.8807,140.75,170.1,154.7791,168.5,36.8858,329.3645,853.3265,131.6728,342.1131,84.3333,40.5411,74.0099,9.0375,226.2,42.6763,159.0407,476.4818,335.8161,69.5121,90.0226,19.92,172.6833,88.1178,201.7151,149.0031,201.7627,30.207,64.4119,438.2231,917.5322,531.051,101.2326,454.6935,523.2476,409.6389,187.0137,73.0687,74.0334,117.7539,159.5173,25.2178,159.934,457.9276,167.7314,88.751,531.1752,17.9055,89.3752,201.38,550.6969,84.991,76.59,26.3225,257.2615,84.7566,35.8744,42.8843,83.2501,42.0121,41.7642,122.0969,106.1355,75.4179,39.2796,35.0241,146.6606,87.0705,110.6747
2024-08-15,222.8558,147.36,177.59,163.0633,176.41,37.0949,337.2184,867.8073,133.6115,363.5195,86.7665,40.99,74.91,9.286,226.91,43.8995,159.963,476.7876,339.9801,69.574,89.4593,20.69,174.8374,89.9782,206.9464,149.5766,203.0199,29.9443,64.4777,443.0406,918.7155,528.2883,100.9231,463.1419,533.7471,414.4824,191.2999,72.5067,77.786,122.5207,158.4245,25.0694,159.1002,469.4963,170.7247,89.6773,540.2797,17.413,88.6539,214.14,550.6399,85.5899,77.41,26.4151,262.8374,84.6917,35.1201,43.5634,84.0022,42.5144,42.1523,123.7416,109.1884,76.196,39.1674,35.0194,147.5787,89.8491,111.3594
2024-08-16,224.1747,148.56,177.06,162.6609,179.99,37.3895,335.111,861.1208,134.0392,368.0579,87.2649,41.4677,75.3226,9.3304,231.99,44.3496,161.6092,481.7941,341.8591,69.7954,89.6348,20.87,175.3471,90.0947,207.4929,149.8587,205.3423,30.3209,64.9755,443.7011,909.3862,528.1375,101.2235,463.3099,523.9032,411.9622,191.1331,73.5932,78.4743,124.236,158.5163,24.7114,159.0718,470.0999,170.8225,90.1527,541.4911,17.641,88.9644,216.12,548.8064,85.87,76.32,26.2855,263.4088,84.6454,35.6201,43.6163,84.2562,42.4674,42.4627,123.5664,109.3712,76.4048,39.1487,35.1753,147.7333,90.0606,110.8341
2024-08-19,224.0161,155.28,178.22,164.6141,179.64,37.7032,336.2526,862.8616,135.1345,363.1787,88.7503,41.8689,76.2415,9.5168,231.61,44.7802,165.2885,482.1953,342.8127,69.9105,89.7548,21.52,176.6838,91.2218,210.0305,150.0844,206.7626,30.969,64.7876,445.4105,909.0805,526.4969,101.4602,461.4325,525.7507,414.9746,193.2713,74.3238,78.5214,129.641,159.6183,25.148,159.5739,476.2751,172.0746,87.766,546.6685,17.7778,89.3752,222.72,549.8515,86.411,74.38,26.1467,262.5123,85.3498,35.7341,43.8234,85.2134,42.7538,42.6955,124.3158,111.1743,76.661,39.3825,35.4069,148.632,91.1671,111.1718
2024-08-20,224.6309,156.4,178.88,162.8866,172.1,36.7718,334.9354,866.6698,133.1649,362.867,87.6949,41.5441,76.0071,9.4813,232.46,44.9955,165.7942,475.1824,346.7783,69.8485,90.1149,20.99,175.9337,91.1128,207.5808,150.5826,205.8701,30.9077,65.1633,444.9152,936.8516,525.1957,101.7242,463.547,523.2177,418.1938,192.9182,73.9772,78.7854,126.8986,161.4825,25.2353,161.4594,475.2756,172.0354,88.4412,545.7795,17.7778,90.0874,221.1,551.628,86.4786,73.83,26.0542,264.059,85.2478,35.8306,43.6645,85.1548,41.6272,42.5597,123.9751,110.784,77.0407,39.4199,35.3313,149.2312,91.0835,107.467
2024-08-21,224.5218,157.81,180.11,162.7197,173.43,36.8288,334.6135,871.833,133.7447,367.2106,88.6526,41.7065,76.7104,9.6323,232.15,45.5631,164.4753,474.3416,349.7903,70.0079,90.2996,21.41,176.8665,91.4943,210.2843,151.7767,205.9469,31.039,65.3418,448.4895,938.824,522.1313,101.9519,462.4404,531.5916,417.5441,193.8598,74.5954,79.2003,128.1452,160.8947,25.3488,161.2226,477.4924,173.2778,88.2225,547.6552,17.8235,90.1422,223.27,549.1769,86.9037,72.6,25.971,264.2166,85.7019,36.006,44.1653,85.5162,41.6976,42.4918,124.7245,111.4361,77.5626,39.5508,35.5817,149.4825,92.2343,106.7823
2024-08-22,222.6673,151.7,176.13,159.3433,172.76,37.2945,334.0183,868.0151,134.122,366.7626,87.8708,41.1906,76.2603,9.6944,229.37,45.4652,162.4422,475.5742,344.9749,69.9193,89.8841,20.1,176.4626,90.1541,208.4299,152.6417,207.8951,31.1091,65.1164,448.4507,940.9936,525.2146,101.5331,463.2507,528.383,409.0876,192.2317,73.921,78.644,123.3983,161.3814,25.1305,161.2131,469.9218,171.9377,87.8896,543.3569,17.7961,89.2474,210.66,549.7944,86.6912,73.58,26.0912,263.9604,85.9522,35.8481,44.0738,84.8716,41.8056,42.7344,124.5688,108.8723,77.4487,39.794,35.5392,149.5791,90.6409,107.6077
2024-08-23,224.9582,154.98,177.04,163.2891,174.96,37.7982,339.9209,869.6471,135.8615,371.2328,88.4962,41.8784,77.6574,10.0051,232.02,47.53,164.2471,486.7242,354.6342,70.2911,90.2996,20.54,178.7321,91.1896,215.0861,154.3152,209.5073,31.4507,65.5484,452.3649,939.5833,523.3099,102.1157,460.8989,524.4792,410.3084,194.0756,74.6142,79.2474,129.0128,161.5008,25.2353,160.2845,475.0183,173.5125,89.4015,549.1302,17.9968,89.8317,220.32,555.2949,87.1838,75.55,25.8692,263.4678,87.8429,36.1463,44.6565,85.4674,42.4299,43.103,125.8145,110.6358,77.667,40.5609,35.6384,150.2266,92.3916,109.099
2024-08-26,225.2953,149.99,175.5,156.6735,173.48,37.9408,342.6039,882.8025,136.6714,373.093,89.6884,41.525,77.3105,9.8631,232.76,47.7062,164.7827,485.2432,353.2367,70.1495,90.1888,20.13,178.9629,90.5926,215.1544,154.7665,210.3326,31.4682,66.5346,455.0068,937.4038,526.2234,101.9882,463.0728,517.6451,407.0597,192.3101,75.5321,79.4643,126.1108,161.5926,25.2528,161.4026,470.4067,173.2582,90.9324,547.8212,18.0241,89.6035,213.21,557.7841,87.2515,77.83,25.9247,264.2264,87.8058,36.3919,44.854,85.6627,42.8101,43.2388,125.6782,109.2477,78.2174,40.5328,35.87,150.1493,91.6736,111.4344
2024-08-27,226.1383,150.5,173.12,158.4108,173.05,37.7032,342.5649,899.0141,135.2449,366.1685,88.8285,41.5823,77.6668,9.8897,233.39,48.1955,163.315,484.6604,352.3586,70.1937,90.1519,20.07,178.9918,90.7833,213.4855,154.3686,211.3019,31.3018,67.1545,458.7754,941.2993,528.4015,101.9063,469.3473,515.6386,407.4042,192.9477,74.5673,80.4166,127.9457,160.9774,25.1654,160.3604,471.812,173.8842,93.7566,548.5734,17.9238,89.4482,209.21,557.9932,87.4253,76.49,25.8414,266.6991,87.9355,36.3568,44.8588,85.4674,42.4111,43.462,125.7561,109.9097,78.4072,40.6357,35.5865,150.3812,91.4326,110.3745
2024-08-28,224.6111,146.36,170.8,155.2601,170.71,37.9693,339.716,878.3909,134.3705,368.0871,87.4506,41.3244,77.3949,9.8009,231.75,47.9998,161.5001,480.9055,351.896,70.1583,90.1057,19.61,178.6648,89.9039,212.041,155.2876,212.3672,30.9953,67.3893,459.261,935.8359,531.7677,101.6969,466.1952,513.3341,404.2146,191.1626,74.38,78.0594,125.2631,159.7101,25.1043,160.1803,466.4581,172.5539,90.6187,545.3889,18.0789,89.3387,205.75,559.1236,87.3191,75.48,25.9895,265.1919,87.5926,36.3919,44.6662,84.9009,42.1388,43.5687,125.6977,108.3931,78.0751,40.4954,35.5865,150.5551,90.5474,109.2866
2024-08-29,227.8837,145.49,172.12,154.0331,172.26,38.1784,343.0722,876.9863,135.6774,371.8561,87.7633,41.3435,77.6855,9.8631,232.95,48.4108,160.439,487.3739,348.6851,70.2292,89.9487,20.13,179.588,89.6166,213.5538,155.5812,213.2501,30.8814,67.671,459.1542,927.2166,534.4736,101.524,475.0883,514.7645,406.6954,190.7996,74.9607,78.5025,117.2653,158.0296,25.0781,161.0994,465.7752,172.5734,90.2003,545.4376,18.0241,89.0465,206.28,562.0021,87.6089,76.77,26.082,270.2457,87.3239,36.1814,44.9118,84.725,42.6881,43.9567,126.5833,107.415,77.686,40.3364,35.7802,150.8741,90.6556,110.7966
2024-08-30,227.1003,148.56,178.5,159.8144,173.74,38.7296,347.4236,882.674,136.1652,375.6739,88.3203,41.4295,77.8074,9.9341,231.29,48.7141,162.0257,490.4014,350.0531,70.238,89.6348,22.04,181.0977,90.5331,214.7933,157.1254,215.7356,31.3863,68.0655,464.5157,946.7628,535.6522,101.2417,477.5981,517.8339,410.6529,193.5852,75.8987,78.5591,119.0404,158.7551,25.3313,162.5301,471.327,173.9038,89.9245,550.6443,18.1518,88.097,214.11,560.7005,88.2175,74.34,26.156,272.2652,88.1672,36.6463,45.403,85.2916,42.8477,44.3739,127.936,108.8426,78.3028,40.7292,36.0495,151.9178,92.0228,110.6184
2024-09-03,220.9219,136.94,176.25,149.9696,161.02,38.6821,331.95,869.0141,133.1373,375.6251,87.0988,40.6079,76.5791,9.7477,230.29,47.3735,156.0556,468.4979,346.4813,69.9889,90.2257,20.1,178.8283,87.8899,208.2249,158.3569,211.4171,31.5281,68.5727,460.4363,943.321,537.8046,101.5478,476.3926,508.3475,403.0726,187.8866,75.352,77.0154,107.7018,163.0343,24.7114,165.3535,457.0171,170.1573,88.6028,539.3126,18.6353,89.5378,210.6,568.7567,87.7248,71.09,26.2023,274.403,88.1209,37.655,44.3724,83.7287,41.7821,44.044,125.104,103.8434,78.8533,40.8227,35.9976,151.6278,90.7589,108.3017
2024-09-04,219.0179,140.87,173.33,151.275,163.22,38.492,328.545,880.3395,130.7536,381.7218,87.2161,40.5984,76.2415,9.721,230.43,47.4126,155.1532,471.5542,346.4148,70.2469,90.7536,19.43,178.761,87.6397,207.8736,158.5464,210.4862,31.9533,68.15,459.92,933.2421,544.9725,102.1783,477.4006,509.321,402.5411,187.6414,76.4361,76.7313,105.9167,163.9343,24.79,166.6611,455.8296,169.9323,87.7946,538.2088,18.763,90.692,219.41,573.9819,87.7828,69.61,26.0727,276.324,88.3711,36.3831,44.1894,83.3282,41.2047,44.0925,125.2305,103.5766,79.2234,40.9163,36.3047,151.3669,90.9949,106.9793
2024-09-05,220.5352,139.44,177.89,149.999,162.15,38.1499,325.4327,876.3435,129.7044,373.6773,86.6297,40.6557,76.2603,9.5612,232.35,47.119,155.9366,468.9016,343.736,70.4871,90.9666,19.4,177.3569,87.7314,206.839,156.3012,208.8548,32.0065,66.8445,453.4809,900.1456,539.1035,102.6808,471.6891,513.4136,402.039,186.5331,75.7291,76.5513,106.914,164.6506,24.8948,166.2536,456.2551,168.9444,87.0624,536.8997,18.8359,91.2049,230.17,565.7262,87.1452,69.89,26.0357,274.4818,88.0838,36.234,43.8427,83.5724,40.8855,43.6075,123.7708,103.4185,78.9197,40.804,36.2149,149.2892,92.0277,106.1445
2024-09-06,218.9882,134.35,171.39,134.471,157.62,37.0785,321.3351,867.1447,127.5232,371.603,85.9359,39.9106,74.8257,9.3926,230.63,46.2459,149.669,460.9532,342.0261,70.3981,91.0962,18.89,175.5972,85.7421,202.9058,155.7234,203.8932,31.7496,66.8163,445.0352,890.2443,537.2452,102.6351,470.4639,496.9342,395.4531,182.4626,75.3991,76.3619,102.5461,164.0908,24.9384,166.3673,444.0333,166.939,86.6725,527.8636,19.1278,91.1958,210.73,567.0468,86.2854,68.93,26.0727,275.2207,88.0004,36.0937,43.2889,81.824,40.3739,42.9672,122.5154,100.7361,78.7584,40.804,35.87,148.777,89.7016,105.6474
2024-09-09,219.0774,138.15,175.4,138.2205,162.91,37.7577,325.9011,886.7391,129.1246,377.1249,86.3268,40.2449,75.5758,9.4636,231.6,46.501,147.673,469.5647,347.2223,70.5671,91.2259,19.07,177.3569,86.7975,203.4719,157.8359,208.0678,31.9356,67.4832,451.104,895.7275,546.6697,102.8636,481.3036,501.424,399.4106,185.5719,76.5398,75.2823,106.176,164.8773,25.6806,166.8127,449.7434,168.7976,87.6805,533.7737,19.6113,91.5896,216.27,564.4057,87.0583,69.27,26.1838,281.368,88.9828,37.4796,43.7078,82.1757,40.6649,43.6075,124.3936,102.3861,79.3657,41.2904,36.2338,149.8207,91.0097,107.8703
2024-09-10,218.284,142.84,179.55,145.4741,160.07,37.5759,326.0181,884.563,127.2195,377.1931,86.3854,40.0921,75.2007,9.1617,232.62,43.9699,147.6234,448.9587,352.3044,70.4337,91.6149,18.98,177.0108,87.6174,203.306,158.5654,197.2714,31.4661,67.2014,451.7275,888.8044,542.5168,103.1468,482.2225,501.424,407.7587,185.9446,77.5862,73.9564,107.8015,164.5257,25.9688,168.4518,453.8998,169.2182,88.755,536.0986,19.8028,92.2309,226.17,569.0894,87.2611,66.96,26.193,281.102,90.2711,38.2865,43.7271,82.1561,39.9655,43.1612,124.6077,103.9175,79.3468,42.0198,36.4039,150.5068,92.0523,103.9404
2024-09-11,220.8129,149.86,184.52,155.3484,161.33,37.308,326.8376,890.6066,126.8973,378.4495,86.3073,40.3882,75.6508,9.2772,232.25,43.8228,150.1059,452.8416,351.9435,70.5405,91.5501,19.64,176.7896,89.4679,203.9014,156.1402,198.8741,31.1472,66.76,453.0815,908.1732,537.558,103.1925,482.3806,508.417,416.4612,188.9165,78.6515,74.25,116.5872,162.6473,25.8989,164.785,463.7564,170.979,93.3762,541.5985,19.5657,92.1576,228.13,560.2731,87.1742,67.85,26.2208,279.7425,90.095,38.4181,43.833,82.498,39.5947,42.9575,124.8316,107.4644,78.6065,41.9076,36.5173,150.0623,92.9719,102.9087
2024-09-12,220.9219,150.77,187.0,161.5223,162.77,37.0976,331.306,905.0776,128.1214,376.901,87.2649,40.7226,76.2697,9.4281,236.33,45.2453,153.6113,455.6192,355.6862,70.6383,91.4019,19.36,177.5877,90.4613,206.5267,155.9697,198.2695,31.1826,66.9009,455.2539,922.1082,538.8,103.1194,486.2639,522.0953,420.3596,191.4176,78.6798,74.25,118.8212,164.0075,25.4623,164.3587,468.3087,172.2213,94.4032,546.1605,19.6934,91.727,229.81,559.0096,87.6862,69.89,26.1097,281.1316,90.475,38.4707,44.2376,84.0413,39.9514,43.0545,125.795,108.3536,79.0905,41.9824,36.5977,150.6035,94.0194,104.325
2024-09-13,220.6542,152.31,186.49,164.5945,156.77,36.9732,336.8965,906.0369,129.4099,384.3806,88.4864,40.9136,76.4478,9.4902,238.68,45.4219,156.362,460.3574,360.9678,70.834,91.5778,19.66,179.0399,90.8849,211.6214,156.8033,196.0814,31.5281,67.5298,456.6859,910.9542,540.355,103.4392,487.4991,521.1218,423.8937,192.9869,79.8016,74.8277,118.7813,164.1093,25.5584,164.9367,470.4067,172.9647,93.728,549.013,19.739,91.9743,230.29,564.6147,88.2368,69.84,26.0727,283.0822,91.4203,38.9707,44.6373,84.852,40.1767,43.1806,127.0699,108.897,79.6504,42.2817,37.1127,150.9127,94.6587,104.2499
2024-09-16,214.5255,152.08,184.89,160.9923,155.55,37.4037,339.4818,897.9953,130.772,384.361,89.7568,41.0474,77.0667,9.5879,238.66,45.981,156.9578,466.2874,362.8867,71.0119,91.8186,20.91,180.4246,90.5752,212.3826,158.1959,199.4787,31.5635,68.1822,462.6281,910.7866,543.209,103.896,491.7975,530.2295,424.6321,193.5166,79.7922,75.5759,116.4675,163.9705,26.2569,167.9307,468.3284,173.2973,91.5791,549.8237,20.3136,92.8171,226.78,561.6783,88.7005,70.88,25.9895,286.1657,91.7262,39.4706,45.0514,85.7409,40.6367,43.7433,127.7219,108.482,79.9636,42.422,37.3963,151.9565,94.4964,105.7131
2024-09-17,214.9915,150.82,186.88,159.4709,156.39,37.8342,345.0723,887.5106,131.9868,387.497,90.7438,41.0951,76.6354,9.6766,237.34,46.6187,158.209,466.5084,364.0552,71.0297,91.6519,21.47,180.4438,90.6719,214.1393,158.2717,200.8126,31.0409,67.8986,459.4622,893.6663,537.6054,103.9052,495.0384,533.2521,428.3829,193.3988,80.1033,76.3714,115.2807,163.6559,26.0474,166.6421,468.5759,173.2778,91.7027,550.0485,19.8667,92.3682,227.87,551.0195,88.1885,71.72,26.0727,287.2296,91.0867,38.6637,45.1381,85.7409,41.1859,43.9761,128.4226,108.2696,79.2044,42.0853,37.3679,150.3909,94.9784,107.0918
2024-09-18,218.8592,148.29,186.43,158.6857,155.11,37.9011,346.4674,882.8123,132.493,390.6038,91.4474,40.9518,76.3916,9.7477,235.51,47.7371,158.6956,465.7299,364.7866,71.092,91.2537,20.77,180.1169,90.3597,214.1784,157.4001,199.162,31.1294,67.8513,454.9519,892.473,536.1642,103.4757,488.8825,534.8727,424.1104,192.7907,79.4528,76.6176,113.0666,162.1199,25.9775,164.785,466.5472,172.5245,91.3984,548.4172,19.8211,91.2233,227.2,553.584,87.7538,70.66,26.1005,284.1954,90.9755,38.4883,44.9455,85.6725,41.2657,43.8403,128.3156,107.2816,78.9007,41.9637,37.0844,150.1396,94.7915,107.467
2024-09-19,226.9713,156.74,189.87,164.87,154.59,39.0969,364.2143,890.9429,133.441,399.0378,91.3203,41.8211,77.9012,9.6944,239.17,47.6978,161.0094,484.2311,370.7997,71.3055,91.1796,21.14,181.944,92.4877,218.5898,156.1402,201.993,30.9966,66.7827,457.0366,902.4039,535.8703,103.5671,487.1533,555.9017,431.8678,196.5375,77.5768,76.6934,117.5546,161.611,25.8989,162.5301,478.3435,175.0776,92.1401,557.7756,19.4836,90.921,243.92,550.1708,88.1788,72.75,25.9895,281.0035,90.994,38.5409,45.6245,86.8349,41.7586,44.3254,130.5247,110.4679,78.4357,41.8608,36.867,150.6808,96.9505,108.7988
2024-09-20,226.3069,155.95,191.6,168.494,153.29,38.523,359.8336,897.1151,134.076,395.2981,91.6135,41.7351,77.1323,9.6589,242.21,47.9529,162.4493,479.0412,370.3438,71.3944,91.1518,21.84,181.4055,92.4084,216.2475,155.5149,202.5784,30.97,67.7472,459.7057,908.7648,542.2609,103.6585,486.8864,558.1388,428.501,197.7047,78.0199,81.9401,115.6896,158.391,25.6894,165.0693,477.433,174.5103,91.3318,556.8114,19.6478,90.5729,238.25,548.1974,88.1885,72.92,26.0357,280.5405,90.6326,38.883,45.3018,86.8349,41.6648,44.2963,129.6099,109.9294,78.8153,41.786,37.8404,150.0623,96.7292,108.1142
2024-09-23,224.5912,156.75,193.88,170.3059,156.3,38.1403,362.1264,907.1051,135.7879,398.2782,90.8513,42.0599,77.423,9.6855,242.68,47.1288,160.7214,478.0609,372.3387,71.261,91.0962,22.56,182.2325,92.51,215.4569,154.6244,202.9143,30.7219,67.8324,465.0147,905.8359,550.4054,103.5123,491.2342,561.1813,426.7683,198.813,79.9619,81.6371,115.9489,159.2515,25.5933,164.6429,478.6985,175.1265,90.7898,558.2028,19.6022,90.3805,250.0,546.6815,88.5459,72.25,26.0727,284.3431,91.5316,38.8216,45.6975,87.0298,42.1792,44.2427,130.4799,109.9091,79.2723,42.2484,38.2158,149.7684,97.9045,110.0744
2024-09-24,225.4838,158.32,193.96,172.177,155.81,37.7385,376.5267,891.7342,135.7051,400.1675,91.5549,43.4928,77.8824,9.65,246.07,47.1583,161.1583,478.6471,380.6031,71.2699,91.1981,22.81,182.3191,92.8791,215.8181,154.2076,203.0583,30.7397,67.4541,466.9532,911.6642,548.6229,103.6859,481.6198,560.1076,422.4958,199.1073,79.4622,82.8304,120.5465,157.2251,25.7592,164.1408,481.0076,175.1852,89.8104,559.7999,19.6934,90.3622,254.27,548.3785,88.3624,73.29,25.9247,268.7285,91.6613,39.1724,46.3215,87.4413,42.0751,43.8727,131.4172,110.6613,79.0815,42.2484,37.9446,149.4677,98.762,109.7837
2024-09-25,224.4921,162.02,192.53,172.8466,152.22,37.5472,369.0338,898.5393,132.5023,396.3108,91.7796,43.0343,77.4605,9.2505,245.73,44.8627,160.3639,472.0347,377.0599,71.1898,90.8277,23.54,181.094,93.015,213.1857,152.1424,201.7148,30.5802,67.5676,464.6738,911.7926,547.9686,103.0737,483.6356,565.0589,425.3901,199.4906,79.7733,83.3418,123.1795,156.744,25.2615,163.2122,481.4536,174.9233,90.9229,558.5652,19.666,89.6111,257.02,549.4462,88.0014,71.48,26.1005,265.6253,91.0496,39.0759,46.012,87.167,41.2516,43.6098,130.8021,110.9781,78.8811,42.0695,38.1444,148.0127,98.4071,107.6452
2024-09-26,225.6326,167.49,191.16,175.3775,154.58,37.8055,381.4341,891.6353,130.68,400.7324,93.0305,44.6105,79.167,9.4813,246.98,44.9411,161.5953,477.5899,376.8414,71.3055,90.7628,23.92,182.351,93.1862,214.3217,152.8908,201.3212,30.8283,67.5203,469.223,896.7629,547.4565,103.0737,485.4339,564.5918,424.6026,199.8346,78.6798,84.6582,123.7081,157.0123,25.2964,164.1124,485.0707,175.718,92.6821,560.7798,19.7481,89.8218,254.22,548.0162,88.2634,69.01,25.9802,267.6548,90.2248,39.1373,46.9649,87.6569,40.4422,43.8338,131.4562,112.4479,79.0624,41.6551,37.8828,148.5074,98.826,105.7975
2024-09-27,225.9003,164.35,187.97,170.0597,156.32,37.6907,381.5512,875.9874,133.9012,407.092,93.822,44.5245,78.6888,9.5701,245.02,45.5984,162.8067,479.118,379.5298,71.4834,91.124,23.91,183.0181,92.695,215.7711,152.9003,202.0122,31.3332,67.8891,467.1091,865.6683,552.1593,103.4849,487.7758,564.1145,421.3637,198.4978,79.6979,84.7056,121.0751,157.2991,25.4012,164.4345,482.3752,175.3255,92.5775,559.9665,19.9761,90.2889,260.46,554.7281,88.3701,70.27,25.971,271.083,90.3397,39.3741,46.8827,88.1859,41.2658,43.9604,131.6417,111.3987,79.2055,41.7116,38.2586,148.4298,98.9739,108.63
2024-09-30,231.0671,164.08,186.33,169.8726,152.04,37.9585,381.5903,876.8776,135.5394,407.8738,93.9979,43.808,78.4169,9.3748,243.06,43.9895,164.6935,475.8503,384.9158,71.43,90.874,23.46,183.5112,93.1292,216.3195,153.5255,202.3577,31.1029,67.9553,464.5277,873.7058,554.2454,103.229,487.9338,569.1653,423.6083,199.3038,79.6885,83.7206,121.115,157.3454,25.2702,164.1029,483.6833,175.9241,92.7011,562.2104,20.0674,89.8584,261.63,557.4261,88.603,69.92,26.0727,270.8664,91.05,39.3917,46.6215,88.568,41.5545,44.1259,132.2373,111.7254,79.1864,42.0695,38.4299,149.3998,98.7422,109.9431
2024-10-01,224.3334,159.75,185.13,164.9192,154.22,37.5185,382.8293,867.8371,137.7758,407.004,91.9067,44.1233,77.8356,9.5435,245.61,44.0288,165.8256,471.1025,388.5731,71.3942,91.2047,22.69,182.7957,91.854,213.3815,153.4592,198.6917,31.156,67.8134,462.7353,872.2661,574.4407,103.7252,490.4832,573.1723,414.1477,198.1931,80.3861,84.412,116.6869,158.576,25.0345,163.9513,476.9444,174.7859,92.644,557.1739,20.1859,90.5072,258.02,556.1104,88.4478,72.11,26.1838,273.477,90.4612,39.6548,46.5054,88.6366,42.501,43.8922,132.3056,109.0035,78.9193,41.8152,38.7391,148.6141,98.3431,112.4849
2024-10-02,224.8987,159.78,184.76,168.0606,152.89,37.5281,384.4489,868.9746,138.9263,407.0529,92.0044,44.9926,77.6762,9.3038,245.66,43.9699,164.7034,472.8517,390.6725,71.4032,90.9445,22.39,182.7764,91.9234,213.0877,152.6824,198.9316,30.4473,67.1515,463.5341,878.765,571.9187,103.4959,489.6829,569.5333,410.6432,198.773,80.5369,78.7012,118.532,156.8828,24.9821,162.8901,477.6183,175.0802,91.7597,557.4091,20.2407,89.7445,249.02,564.7006,88.2828,72.76,26.2948,272.8859,90.1434,39.5145,46.3264,88.3623,42.9365,43.9409,132.0616,109.8102,78.2515,41.6645,38.7581,148.3134,97.5102,113.9762
2024-10-03,223.7979,162.85,181.96,169.2719,150.52,37.5472,381.561,866.1456,139.2024,399.4785,91.4962,44.4576,76.9541,9.2772,245.49,44.1269,164.7034,467.1908,390.9765,71.2333,90.4801,22.26,182.0029,91.9706,211.6579,152.0477,196.9547,30.2702,66.6881,457.6016,873.3212,574.4027,102.8265,489.09,579.4363,410.0623,198.3602,80.1787,77.7541,122.5212,155.939,24.7463,161.1846,477.2615,175.0018,90.8659,556.39,20.113,88.8991,240.66,565.12,87.982,75.73,26.3781,272.7479,89.321,39.0496,45.8136,88.0585,43.6937,43.7072,131.3879,110.2654,77.4691,41.2596,38.7439,146.9748,96.3817,114.9704
2024-10-04,224.9185,170.9,186.51,173.9495,155.0,38.3699,387.4148,873.5046,138.733,398.7455,92.9816,44.8684,77.4042,9.3837,245.0,44.8136,165.8951,475.8983,387.9177,71.1529,89.607,22.59,183.3372,92.9729,214.6154,151.8487,203.9454,30.6422,66.3571,456.0721,874.9089,573.7485,102.2671,491.7875,592.531,409.5897,200.2868,79.0474,77.8962,124.5857,155.4208,24.9559,160.0098,482.9401,175.8357,91.8358,561.4461,19.9853,87.8055,250.08,563.6423,88.3993,76.35,26.5261,273.8021,88.8911,38.7514,46.0361,89.0383,44.1008,44.4472,132.3056,111.4928,77.7267,40.9864,38.682,147.0912,97.6581,117.0807
2024-10-07,219.8509,170.97,180.8,172.4133,155.91,38.2264,388.5465,864.0882,139.0827,396.8397,90.2845,45.2409,76.9729,9.3127,244.17,45.1079,161.8435,475.3794,387.6327,70.849,89.2819,22.38,182.0996,91.9656,212.931,151.1288,203.6653,30.6422,65.2602,451.2599,885.9937,574.1372,101.7443,485.4635,581.4348,403.1711,198.8517,75.6913,76.5513,127.3782,154.7176,25.4973,158.3422,477.767,174.2463,91.3699,556.3704,19.8667,87.1439,240.83,556.3583,87.4386,79.2,26.5446,269.7235,88.106,38.4532,45.9007,87.843,44.2569,43.9019,131.9834,110.7257,76.9539,40.6851,37.7924,146.4413,96.1403,117.5872
2024-10-08,223.8971,172.8,182.72,177.9772,154.65,38.1977,378.5073,880.7351,136.9015,391.2102,90.4018,44.1233,76.851,9.3127,242.37,45.1373,163.2338,477.2535,393.4464,71.0188,89.3562,23.32,182.293,93.4566,213.078,151.2803,203.4916,30.7042,65.4209,457.2996,901.1022,576.5171,101.9461,491.1551,589.4984,408.2607,200.8274,75.8893,76.4945,132.5344,157.6878,25.4798,159.3276,484.9023,176.0025,91.484,561.6323,19.9397,87.2909,244.5,554.4707,88.147,75.79,26.5446,270.8762,88.2836,38.6023,45.6879,88.617,43.1021,44.1551,132.2764,112.7943,77.3356,40.8075,37.8114,147.2367,97.0766,114.4639
2024-10-09,227.6358,171.02,185.17,183.1177,149.37,38.4464,386.5367,899.212,137.7298,396.2924,91.4669,43.8845,76.8698,9.4281,241.05,47.0209,160.7313,485.5286,395.2417,70.9741,89.0218,23.46,183.5886,94.1091,213.548,152.1898,206.0696,30.7131,65.7897,457.4262,907.0389,573.7296,101.7443,494.6677,587.132,410.9679,202.4394,75.9647,78.0856,132.295,159.6494,26.3617,160.3793,488.7177,177.1505,91.1702,565.5223,20.0035,86.7947,241.05,563.6613,88.9135,75.25,26.6649,272.8169,88.377,38.69,45.9781,88.6464,43.3624,44.564,133.4578,114.0563,77.8031,40.8263,37.4879,148.7402,97.7714,114.5108
2024-10-10,227.14,164.18,186.65,182.8617,146.62,38.236,386.9758,883.9102,138.6225,396.566,90.8708,43.9704,76.776,9.4813,242.82,46.7855,160.9498,484.1254,389.4376,70.9384,89.0125,23.22,182.9891,94.0918,212.363,152.0571,205.5096,30.8548,65.4871,457.2801,898.1141,566.5048,101.6343,492.758,580.4902,409.3731,201.5056,76.3041,77.7541,134.4492,160.0658,25.6195,160.0761,488.1627,176.866,89.2684,564.5327,19.6044,86.4547,238.77,569.8393,88.6418,77.77,26.6556,273.3489,87.592,38.2606,46.0845,87.99,43.6559,44.4277,132.7743,114.0266,77.4596,40.4873,37.3737,148.1873,97.2885,115.4956
2024-10-11,225.6623,167.89,188.82,178.7158,151.02,40.1301,392.2247,879.3603,139.3588,401.7655,91.9848,44.2857,77.1698,9.5168,245.47,46.9621,162.1017,496.216,391.2805,71.1261,89.0404,23.56,185.0582,94.2778,216.6818,152.9571,214.6341,31.2003,65.7897,461.7806,919.1889,572.8384,101.616,496.9533,586.5752,409.8457,203.8254,77.1714,77.8015,134.4392,161.7498,25.4623,162.1037,488.9258,178.0139,90.8564,567.9133,19.743,86.1054,217.8,570.1729,89.2823,77.49,26.6741,273.7133,88.5826,38.3052,46.3844,88.5974,43.9256,45.2845,135.1468,114.2245,77.8889,40.9017,37.702,149.2737,96.8745,115.9364
2024-10-14,229.3812,165.27,187.54,179.5332,148.99,40.0918,384.3513,880.0823,139.6902,398.4816,92.8057,44.1042,77.3949,9.6944,245.07,47.7077,163.8097,502.4152,394.6243,71.1618,88.8825,23.44,186.2861,95.161,218.2781,153.0898,213.852,31.3243,66.5179,465.229,916.6741,579.1909,101.6251,501.3068,587.0424,412.6219,205.3981,78.1613,77.2806,137.7005,162.9434,25.3925,163.4491,493.0285,179.7408,90.1052,572.5578,19.6413,86.1698,219.16,577.1804,89.8742,75.93,26.7574,276.5112,89.1154,38.4744,46.6505,89.0089,43.9067,45.5669,135.9572,115.7141,78.2038,41.1842,38.1777,150.0982,97.2983,116.3773
2024-10-15,231.91,156.64,187.69,173.2996,152.35,40.3118,378.5366,884.8796,135.9627,392.8814,92.0728,43.168,76.1103,9.6234,245.92,46.9425,164.3062,502.0596,394.7763,71.144,89.3376,22.66,185.532,94.253,218.4543,155.4581,214.7307,31.6432,66.5179,468.2781,900.7076,573.6252,102.1204,501.8708,582.9164,412.228,203.3045,78.0481,77.7731,131.2478,162.7583,25.7068,164.4534,486.4383,177.5331,90.3714,568.1093,19.8723,87.2174,219.57,530.3594,89.5055,72.76,26.7759,275.1419,90.1902,38.9644,46.6021,89.2048,42.4916,45.6643,134.9125,113.1704,78.6999,41.7022,38.349,148.2649,97.5102,112.8788
2024-10-16,229.8572,156.13,186.89,174.1268,154.9,40.9432,384.0294,877.7282,136.8831,400.0942,94.5451,43.5024,76.3072,9.7921,247.15,48.0804,164.0083,509.2485,397.6546,71.2691,89.477,22.31,186.9919,94.3374,222.0484,155.6286,215.9376,31.723,66.7354,471.4636,903.765,581.0493,102.4413,508.6385,573.4906,409.6488,205.0934,79.5565,79.4967,135.3568,161.4444,25.9077,163.3259,486.4978,178.4849,90.7708,570.5786,20.0571,87.5849,221.33,544.7081,89.9518,72.4,26.8499,283.2496,91.1809,39.1158,46.9649,89.146,42.6951,46.229,135.9572,113.5218,78.6426,42.1166,39.1102,148.682,98.0228,113.1695
2024-10-17,230.2241,156.25,187.53,178.7651,155.31,40.7519,384.8782,875.6609,139.1563,395.9601,94.3399,43.4355,76.3165,9.8276,248.63,48.4434,161.7938,508.422,394.7953,71.1618,89.0125,22.44,186.7792,94.4614,221.4412,155.8086,216.6908,31.847,66.1018,473.4897,904.4552,578.0057,101.6802,508.3318,573.6298,410.2394,205.0934,78.9814,78.9853,136.5636,161.6203,25.5584,163.2312,486.8347,178.1906,90.5901,570.6275,20.0756,86.1973,220.89,539.6455,90.0974,72.62,26.9332,286.077,90.4612,39.0623,47.0375,88.7248,42.8986,46.3555,135.5667,113.8682,78.2896,41.8435,38.7629,147.8187,97.9341,112.8788
2024-10-18,233.0505,155.97,188.99,177.1501,155.0,40.484,384.2635,879.8845,138.7422,399.4687,95.0631,43.8654,76.8323,9.8542,251.27,48.2472,162.2805,507.9415,394.2253,71.3317,89.1147,22.77,187.2336,94.975,220.981,156.4243,217.608,31.8913,66.6124,473.8697,905.2935,580.0822,101.561,510.8845,573.1723,411.6571,205.7618,79.5471,78.5307,137.6307,161.9811,25.5147,163.2379,490.0258,178.9853,92.083,572.8225,20.1864,86.2617,220.7,543.0585,90.1168,71.38,26.8592,286.3036,91.1341,39.1871,47.2261,89.3812,42.7566,46.3653,135.9767,114.274,78.4613,42.1354,38.9865,148.5365,98.3184,112.5599
2024-10-21,234.5182,157.9,189.07,177.2485,159.82,39.9483,382.3346,877.1249,138.8618,397.7388,94.4181,43.5597,75.9227,9.6589,251.22,48.002,162.9259,497.6577,386.0558,71.0456,88.4273,22.84,185.5513,95.3124,217.5044,154.255,215.3196,31.4395,65.6762,470.8596,893.617,582.7369,100.5247,509.5685,571.8697,412.2675,205.1524,79.2171,77.1669,143.3254,161.9348,25.2615,161.5795,490.9673,178.5438,91.7122,571.8818,20.0109,84.7546,218.85,544.832,89.7092,72.26,26.9794,282.5896,89.349,38.9287,46.8633,89.0285,42.6288,45.9953,135.4983,114.8085,77.8031,41.269,38.8342,146.7905,97.5546,112.6255
2024-10-22,233.9034,154.09,189.7,176.6478,159.88,40.4649,380.3567,883.7717,138.8987,397.4359,94.5354,43.4642,75.4914,9.8631,253.93,52.7109,163.9885,498.1382,381.7336,70.9473,88.3438,22.4,184.9809,95.3967,216.6818,154.8423,216.4011,31.5724,65.6762,469.4861,896.5953,547.0584,100.5155,507.5996,578.6807,420.8617,204.5135,78.906,77.1101,143.2057,161.3427,25.1829,161.7321,491.5024,177.9649,92.064,571.578,19.8631,84.8373,217.97,543.297,89.3599,73.98,27.0072,280.5602,89.4799,36.9689,46.4328,89.1559,42.7282,45.9077,133.8581,114.6897,78.2419,41.3349,38.6963,146.5771,97.1604,113.2071
2024-10-23,228.8457,152.91,184.71,170.8672,157.06,40.5031,377.6837,889.39,138.4937,399.3808,94.0468,43.2062,74.7319,9.8187,250.87,51.9163,161.6449,497.081,379.6342,70.7328,88.1394,21.98,184.6328,93.9429,214.7036,157.1254,215.7155,31.4484,64.3145,465.0829,890.7768,541.4833,100.1762,508.302,560.4654,417.9969,204.0417,80.0939,75.8126,139.1865,160.0287,25.2004,161.6177,483.9707,176.4637,92.8532,566.3552,20.7777,84.6076,213.65,538.3204,89.1755,73.55,27.0997,279.5455,90.1341,38.1804,46.307,88.4798,42.5058,45.8687,133.4675,113.0467,78.0893,41.7399,39.0674,145.8884,95.6327,112.8038
2024-10-24,228.6572,153.44,186.38,168.7401,155.2,40.7997,378.9859,883.7025,138.4661,401.7557,93.2259,43.1394,75.1538,9.9785,252.8,51.7201,161.5853,504.097,382.522,70.9384,88.3345,22.34,184.2267,94.583,215.1737,155.0507,217.2315,31.032,63.6431,462.1897,879.0115,534.9506,100.4789,505.2249,564.532,418.1249,203.442,78.067,74.8561,140.0343,159.2978,25.0083,161.6558,487.8951,176.3362,92.3778,567.5801,20.5098,85.1497,260.48,534.6688,88.8553,73.06,26.998,279.0135,90.3304,37.2896,45.7411,88.7836,42.501,45.9077,132.5497,113.3783,77.9843,41.8341,38.8152,144.9281,98.6486,112.166
2024-10-25,229.4902,156.23,187.83,170.365,155.01,40.0727,377.9187,881.5265,138.7974,398.6868,92.8643,43.1012,74.9007,9.8276,253.32,51.0824,164.1175,492.6599,378.9408,70.8669,88.1394,22.68,182.9987,94.9626,214.3608,152.4077,214.6534,30.7751,63.2837,461.5079,880.3724,533.1301,100.2404,501.9994,569.9707,421.4917,202.233,76.7661,74.6762,141.1612,158.9554,24.8424,160.3216,490.8682,176.3754,92.5299,567.3842,20.168,84.6719,269.19,538.244,88.3022,74.23,27.0905,277.5456,89.4799,36.862,45.4508,89.0089,42.4868,45.4014,132.1982,113.9672,77.3356,41.5044,38.2396,144.1327,98.9591,112.0722
2024-10-28,231.4638,159.92,188.39,169.3999,150.69,40.771,382.4619,881.2693,138.5489,403.0067,94.0077,43.2922,75.5008,10.0939,253.33,51.7299,165.5574,503.2129,382.7216,71.0456,87.9351,22.92,184.0913,95.1809,217.857,153.0898,217.7336,31.1206,63.0473,463.6899,883.2226,526.3794,100.1579,502.8404,574.8526,419.956,202.9997,78.1236,74.733,140.1439,157.1511,25.2004,161.3509,490.9474,176.6992,93.205,569.1381,20.4266,84.4422,262.51,538.8923,88.4478,70.43,27.0905,279.9691,89.7603,37.0758,45.8281,89.5771,42.2171,45.9661,132.5888,113.9326,77.4787,41.6363,38.5393,144.3461,99.1907,111.5188
2024-10-29,231.7315,166.25,190.83,176.5099,152.98,40.6849,379.4266,877.3425,136.6898,396.8397,93.9393,43.1585,75.2289,9.2416,256.09,50.5625,168.4968,503.8857,375.293,71.0635,87.9722,22.9,183.0761,95.9748,217.1519,151.6593,215.2231,30.8283,61.9976,462.3846,891.1023,518.4435,100.2771,500.9308,589.8862,425.2326,202.7933,75.0032,74.25,140.872,154.9859,24.8511,159.3208,495.6646,177.1505,92.606,570.0592,20.4913,84.5708,259.52,535.9273,88.3604,69.66,27.0997,277.6934,89.1154,36.8175,45.5331,90.4197,41.5734,45.6837,132.413,115.4667,76.7154,41.2596,37.7163,143.9484,98.6732,109.9994
2024-10-30,228.1911,148.6,192.73,173.9495,154.29,40.4745,371.3291,869.5284,136.2573,395.5203,92.9132,42.7382,74.7413,9.2949,257.5,50.9843,173.2435,504.0009,372.8706,70.9384,87.8422,22.3,182.8634,95.5456,216.8581,152.1519,216.6811,29.8804,62.3381,461.1571,835.1359,517.6281,100.1487,508.2624,588.4146,425.8036,201.6039,74.5601,72.4032,138.9671,153.7923,24.9035,158.3583,491.9186,176.2381,92.5394,568.3346,20.3435,84.8189,257.55,536.7186,87.9529,71.36,27.035,285.8504,89.5079,36.7729,45.7798,90.9684,41.6681,45.8882,132.1885,113.6307,76.5914,41.4103,37.6259,143.6768,98.5353,109.446
2024-10-31,224.0359,144.07,186.4,167.1842,149.31,40.0057,368.3525,864.6719,136.9659,395.5203,94.0077,42.4611,74.2818,9.1351,253.51,49.7973,169.9168,497.648,374.0391,70.7417,87.7957,21.52,181.4615,92.7769,213.2542,151.4414,214.2768,29.6412,61.7612,444.3532,818.2819,517.7324,99.947,494.3115,564.3331,400.0308,198.9598,74.7109,73.0472,132.4047,153.672,24.7114,157.4243,479.5012,173.0983,92.9008,557.1935,20.8239,84.9568,249.85,538.1868,87.3222,73.08,27.0165,285.545,87.9939,37.5301,45.1751,90.1748,41.9284,45.2553,130.6654,109.9834,76.4388,40.6851,38.016,142.4643,97.0273,109.5304
2024-11-01,221.0608,141.86,197.93,166.3471,154.59,39.9483,371.7109,868.9208,140.8774,391.347,93.6266,42.4993,74.4318,9.073,252.47,49.9935,170.0956,499.1474,372.9371,70.7462,87.2758,23.2,181.5291,93.4839,214.449,151.6971,215.2617,29.6678,61.4775,445.4832,807.6212,517.0687,99.3994,502.7118,563.9156,403.9882,198.2619,72.9197,73.928,135.0377,153.2186,24.528,157.3481,483.049,173.7557,94.0133,559.5452,20.4359,83.759,248.98,541.1042,87.3028,72.02,27.1275,286.4218,87.0218,36.8442,45.0493,90.5275,41.6633,45.4111,130.8411,110.8098,76.4674,40.2519,37.1692,143.3082,98.6043,107.814
2024-11-04,220.1682,140.71,195.78,165.9828,155.07,39.537,368.6658,877.597,141.7057,392.5785,93.607,42.7382,74.4881,9.1973,252.83,50.8175,168.0599,491.5739,375.7679,70.9438,87.7417,22.52,181.3358,93.1763,215.536,149.9067,212.2105,29.5703,61.5721,446.4672,795.0079,514.9353,100.1356,500.2382,557.4727,402.1078,197.8884,73.8813,73.104,135.6859,153.9126,24.2399,157.329,481.6419,173.5594,92.2637,558.3399,20.2511,85.0591,242.84,531.7705,87.2736,74.29,27.0257,287.5153,87.9751,36.577,45.2477,90.2238,42.3922,45.0606,130.6947,110.7257,76.6773,40.7039,36.7267,142.3673,98.2642,111.2468
2024-11-05,221.5963,141.66,199.5,171.2513,151.0,40.0631,375.3729,881.6578,141.1903,391.2982,94.4279,43.3209,75.2289,9.4103,253.4,52.6815,168.5564,506.4613,380.0617,71.1415,87.7883,23.32,183.2791,94.4738,219.5903,150.0109,213.8616,29.6855,61.8179,443.1259,794.9288,518.3961,100.6142,500.2184,569.1555,405.0612,201.2501,74.1453,73.8522,139.5356,155.3098,24.4407,157.977,487.7861,175.3255,92.3207,565.0912,20.3712,85.5109,251.44,540.5989,88.0402,74.73,26.9147,288.934,89.1434,36.7551,45.3154,91.2231,42.6762,45.4793,132.8817,112.2846,77.1638,41.2596,37.2786,143.4149,100.0038,111.5751
2024-11-06,220.8724,145.1,207.09,176.8152,147.16,43.44,408.1839,890.651,145.157,396.5172,96.6364,42.7859,74.1412,9.9341,245.7,54.0059,175.2792,572.7966,368.9284,71.2673,86.8845,25.05,188.3552,96.9126,232.3115,149.5657,238.551,29.6058,60.2387,450.6657,765.6588,523.2032,99.5651,515.6239,568.7776,413.6457,205.8994,70.2518,71.333,145.2204,152.4044,23.8906,153.4882,501.0359,178.8283,91.3604,579.1426,20.6206,83.1689,288.53,568.8763,89.7092,74.54,27.3495,302.8344,87.2462,36.6661,45.9394,93.4667,44.2806,48.2444,138.0856,115.4815,75.9045,40.1577,36.8933,143.5992,103.2021,113.4884
2024-11-07,225.5929,149.82,210.05,181.0103,150.98,42.8277,399.6948,905.1906,144.2827,401.8437,96.6755,43.7316,75.2664,9.8621,249.65,54.3394,179.4896,559.5237,379.4442,71.5727,87.5833,26.23,187.9008,98.5723,231.4889,148.4762,228.2388,29.0742,60.2009,453.4322,786.4378,523.2222,100.743,512.4082,588.3151,418.814,206.8726,70.3461,71.9012,148.4816,151.7474,23.9779,155.7374,508.9244,180.5159,91.3984,583.6205,20.362,84.2108,296.91,577.228,89.8839,74.66,27.1275,301.2581,88.2929,36.1405,46.1184,94.6914,44.0771,47.4655,137.2558,117.4957,76.1812,40.6568,36.9599,144.6371,104.5277,113.6291
2024-11-08,225.3248,147.95,208.18,180.8429,151.68,43.1721,385.1643,934.775,144.4299,385.1311,96.7634,42.6522,74.2256,9.8711,247.96,54.5258,177.1063,566.3379,385.5808,71.6895,87.7696,26.2,188.8773,98.8973,233.1929,147.2826,228.8182,29.2337,60.4467,447.5971,820.0569,535.2824,101.0927,519.2155,585.9687,415.969,210.1949,72.5615,71.8634,147.2349,152.7745,23.6941,159.8355,509.519,180.9476,92.7581,586.1487,20.6391,85.2804,321.22,587.1051,90.699,73.13,27.3125,303.2974,89.6107,36.0603,45.6975,94.2309,44.3705,47.8939,138.73,117.3671,77.1066,41.3537,37.6687,145.675,106.011,113.5916
2024-11-11,222.6145,147.35,206.84,176.185,148.96,44.0809,388.2682,923.9595,144.0342,393.5265,98.5615,42.3274,74.2443,10.1051,242.14,56.5664,179.0924,578.9091,387.8512,71.6086,87.5274,25.05,189.9312,98.8601,236.6989,146.8752,231.0486,28.8173,59.9172,444.6358,820.9446,540.9902,100.8995,524.5189,579.834,411.5094,209.959,71.5622,72.5452,144.8713,151.988,23.2685,158.2344,509.2217,180.7809,95.3826,586.7072,20.6114,84.8655,350.0,596.1051,90.5728,70.94,27.4698,306.3021,89.1621,36.0247,45.4992,94.7599,44.6214,48.5755,139.804,116.7188,76.8395,40.9959,37.7734,144.8214,108.1498,112.9913
2024-11-12,222.6145,143.63,208.91,173.5359,145.17,43.8704,384.8118,923.4642,142.9206,384.8282,98.6885,41.525,72.8659,9.9881,240.05,56.3211,180.3535,569.5385,382.902,71.3212,86.9777,24.16,188.5293,98.937,232.5466,144.6016,231.3093,28.3478,59.7659,443.8078,807.5521,536.6099,99.9884,523.5789,581.4746,416.4513,208.8876,70.0067,72.6021,147.8932,152.062,23.2242,158.0533,508.3,180.6042,93.9467,584.8846,20.4636,83.5931,328.49,586.0182,90.3788,70.69,27.5901,305.8283,87.9284,35.989,44.7253,95.191,44.3847,48.4294,138.6031,116.8672,76.9253,40.4779,37.3404,142.8038,106.7059,112.8788
2024-11-13,223.4981,139.3,214.1,170.9362,139.97,43.88,378.9958,924.8011,146.0774,380.6256,100.3791,41.2575,72.4346,9.9881,237.63,56.6154,177.6326,571.1049,389.6561,71.3391,86.9217,24.92,188.6743,98.8328,230.2452,145.17,232.8542,28.463,59.5767,444.441,800.5994,528.8066,99.6111,516.3659,576.6821,418.5876,208.3568,69.9879,72.4695,145.8786,152.4321,23.6941,158.7586,507.646,180.1627,94.8976,585.1688,20.6022,82.8001,330.24,577.6284,90.3788,70.73,27.7474,305.4631,88.4144,36.6482,44.8317,95.2302,44.7302,48.4586,138.896,116.4614,77.1543,40.7981,37.2738,142.4255,107.6176,113.9293
2024-11-14,226.5758,138.84,211.48,167.7849,138.14,43.9087,379.2797,915.0554,148.912,385.698,106.6332,41.0283,72.5846,9.9611,237.01,56.5271,174.3557,565.7131,385.4098,71.1864,86.9124,25.03,187.398,98.1952,227.1408,143.8721,233.5397,28.1618,59.1512,441.762,775.3727,511.0385,99.5835,514.9016,573.8583,420.2513,206.2042,70.9683,71.674,146.3672,152.8115,23.0734,159.235,504.118,179.1129,94.3556,581.4061,20.556,83.2795,311.18,565.5014,89.3987,71.29,27.8584,304.2491,87.62,36.4077,44.464,95.1224,44.9006,48.3321,136.5528,116.0655,76.9635,40.4308,37.1454,140.1848,106.0899,114.0049
2024-11-15,223.3789,134.9,202.61,162.3293,140.19,44.7218,376.0583,898.3962,148.5623,389.9103,112.4574,41.0283,72.3221,9.9071,236.59,55.9582,171.2872,570.4514,387.7467,71.1774,86.9497,24.35,186.6535,96.1484,223.7524,145.89,236.8613,27.586,58.3852,437.4856,737.1142,507.0943,99.6295,516.3758,550.9105,408.5462,204.8575,71.977,72.6021,141.6001,146.7693,21.9916,161.5795,492.1069,176.1792,94.1643,573.9591,20.9532,83.0583,320.72,564.6242,88.4478,69.75,27.8307,305.621,87.6667,37.1026,44.1545,93.2218,44.8343,48.556,135.8205,113.1853,76.2861,40.4779,37.702,137.5851,105.1831,112.8229
2024-11-18,226.3772,138.93,201.7,163.1466,143.87,44.6931,376.4402,910.7172,149.4641,395.3639,110.9525,41.4963,72.7159,10.0871,241.09,55.1831,174.0776,565.1173,389.8936,71.3122,87.1454,24.84,187.5044,96.5231,224.1931,146.6194,236.5909,27.524,58.4987,436.9693,718.3456,503.425,99.8135,516.1185,551.2286,409.2944,205.8405,72.0147,70.9258,139.7749,146.501,22.0448,162.7328,495.5259,176.5913,96.0586,576.3109,21.2396,83.2058,338.74,562.1645,88.7777,72.07,27.6919,308.1083,88.3023,37.637,44.4979,94.1427,45.4307,48.702,135.635,113.5515,76.8204,40.8358,38.0303,137.6822,106.154,113.7685
2024-11-19,226.6353,139.39,204.61,162.8315,145.6,44.3966,374.3546,921.2555,148.3856,391.0245,109.858,41.4677,72.6221,9.9431,243.25,54.0648,176.8779,558.7644,386.4357,71.42,87.3317,24.2,186.8566,97.5998,225.8579,144.9427,234.7177,27.0899,59.189,432.576,720.8447,505.6057,100.0252,513.9715,557.8804,411.2928,207.3935,72.6652,69.9976,146.6166,145.0113,22.2576,162.7423,498.9349,177.0034,94.0973,578.4175,20.9994,83.6299,346.0,550.1041,88.6612,72.31,27.6826,307.8023,88.7322,37.352,44.3528,94.7599,45.142,48.3807,135.5179,114.4819,76.9253,41.0053,38.2729,136.9741,106.2328,112.1799
2024-11-20,227.3501,137.6,202.88,160.7635,146.08,44.0618,373.5419,919.2053,149.9941,395.7841,111.6561,41.4199,72.4252,9.6552,244.62,53.8293,174.7529,559.293,379.9762,71.402,87.2013,24.01,187.4947,97.441,226.1517,145.0469,232.4873,27.3556,59.5673,438.4987,744.2365,506.9995,99.7859,507.1246,562.285,409.0286,208.003,72.4767,69.4768,145.4996,146.8804,22.1157,162.8662,498.6476,177.4841,94.0112,578.6135,21.0918,83.3625,342.03,572.5087,89.2435,72.02,27.8214,303.4003,88.62,37.6103,44.7156,95.3674,45.5963,48.2347,135.6643,114.3829,76.5342,40.9394,38.2919,138.594,105.7646,113.778
2024-11-21,226.8736,137.49,198.38,161.443,143.41,44.4444,381.4632,946.5117,150.273,427.6259,112.1056,41.3339,72.444,9.7181,246.66,54.624,166.4611,572.9213,389.903,71.429,87.1547,24.44,189.6122,97.6792,229.5891,147.311,236.3302,27.5417,60.2954,443.3012,740.7889,513.9019,99.6663,509.6575,559.8689,407.2629,210.1655,72.9292,71.1246,146.2775,148.3609,22.2842,164.6389,500.4413,178.6517,95.7334,581.7196,21.2304,83.298,339.64,569.639,90.2041,73.2,27.9139,305.8777,89.2743,37.8598,45.2622,95.1224,45.9655,48.8481,137.3632,115.5459,77.3642,41.2125,38.9579,139.7095,105.9519,115.3004
2024-11-22,228.2139,138.35,197.12,161.7286,149.29,44.961,389.1984,954.7918,150.9517,436.5295,113.0144,41.3435,72.7253,10.0601,249.84,57.4199,163.6111,579.3319,398.975,71.411,87.2106,24.5,191.1591,97.7784,233.8295,146.9984,239.9897,28.1795,60.4467,443.0187,738.9023,514.101,99.7583,515.3568,555.9415,411.3368,211.2467,72.1272,73.3029,141.5701,149.8968,22.7453,168.0031,501.244,179.3091,98.0678,583.5227,21.4152,83.3441,352.56,563.3276,90.6893,74.25,28.062,305.8974,89.9472,38.4388,45.5137,94.9167,46.0365,49.3933,139.2768,115.6053,78.0797,41.5233,38.7486,139.8355,107.4796,115.168
2024-11-25,231.1922,141.13,201.45,162.3096,153.1,45.4393,397.1881,951.7016,149.0922,452.2061,113.3564,41.3721,73.1003,10.258,242.48,59.0582,166.4809,579.5722,407.211,71.6805,88.1517,24.87,192.5708,97.8256,237.3844,147.5762,241.6698,28.3655,60.8817,443.9052,745.8071,494.8253,101.0007,521.036,561.8774,413.1025,210.8044,72.7346,75.0644,135.656,150.8684,23.2064,169.061,502.0369,180.2903,97.4364,585.5019,21.3413,85.5017,338.59,577.5902,91.0968,72.1,27.8677,309.125,91.1996,39.1782,45.9829,95.4066,45.1278,49.7146,140.1458,115.6003,78.5091,42.0789,38.82,141.0287,108.5785,113.447
2024-11-26,233.3665,137.72,207.86,162.2308,150.76,45.6784,399.3227,962.2101,151.1098,450.5934,112.819,41.2002,72.6784,9.9881,242.95,53.7508,167.9407,581.9462,408.0184,71.5457,87.9653,24.05,192.5224,98.7336,235.6412,147.5572,241.3608,28.3212,61.0425,444.7916,779.7093,494.4081,100.743,522.8962,570.2591,422.1776,212.5737,73.5413,73.5018,136.5536,150.0449,22.8517,170.8908,504.7324,181.0752,96.3265,588.5591,21.332,85.1698,338.23,578.5055,91.7664,71.61,27.9047,307.7728,91.5641,39.5256,45.6395,95.7593,45.0662,49.812,140.3117,116.1793,78.8334,42.2861,39.4384,141.7853,108.9728,111.5557
2024-11-27,233.2374,136.24,205.74,157.238,152.4,45.6976,395.2789,952.3552,150.7193,455.441,114.92,41.2575,73.0722,9.9881,243.49,54.4474,168.0499,581.8788,407.9421,71.7614,88.3194,23.65,192.7158,98.0811,235.9644,148.3975,241.187,28.2858,60.929,445.2982,778.593,498.4852,101.1111,526.7549,565.944,417.2455,211.5809,74.5188,74.1931,134.9778,150.563,22.9049,170.9385,500.7585,180.7809,97.1207,586.7758,21.4983,85.7599,332.89,580.0215,91.6402,71.72,27.6641,310.6153,92.1529,39.5345,45.6153,95.8866,45.0189,49.9094,139.7943,114.6056,78.9956,42.5781,39.4384,142.5419,108.4356,111.2626
2024-11-29,235.6201,137.18,207.89,159.6113,155.44,45.4489,397.6386,962.5864,150.5519,455.3433,114.7929,41.3244,74.0474,10.0151,245.59,54.5356,167.7719,584.8967,409.7946,71.9051,88.6921,24.05,193.1702,98.8353,236.8653,148.0251,241.1194,28.6805,61.0576,449.0681,785.6658,501.9553,101.7369,527.309,571.0346,417.7091,212.8293,74.6612,74.6004,137.88,151.2385,23.2419,170.8432,505.1585,181.8013,98.0296,590.4208,21.3967,86.645,345.16,581.7567,91.747,71.61,27.6178,310.9904,91.7416,39.4989,45.8475,96.4059,45.213,49.9873,140.5851,115.6696,79.3963,42.3803,39.4527,142.9881,109.5493,111.5463
2024-12-02,237.8638,142.06,210.71,163.9738,156.54,44.9992,394.1137,965.6766,150.8123,452.4602,114.49,41.4868,74.2537,9.8801,243.44,53.9961,170.2941,581.1685,407.7224,71.8789,88.6846,23.93,192.0293,99.6937,236.7478,147.8245,237.7689,28.3576,60.6479,447.8018,790.0616,496.4503,101.8967,525.7457,589.4387,425.1269,211.1288,73.1427,75.2857,138.259,150.8684,22.8961,171.2625,510.6587,182.4783,97.1207,591.4791,20.9717,86.8532,357.09,580.155,91.3685,71.04,27.7844,312.5401,90.4052,39.0623,45.8185,97.1995,44.7349,49.4907,139.5502,116.7682,79.3009,41.7399,38.6059,142.7359,110.5054,111.4423
2024-12-03,240.9018,141.98,213.44,165.5889,155.0,44.7888,390.9315,972.7584,150.5426,448.844,113.7962,41.5727,74.6756,9.7361,243.93,52.6423,170.1452,581.5259,410.0047,71.8789,88.4322,22.47,191.0528,100.2792,235.0634,145.4945,236.3882,28.214,60.5241,447.6258,803.4271,493.2635,101.5365,520.6205,610.1396,425.344,211.6006,72.4024,75.0668,139.8847,149.6192,22.6655,167.1835,512.2244,182.5175,97.1781,591.7535,21.9325,86.1038,351.42,577.0182,91.0386,73.04,27.7751,308.9473,89.9472,39.0445,45.6733,97.9833,44.7302,49.1207,138.6715,117.1889,78.8907,41.495,38.2729,142.4158,110.4216,111.2721
2024-12-04,241.2592,143.99,218.16,167.9621,158.28,44.3583,391.1763,981.4444,147.1956,445.9218,114.3239,41.6778,74.7319,9.6642,244.67,52.3479,173.1541,578.2709,408.6392,72.0504,88.7687,21.96,190.8304,101.7033,235.9056,143.6896,235.0171,27.8103,59.2758,448.9254,819.736,493.7406,102.026,515.6338,610.2689,431.4795,212.9669,71.8805,74.6004,144.7516,148.2128,22.3729,166.888,518.5571,183.3319,96.3457,595.4279,21.7385,87.029,357.93,582.319,91.2812,71.88,27.7659,305.8777,89.7042,37.8776,45.2283,98.2086,43.6511,48.9357,139.2768,119.3317,78.6712,41.382,38.2681,142.3382,111.4466,108.0664
2024-12-05,241.289,141.36,220.55,167.8735,156.67,44.961,386.7408,972.8672,148.1346,437.9662,113.8451,41.9548,75.0976,9.3942,242.86,52.3774,171.4361,576.4261,407.3214,71.9872,88.7594,20.8,190.0762,101.6412,233.1538,142.7825,237.0254,27.7296,59.9524,438.3044,815.5673,493.7216,101.9983,519.2255,605.4466,436.6089,212.8981,72.317,74.8003,144.6818,148.4996,22.7896,167.7648,517.1201,182.5568,94.9392,594.4481,22.0157,87.2048,369.49,551.9823,91.0872,71.47,27.6178,305.0683,89.4892,37.9043,44.6334,97.9833,43.8215,49.0818,137.5877,118.728,78.9861,41.2784,38.3871,140.7473,112.3583,108.5392
2024-12-06,241.0904,138.59,227.03,176.7955,153.93,44.9706,386.7897,983.1183,144.332,433.9395,114.0698,41.888,75.0882,9.4572,242.95,52.515,173.4917,579.2078,411.9337,72.1045,89.0397,20.92,189.4284,102.4078,233.9862,142.5819,238.8407,27.6399,59.5807,439.1447,816.644,489.4759,102.2291,522.9852,620.2018,437.5459,213.8417,71.4059,75.0954,142.0686,147.2445,22.8162,165.6586,521.7481,182.9492,95.7812,595.5751,22.0619,87.3343,389.22,524.0004,90.7572,70.24,27.6919,306.9733,89.3584,37.7439,44.4592,98.8846,43.0784,49.072,137.2362,119.1882,78.5949,41.2219,37.9113,139.9519,114.7237,107.395
2024-12-09,244.9722,130.87,226.09,176.2145,157.04,44.1626,390.9315,978.4136,146.0427,439.227,111.9981,42.7477,75.0413,9.5382,245.36,51.8268,174.3467,573.8377,409.8424,72.0143,88.7313,20.81,188.2489,101.7404,232.811,142.8589,235.4129,28.4563,59.6474,432.4418,793.7955,486.5945,101.9706,517.296,610.0602,439.9627,209.3594,70.8935,73.9055,138.4481,148.8123,23.1443,162.7709,517.6849,182.076,95.0158,592.508,21.5907,86.5294,389.79,536.5377,89.9615,71.17,27.7381,304.2985,89.6107,37.735,44.4495,96.7782,43.0075,48.4002,136.0451,118.4113,78.4709,41.3067,37.4356,140.3594,114.3591,106.7614
2024-12-10,245.9849,127.74,225.04,169.1931,164.1,44.0087,380.2882,983.9006,145.9684,433.9005,112.1154,42.0599,74.3662,9.5022,248.59,51.8563,184.0895,565.0579,403.5493,72.0504,88.5724,20.16,187.3787,101.4651,231.8023,142.5055,234.4957,28.3396,59.9428,434.6208,789.8443,489.39,101.8136,523.4207,615.7773,437.3092,207.3837,70.362,73.0488,134.7178,149.1575,22.6744,164.1909,515.9209,181.6639,93.9155,590.6658,21.72,86.1223,400.99,540.9114,89.6607,71.4,27.8029,308.3255,88.3116,37.6816,43.9948,98.2968,42.714,48.3905,135.7131,116.7682,78.843,40.638,37.1644,139.7774,114.5463,106.5439
2024-12-11,244.7141,130.15,230.26,180.4096,165.96,44.3261,380.7582,985.1784,145.2338,437.8782,111.9981,42.2319,74.835,9.3672,250.96,51.168,194.2598,572.3309,402.3938,72.0684,88.3107,20.12,186.9919,103.167,232.8502,140.0322,235.1426,28.0705,59.6856,430.4388,786.3375,481.0894,101.5365,528.8032,629.0609,442.8924,209.7133,70.2102,75.0573,138.9468,146.2927,22.3729,162.6184,525.1571,182.6156,94.1643,595.232,21.6923,85.3081,424.77,510.6115,89.4666,73.33,27.8954,309.7172,88.106,37.4054,43.84,99.9035,42.785,48.4878,135.4007,118.4607,78.2419,40.5344,36.9313,137.8761,116.557,105.8347
2024-12-12,246.1735,130.6,228.97,177.9083,167.75,44.3261,372.8369,978.9385,143.8393,429.522,112.2815,42.0217,74.1787,9.3492,247.28,51.4236,190.8399,571.4133,395.7474,71.8699,87.9743,20.78,186.1894,102.5294,229.8241,139.6503,233.2114,28.3037,60.829,428.4553,772.8241,473.7811,100.964,526.7847,627.1816,443.4546,208.1799,69.4889,74.2101,136.9819,148.2803,22.497,162.8281,521.768,181.2616,93.5902,592.1651,21.5815,84.2718,418.1,493.6047,89.2144,73.21,27.9879,310.1515,87.9658,37.4856,43.5353,100.0897,42.4395,48.2736,134.5318,117.7976,78.4709,40.5061,36.9123,136.78,115.5911,105.7401
2024-12-13,246.3423,126.91,227.46,221.376,169.65,43.9317,372.5726,979.8895,143.0583,430.4602,110.7571,42.0599,73.9724,9.3492,244.29,51.6498,188.7124,565.4926,398.192,71.6623,87.563,20.34,185.6673,102.7204,228.2474,140.0131,231.6762,28.4293,60.1429,425.3286,779.5117,471.9397,100.4007,523.4107,616.8013,441.1957,210.6373,69.8685,73.5342,133.9,147.4125,22.6832,163.0282,525.7618,180.4963,93.2075,592.0475,21.8309,83.4113,436.23,498.1219,88.9426,74.21,27.9972,310.6548,87.7135,37.6638,43.1628,98.8944,42.2265,48.2347,134.1802,118.3024,78.2705,40.3366,36.9361,136.7607,116.0494,104.8134
2024-12-16,249.2313,126.69,232.93,246.1922,173.17,43.7393,371.0158,983.3758,138.8652,428.486,110.0405,41.8307,73.7286,8.9893,244.88,51.3646,195.5125,566.3136,392.2046,71.7977,87.5911,20.83,184.7488,103.9361,229.5891,137.368,231.3286,27.7834,59.5998,418.489,769.5149,469.0775,100.5299,524.7068,621.1697,445.457,212.3673,69.0808,73.4867,131.6558,145.5928,22.3906,163.1044,533.333,180.4473,89.0934,594.5755,21.1011,83.6611,463.02,477.0861,88.5836,73.7,27.9509,311.7899,87.405,36.4166,42.7807,99.2765,41.2989,48.1471,134.2974,119.4852,77.8603,40.1294,36.6411,135.1311,117.6214,102.5723
2024-12-17,251.6537,125.02,231.15,236.571,173.03,43.3353,367.9608,972.689,137.703,433.5388,110.9337,41.7306,73.6117,8.9713,243.94,50.2929,194.2797,555.0613,390.0655,71.6443,87.5911,20.44,183.4563,103.58,226.9607,139.8126,230.1506,28.0346,60.4097,420.3454,769.1396,468.0852,100.5392,525.3995,616.3934,448.2881,209.8106,68.5873,74.2482,130.05,145.7048,23.437,162.3325,530.9843,179.7859,88.108,592.1258,21.0918,83.8646,479.86,464.6637,88.1917,73.3,27.9787,314.1686,86.9845,36.3275,42.5437,98.5319,40.9913,47.8063,133.0672,118.7626,77.7267,39.9505,36.4889,135.0341,117.991,102.1373
2024-12-18,246.2629,121.41,220.52,220.214,172.62,41.8443,356.2993,955.5148,133.9562,416.3474,109.2946,40.7592,71.8058,8.7193,239.26,49.1523,187.3007,531.4653,376.0756,70.9086,86.9141,19.3,178.6067,100.0683,216.9126,138.2274,222.4358,27.1824,59.8857,412.5971,755.3989,460.7673,99.2927,514.4662,594.2527,431.4499,202.5509,66.9265,73.2011,128.5739,144.1091,22.9581,161.1411,511.828,175.0918,86.0127,574.4785,20.7685,82.816,440.13,478.2538,86.3201,72.94,28.3025,305.7592,83.3956,35.8465,41.3343,95.7201,39.7796,46.375,129.3082,114.9322,76.5437,38.3871,35.6278,133.2007,112.6737,100.6337
2024-12-19,247.9903,118.88,223.29,214.9947,177.04,41.7289,352.8527,945.6698,131.232,416.9631,109.3142,40.8952,71.5777,8.7643,239.6,49.4965,187.41,535.0776,367.672,70.8361,86.5203,19.06,178.0722,100.0783,215.95,137.1101,224.9366,27.0029,59.5045,409.9784,748.3162,457.638,98.7552,517.7512,592.6407,431.0948,202.3931,66.2147,73.3915,130.3393,141.3469,22.8517,161.246,509.5487,174.8851,84.922,574.302,20.8516,81.562,436.17,468.2335,86.3591,72.61,28.358,310.793,82.1058,35.606,40.8893,95.4556,39.4342,46.5405,129.1423,115.0559,75.9999,37.7279,35.7895,132.1919,112.5209,99.7732
2024-12-20,252.6565,119.21,224.92,217.4271,177.35,42.4888,358.4044,944.9468,132.8126,422.6903,109.962,41.0604,71.3781,8.8903,242.1,50.9418,190.2931,546.7741,374.9106,71.2805,86.8391,19.52,180.3172,101.1586,217.9734,137.96,229.4168,27.3797,59.5998,414.5903,758.4117,466.5682,99.1444,522.451,582.3715,430.6707,206.2597,68.0179,73.2392,134.3488,142.5787,23.3749,160.1691,513.9984,176.5777,84.1661,581.2,21.0179,82.0265,421.06,478.6461,87.1877,73.1,28.2192,313.5863,83.489,35.5703,41.3972,95.9748,39.8222,47.2318,130.6556,116.7732,76.267,38.4154,36.3604,133.8603,112.8067,100.1137
2024-12-23,253.4308,124.6,225.06,229.4241,177.69,42.2195,357.768,940.8265,132.9241,422.5829,109.3437,41.2935,71.8439,8.9083,240.96,51.6793,193.4943,551.2945,374.7673,71.0901,86.4546,20.2,180.599,102.1818,217.4725,138.724,230.1796,27.3259,59.4378,412.6557,786.5845,464.1543,98.8571,523.3712,596.8997,429.339,207.0685,68.7961,73.0678,139.3058,141.1789,23.6853,160.2167,519.0061,177.9161,83.659,584.6804,21.1011,81.2741,430.6,484.5894,87.1584,73.06,28.3227,313.1027,83.8155,35.5793,41.3651,96.4993,40.0561,47.3453,130.6262,118.0104,75.8652,38.5905,36.4842,135.1972,113.1489,100.5203
2024-12-24,256.3398,126.29,229.05,236.6618,179.34,42.6908,359.9025,949.6514,133.733,423.0324,110.4822,41.4198,72.1005,9.0163,241.44,52.6133,194.9657,562.8945,378.2911,71.3168,86.5015,20.4,182.0859,103.4955,219.4173,139.2778,233.9646,27.4874,59.8761,416.0169,785.9819,465.7191,99.1629,530.0499,604.7607,433.3636,209.7317,69.1947,73.0964,139.8544,142.5974,23.7119,161.0077,526.0438,179.2447,86.0222,591.1791,21.2027,81.6178,462.28,484.3597,87.8018,73.65,28.4001,316.4881,84.3723,35.4545,41.5888,97.4129,40.395,47.9026,131.6467,119.2299,76.3651,38.8475,36.6856,135.7526,115.7657,100.6148
2024-12-26,257.1538,125.06,227.05,242.2702,180.38,42.8543,359.4619,946.997,133.8632,424.0098,110.4724,41.2741,72.4426,9.0613,243.07,53.2721,194.4586,561.3876,377.3361,71.4982,86.5671,20.44,182.3969,103.3415,221.6665,139.02,234.766,27.4066,59.6189,414.6001,784.4706,467.4841,99.2556,530.4852,600.3824,432.1601,210.0276,68.6822,73.2392,139.5651,142.2521,23.5523,162.1705,525.6864,179.3529,87.8879,591.2184,21.2119,81.5713,454.13,489.1927,87.8408,73.13,28.342,316.7448,84.5988,35.5971,41.5256,97.2852,40.3615,48.0199,131.7448,119.3092,76.6054,38.9047,36.5993,136.0255,115.3362,100.6999
2024-12-27,253.7485,125.19,223.75,238.7057,180.72,42.6523,357.249,930.7142,133.8818,420.3154,109.4909,41.0895,72.3381,9.0253,241.4,53.3705,191.6352,556.5101,375.1588,71.2533,86.3421,20.3,181.2598,101.844,218.4351,138.5139,232.8639,27.5233,59.5045,413.2908,773.6341,466.5204,98.8386,526.5769,596.8599,424.6831,207.4828,68.4354,72.7442,136.6528,142.672,23.6055,161.57,518.6984,177.6504,88.2611,584.995,21.1195,80.9026,431.66,488.0826,87.4119,73.85,28.2937,314.524,83.7495,35.5614,41.3019,96.4208,40.3568,47.6679,130.7636,117.7229,76.2305,38.5905,36.4938,135.3921,113.4303,100.6905
2024-12-30,250.383,122.44,221.3,232.6134,176.55,42.2387,355.4377,913.3914,133.0171,415.0182,108.7547,40.7592,71.8629,8.8903,240.63,52.7608,190.1241,553.9699,371.8834,71.3531,86.8484,19.82,179.4522,100.6296,216.7554,136.8809,231.0776,27.2362,59.1043,408.0927,764.4178,461.1776,99.2649,519.9972,588.3319,419.0605,205.0563,68.1033,71.0593,137.1315,141.5802,23.4281,159.2446,511.7997,175.7413,86.6633,578.3193,20.8886,81.5528,417.41,485.9866,86.4858,74.82,28.3227,311.2174,83.3342,35.2764,40.7476,95.409,40.352,47.2084,129.4487,116.2259,75.3365,38.4097,36.3403,133.7259,111.6085,100.0096
2024-12-31,248.6158,120.79,219.39,228.9205,177.0,42.2772,355.1928,907.5083,134.6627,415.6854,109.2946,40.6232,71.8629,8.9083,242.13,52.3774,188.1954,553.0715,371.4633,71.344,86.689,20.05,179.9187,99.7306,217.0305,138.1033,231.4541,27.5502,59.3235,409.0795,762.6001,463.6296,99.0147,521.0065,582.6302,415.7757,204.0995,68.0368,72.0302,133.9399,141.8975,23.5257,159.7783,507.4522,175.2492,87.3043,576.2153,21.0364,81.1162,403.84,484.13,86.554,75.55,28.4484,311.938,84.0609,35.6238,40.9129,95.0947,40.8818,47.2573,129.2917,115.2593,75.5672,38.7143,36.3067,134.0474,110.7691,101.7212
2025-01-02,242.0931,120.63,220.22,229.0587,171.87,42.6042,352.2652,901.11,136.4014,410.2698,108.7744,40.565,71.6158,8.6833,245.42,50.5092,188.3247,555.3413,370.9571,71.5164,86.7359,20.22,179.5591,99.5046,217.2073,137.5303,231.7341,27.604,58.9233,404.6826,768.5962,460.109,99.0239,516.8805,596.2927,412.8953,205.1451,67.9609,70.1264,137.9494,140.1711,23.5966,158.1867,506.4595,174.7867,88.1845,574.7995,21.0918,81.3391,379.28,482.838,86.4273,76.93,28.6902,310.3193,83.3154,35.8198,40.4607,95.5564,41.359,47.1399,128.8403,114.9867,75.3365,38.3526,36.5849,134.0864,109.3126,101.4753
2025-01-03,241.6066,125.37,224.19,229.6215,169.9,43.1044,356.2014,907.8152,137.4613,414.2334,109.1081,40.9438,71.9294,8.8903,243.49,50.9025,190.6709,560.3253,371.6447,71.6252,86.5953,20.56,181.2598,101.1288,220.4388,137.6926,234.9012,27.4605,58.8375,404.0279,772.4586,459.6988,98.7923,515.8514,601.6562,417.6006,208.3804,68.3216,69.7838,144.0933,139.6485,23.5789,157.3766,514.7478,176.4498,88.5768,581.9865,20.944,81.0791,410.44,490.9633,86.8562,77.92,28.6031,310.8227,84.41,35.8643,40.451,96.1457,41.7456,47.5115,130.2337,116.8604,75.298,38.8761,36.9734,135.4019,111.5245,101.9954
2025-01-06,243.2349,129.55,227.61,233.433,170.78,43.672,356.6028,913.8867,136.9127,410.0932,109.0001,41.0895,72.6137,8.9263,243.19,52.633,195.7212,563.4741,371.8261,71.7522,86.5109,19.87,181.0557,102.3084,220.5272,137.1865,233.756,26.9581,57.9419,403.4515,755.7841,444.605,98.542,506.5211,627.1004,422.0395,209.0116,67.6098,68.5368,149.0404,136.4945,23.8449,153.0593,520.6637,177.1387,89.103,585.3391,20.8793,80.7168,411.05,491.6045,86.3786,77.3,28.4194,308.9769,83.3248,35.2853,40.7233,97.187,41.5547,47.3648,129.9491,118.3475,74.5098,38.343,36.5609,135.4603,111.9639,101.882
2025-01-07,240.465,127.33,222.11,225.7608,172.51,44.3261,355.4279,912.5595,139.079,405.4526,109.3338,40.7981,72.5567,8.7823,244.56,51.109,194.3493,560.3156,366.9177,71.5164,86.117,20.01,180.7836,100.2794,218.7592,139.6407,236.0076,26.7069,57.9705,405.4448,763.8744,442.6588,98.0879,505.9966,614.851,416.6339,205.9835,66.8411,68.6224,139.7746,135.6826,24.0577,153.7265,511.3729,175.8003,88.8255,578.7224,20.5098,79.8065,394.36,492.1595,86.2226,78.17,28.5258,307.6247,82.5322,34.6706,40.699,96.1064,41.9699,47.2573,129.8215,115.9731,74.2502,38.0575,36.4698,136.1326,109.7965,102.837
2025-01-08,240.9514,121.84,222.13,226.4223,171.76,44.4512,353.5381,918.5021,139.7391,402.2445,107.7339,40.6038,72.4426,8.7643,245.86,50.1454,192.8183,560.219,369.7539,71.6071,86.2671,19.88,180.9877,100.426,217.7671,135.8592,235.9688,26.6082,58.7994,410.3889,777.6348,447.3243,98.2455,510.9438,607.7162,418.7942,206.9205,67.0593,67.8609,139.7447,136.7464,23.8183,154.4889,511.4622,176.1447,88.5959,579.5679,20.4913,79.9087,394.94,501.9885,86.7588,77.3,28.6321,308.5426,82.7492,34.6884,40.9226,95.5367,42.0129,47.4137,130.3318,115.9335,74.3848,38.2193,36.4602,136.8342,110.1075,101.116
2025-01-10,235.1436,116.04,218.94,221.4853,172.0,43.393,343.6782,927.9806,142.3795,400.8416,106.6444,39.9141,71.3401,8.6833,248.21,49.0147,190.9194,540.8824,372.3227,71.2352,85.6389,19.15,178.4026,98.8788,212.9739,135.6586,232.8048,25.5765,58.1896,404.6631,790.1606,446.5609,97.6801,500.0737,612.8309,413.2603,204.0798,63.9465,67.7753,135.5556,133.107,23.6941,151.1151,503.442,173.5467,88.2611,570.7194,20.293,79.3793,394.74,498.3229,85.472,80.64,28.7772,303.7161,80.7298,34.2787,40.5045,94.1124,42.1847,46.2697,128.8697,113.4054,73.3851,37.2959,36.2539,136.0644,109.0262,100.7472
2025-01-13,232.7112,117.32,218.46,222.453,170.57,43.3449,354.9383,915.8576,144.4343,421.7779,106.0849,39.6421,71.1405,8.7373,245.74,49.0933,189.8954,543.7318,371.6447,71.217,85.4888,19.2,180.0061,98.5112,213.3865,137.96,237.017,25.8188,58.7423,411.7763,787.77,460.9773,97.4021,500.3116,605.338,411.5242,204.0206,63.5479,68.6129,132.8826,134.8428,23.7651,151.382,501.824,173.842,89.4666,571.6042,20.1713,79.3514,403.31,517.8945,85.9497,82.23,28.8642,302.9364,81.7206,34.5597,41.4089,94.1517,43.0724,46.6021,130.3808,112.6024,73.51,37.7719,35.8318,137.8378,109.6434,103.3477
2025-01-14,231.5993,116.09,217.76,221.8704,167.02,44.0375,363.8191,908.459,145.8753,424.1325,106.1242,40.089,71.3972,8.8003,247.03,50.0864,188.5533,552.0188,375.0824,71.3078,85.5169,19.2,181.5612,98.171,215.8125,138.2274,240.181,25.756,59.1139,417.5021,735.8399,462.2175,97.5133,504.3841,591.3272,410.0249,206.1413,64.5159,67.7467,131.4165,135.2626,23.4192,152.2397,501.3476,173.8321,89.0456,572.3907,20.3959,79.2214,396.36,520.3828,86.4078,81.67,28.6805,305.0782,82.4661,34.7048,41.9243,93.8374,43.5353,47.179,131.9214,112.8998,73.5293,38.0955,36.3019,136.4152,109.4311,103.7543
2025-01-15,236.1562,119.96,223.35,225.1289,166.2,45.3073,367.0699,914.6692,147.2049,420.7674,106.1831,40.6135,72.3096,8.9533,248.88,50.8337,194.409,585.2348,387.7928,71.9337,86.4171,19.72,183.6409,100.5551,220.0557,138.4375,244.9172,25.7739,58.8566,418.1763,737.6477,461.75,98.6811,517.5927,614.0847,420.5204,210.077,65.7591,67.6515,135.8848,135.104,23.2508,152.1539,512.8817,176.5974,89.0552,582.8025,20.4988,80.5868,428.22,520.0765,86.9342,84.34,28.6321,312.1748,82.9379,34.6141,42.323,95.3795,44.1796,48.3817,132.7555,115.1453,73.2793,38.2574,36.8343,136.9706,112.2157,105.447
2025-01-16,226.6154,118.44,220.66,226.5211,168.93,44.8648,372.6117,910.955,148.1811,430.8038,104.4948,40.565,72.6803,9.0073,250.6,50.9713,191.7844,592.0634,390.8867,72.0153,86.6234,19.67,184.778,99.8473,220.4977,141.1113,246.7807,25.9892,59.314,422.583,748.3754,464.5074,98.8757,518.3756,608.2933,418.8138,211.4776,67.7332,67.6896,133.2218,136.7464,23.4902,152.964,509.2885,176.6171,90.3468,581.6817,20.6017,80.8468,413.82,488.6568,87.4509,82.94,28.6321,313.1323,84.6554,34.7592,42.6731,94.8393,44.4994,48.7044,134.3648,114.258,73.8273,39.1141,37.7649,137.5163,111.6085,105.2673
2025-01-17,228.3231,121.46,225.94,234.45,171.09,44.759,377.9676,934.1707,150.1242,446.825,105.0445,40.8855,72.9749,9.1602,249.27,50.1159,194.8563,604.5713,390.9345,72.0788,86.689,21.49,186.0899,101.0717,221.4505,140.4046,251.5266,26.2583,59.7523,426.0126,716.8837,467.8085,98.9591,519.9212,609.7562,423.2035,214.3874,67.1543,67.4326,137.351,138.3421,23.3217,153.5645,517.8844,177.8177,91.0165,587.5217,20.8543,80.9862,426.5,487.8625,87.5874,82.52,28.7385,315.4715,84.5988,35.1581,42.9503,95.6644,44.843,49.1151,135.1694,116.0475,74.2502,39.1046,37.8177,136.5906,113.1736,106.2129
2025-01-21,221.036,122.28,230.71,237.2838,175.56,44.884,391.4801,938.6674,147.1212,454.3891,106.6935,41.3226,74.4481,9.3852,253.13,52.987,196.8944,613.0708,399.5768,72.2693,86.9797,21.77,188.3252,101.7621,225.7034,141.4742,255.2826,26.4467,59.4759,432.3246,733.3111,483.0453,99.5337,523.2506,613.4281,422.6807,217.7607,67.2396,69.6505,140.4628,138.6221,23.6232,154.1267,520.9218,179.2447,93.7433,592.8997,21.0414,81.7107,424.07,502.4382,88.4159,81.11,28.3711,319.4295,86.1841,35.3756,43.4998,96.5288,44.6139,49.5258,137.9464,117.0141,74.5963,39.8185,38.3981,138.8512,114.0031,105.4092
2025-01-22,222.2174,123.75,235.01,237.8763,174.8,44.0471,390.7431,935.6664,145.4198,451.0534,106.8015,41.3518,74.277,9.0253,254.43,51.8759,197.2125,611.1296,391.622,72.1695,86.7547,21.86,187.227,103.2149,224.2301,138.724,255.0982,26.0789,58.8661,432.4614,744.7996,476.4144,99.2186,522.3787,620.4333,440.1403,218.9543,64.9999,70.4787,146.6866,138.1928,23.0645,157.0049,527.5822,180.7996,93.5041,596.2326,20.8824,81.2834,415.11,497.3946,88.3575,80.43,28.4194,319.3604,84.6837,35.3122,43.1497,97.4915,43.8026,49.2911,137.6226,119.6562,74.231,39.1236,37.5683,138.5394,113.5735,103.5746
2025-01-23,222.0486,123.04,235.42,237.2542,178.5,44.6243,399.3813,933.1506,145.0479,465.7403,108.9903,41.4489,74.8853,9.1423,254.07,53.3115,196.8248,617.6685,395.7188,72.2602,86.5296,21.57,188.4904,103.6247,225.2516,140.0322,258.1167,26.0789,58.6279,430.7319,757.2658,474.4489,99.0795,529.3546,633.3197,440.6433,220.7297,65.7022,70.7166,146.8362,138.6874,23.4458,158.3487,528.7039,181.6754,93.7529,599.4868,21.0789,80.6518,412.38,507.0129,88.6597,79.21,28.4097,323.95,85.3065,35.5207,43.3879,97.7468,44.003,49.5746,139.016,119.8693,74.5002,39.4377,37.7457,140.3907,114.2598,104.1609
2025-01-24,221.1749,122.84,234.85,241.6186,176.06,44.7494,400.5901,930.6944,144.7132,469.7137,110.0896,41.7209,75.3035,9.1063,255.65,53.0067,199.0417,615.1572,395.8238,72.3419,86.7078,20.83,188.3349,103.1851,224.623,140.2041,257.0393,26.2942,58.9995,429.1881,775.8469,474.1436,99.2742,528.6312,644.3054,438.0293,219.9702,69.1188,70.0313,142.2482,139.154,23.518,157.3678,525.7161,181.1735,94.5374,597.7368,21.2566,81.014,406.58,509.6352,88.6499,79.6,28.2357,325.9142,85.599,35.8471,43.2761,98.6309,43.5783,49.7213,138.4273,118.6201,74.8847,39.552,38.1295,140.6148,113.5636,102.7519
2025-01-27,228.2039,115.01,235.42,199.5846,175.16,45.2977,388.1585,956.0198,146.1821,474.9919,111.2478,40.9632,75.3035,9.3402,252.99,53.9997,190.6908,611.6608,405.7266,72.3963,87.2704,20.29,188.9763,100.2447,222.472,146.0006,258.0196,27.0927,60.8575,429.4226,798.3297,480.5647,99.96,542.6523,656.6345,428.6583,211.0041,70.0678,71.9446,118.1112,144.2771,24.2121,162.6799,510.4101,179.6482,95.6951,589.2816,22.5852,81.9707,397.15,520.1723,89.5857,77.93,28.2453,330.1978,86.7408,36.8443,43.3004,99.1417,43.1249,50.2689,136.5726,112.8056,76.913,39.9422,37.2469,143.7719,114.2104,104.1798
2025-01-28,236.5434,114.17,238.15,204.7488,177.78,45.0572,383.5496,949.5027,145.2338,470.9106,110.07,41.2644,75.2084,9.0703,255.18,49.2015,194.1604,616.0264,399.9587,72.3691,87.2798,19.8,187.8004,102.4425,222.7175,143.6037,259.2716,26.5454,59.4188,425.5338,795.1885,436.4476,99.8209,542.3749,671.0134,441.1266,213.3418,66.9454,70.8118,128.6537,140.2085,24.1129,159.3527,517.9539,180.7897,96.0682,594.3448,22.8284,81.915,398.09,519.1768,89.3323,78.86,28.3614,330.1386,85.6934,36.6268,43.1594,99.623,42.7144,50.1809,135.6699,115.8145,75.7114,39.4568,36.7336,142.7683,114.3487,102.1657
2025-01-29,237.6355,117.35,237.07,203.7515,173.66,44.9706,386.4388,954.8016,144.7504,469.1152,111.1006,41.2741,75.1989,9.1872,254.2,48.9459,194.2698,615.6208,394.7925,72.3237,87.1766,19.75,187.4991,101.7124,222.2067,144.339,258.7281,26.6082,59.8666,428.2794,794.2896,433.4995,99.6912,543.8018,673.1627,436.3228,213.3911,67.2776,72.8965,123.3775,140.3204,23.9957,159.391,516.9813,180.2386,103.8849,591.6804,22.6694,81.7478,389.1,514.985,89.2153,77.78,28.4194,331.5204,84.561,36.518,43.0816,100.065,42.8099,50.1418,135.2087,114.8727,75.8941,38.9999,36.8104,141.9303,114.0228,102.7614
2025-01-30,235.8782,118.86,234.64,212.9442,179.53,44.9417,368.504,969.6483,145.3361,470.9106,111.3362,41.9735,76.0258,9.1423,258.05,48.6706,199.6979,623.6567,395.8238,72.4598,87.3642,20.01,189.3845,102.003,224.4659,145.9815,260.3295,27.1555,61.0291,436.1548,813.2064,438.5466,99.9136,560.8551,683.621,409.3541,216.8927,67.6667,74.5623,124.325,141.7482,24.2571,160.5224,519.1848,181.9214,104.2868,594.8561,22.4729,82.0543,400.28,522.1342,90.0731,77.75,28.4194,338.5974,85.6368,35.7836,43.49,100.1633,43.0294,50.6209,136.7198,115.0858,76.6439,39.5139,37.5778,143.5672,115.1386,103.6125
2025-01-31,234.2997,115.95,237.68,218.4836,176.52,44.5377,365.0251,970.5099,138.7071,467.5454,110.973,41.4975,75.313,9.0703,258.56,48.6312,202.8296,618.5378,393.4174,72.3147,87.2235,19.43,188.0919,101.6503,222.4523,145.294,259.4269,26.7697,60.4859,435.9007,801.2044,441.6951,99.5893,550.3715,685.7903,409.4232,216.1431,67.9135,73.2011,119.7569,140.619,23.9056,159.1609,518.4304,180.4453,103.0238,591.6904,22.2016,81.5156,404.6,519.1865,89.6345,78.02,28.5354,337.3636,85.448,35.7111,43.174,100.566,41.8267,50.3276,135.7582,114.4117,75.9229,39.4282,37.3572,143.1093,114.6301,101.0215
2025-02-03,226.3673,114.27,237.42,214.9882,175.87,44.4512,355.3059,996.2119,138.8466,458.2153,111.8957,41.1964,74.4291,8.8993,259.94,47.0974,200.0558,610.7818,390.3425,72.2235,87.2856,19.38,187.3825,100.5899,219.8494,145.0266,258.9513,26.2673,60.3621,443.8054,800.5622,434.5109,99.7465,558.8139,694.0296,405.3394,216.0839,67.4295,72.906,116.3558,140.2271,23.6171,161.8169,514.2812,179.5596,103.4831,587.7086,22.6881,82.1793,383.68,524.6321,90.0439,77.82,28.6611,341.3315,85.2687,36.246,43.2177,100.7821,42.0892,50.1222,134.4138,112.8701,76.2209,39.3616,37.5587,143.6647,113.1143,101.2673
2025-02-04,231.1227,119.5,242.06,219.629,176.23,44.9321,355.699,1012.0886,142.4539,463.3366,111.2086,41.9346,75.294,9.1423,262.5,47.7561,205.1758,612.5301,392.9494,72.4513,87.502,19.29,187.6838,101.8987,222.8943,146.5736,260.048,25.747,59.7141,444.3819,816.0118,432.8507,99.9418,554.0179,700.7264,406.7697,217.3662,66.3381,73.0297,118.3406,133.9002,23.3196,161.2128,520.5942,180.4059,105.8176,591.6511,22.6881,82.431,392.21,522.0193,90.0146,77.51,28.4001,340.6701,85.3348,36.0919,43.3442,101.6858,42.9721,50.0049,134.4531,114.496,75.5768,39.3616,37.2277,143.2749,114.4474,103.9813
2025-02-05,230.7951,112.01,236.17,229.0785,181.84,45.3169,352.6525,1032.9076,142.2401,458.8334,108.4995,41.8278,76.0258,9.0073,264.13,47.0089,190.2136,623.4153,395.1745,72.6427,88.0099,19.65,188.9472,101.9458,225.3204,147.7195,262.4647,25.6663,60.1429,443.3071,831.9257,429.2156,100.6394,561.1325,701.4031,407.6772,220.7593,65.6737,70.9832,124.5045,135.9252,23.8335,162.0566,522.9567,181.1932,107.3963,594.0499,22.8939,83.7919,378.17,516.6216,90.7653,76.09,28.3517,344.9044,86.5332,36.382,43.3101,100.7035,43.0628,50.5329,134.5512,116.0871,76.0479,39.9803,37.6018,144.6488,113.1489,103.9056
2025-02-06,231.5397,110.16,238.83,228.4465,184.8,45.9229,359.1385,1040.9401,141.2267,456.1845,110.0209,42.0026,76.387,8.3324,263.43,47.1269,190.482,635.7493,395.4992,72.5333,87.9065,19.38,188.9375,102.5369,224.5837,146.5927,268.7441,26.0251,60.3716,450.1272,859.7723,427.9276,100.4533,561.9946,708.488,410.1729,223.0181,65.7402,68.2893,128.3445,135.6359,23.2836,161.932,525.6864,181.4294,106.87,596.1146,22.8752,83.7547,374.32,507.2713,90.775,75.45,28.3324,342.9699,86.7503,36.2097,43.4609,101.1357,42.2706,50.9533,135.1596,116.4044,76.3939,40.0946,37.5587,143.3529,113.5982,102.5344
2025-02-07,225.99,107.56,229.15,222.0383,181.49,45.5959,357.5956,1034.9712,141.8961,456.7928,108.8136,41.9637,75.6646,8.3144,263.9,46.5959,184.2585,633.5086,389.0151,72.3055,87.6148,19.1,187.8101,101.3523,221.9808,146.2202,267.6765,26.2853,60.829,444.6262,867.6158,423.9873,100.0162,557.6247,711.0057,404.1853,221.8049,64.7911,65.3765,129.5015,134.9174,23.2025,161.0594,519.0557,180.0024,107.3484,590.6581,22.9594,83.214,361.62,504.3906,90.3753,75.86,28.4581,343.5028,86.4672,36.1553,42.9308,100.9196,42.2658,50.6698,134.7573,115.408,76.2786,39.9518,37.4819,142.6806,111.3764,102.9695
2025-02-10,226.2583,110.48,233.14,232.0802,180.55,44.8936,356.9471,1052.9275,144.8248,461.0899,107.2628,42.4689,76.1779,8.3144,268.37,45.7896,185.3819,628.3219,395.3368,72.4513,87.596,19.77,188.2377,102.3829,222.9827,147.2898,263.0567,25.9802,61.5055,450.3031,858.3005,427.6414,100.0441,560.3398,713.8715,406.6217,223.9847,66.1482,67.5278,133.2218,134.7028,23.3196,160.6375,525.3389,181.3211,106.6308,594.6694,23.2588,82.9623,350.73,510.4583,90.7555,77.4,28.5451,346.6713,86.4294,36.2188,43.1497,101.3715,43.1964,50.2689,135.9642,117.0934,76.7496,40.0089,37.8896,142.5539,111.7566,104.9363
2025-02-11,231.1979,111.1,232.76,232.0802,180.44,45.0091,355.9742,1049.3781,146.3774,465.3282,107.0076,42.3037,76.539,8.2874,267.39,45.9175,184.2387,625.1442,397.6,72.424,87.3703,20.97,188.6459,102.0824,221.6862,149.0946,266.8904,26.5364,64.4116,450.1859,854.4678,428.7291,99.8208,559.5571,716.2597,405.8523,222.88,66.7462,67.9085,132.4538,135.9065,23.0132,162.4593,524.0883,181.4884,106.229,595.1216,23.5301,82.431,328.5,510.9847,90.8822,78.27,28.4484,346.7503,86.8069,36.7084,43.4025,101.5385,43.5448,50.396,136.0133,117.1479,77.4898,40.2278,38.0815,142.2908,110.4877,105.5983
2025-02-12,235.422,111.72,228.93,233.3737,186.25,44.4512,345.9601,1056.1005,144.0159,467.5454,107.2137,42.5369,76.8242,8.3054,267.67,46.8909,182.5386,626.8442,388.7954,72.2691,86.7682,22.48,187.7129,101.9756,219.6431,148.2638,267.3369,25.6752,65.4693,448.0558,862.3408,421.6783,99.2814,559.4579,721.8123,403.4849,222.4164,65.7497,68.7843,130.7981,134.3668,22.9591,162.6032,524.3959,180.9275,108.1521,593.2045,23.7266,81.3124,336.51,504.7447,90.5118,76.32,28.4678,347.5116,86.0048,36.7446,43.0913,101.6465,42.4949,50.22,135.1694,116.8951,77.4321,39.8851,38.0144,142.0862,110.4679,102.4212
2025-02-13,240.0535,111.81,230.37,232.8306,185.44,44.5666,347.5915,1067.741,144.927,457.4011,107.567,42.8088,77.7556,8.4134,270.31,47.0875,185.0539,626.7959,393.8471,72.5971,87.4173,24.13,189.1804,103.2521,222.1183,150.1641,268.1812,26.2404,66.222,450.4887,861.2443,414.7612,100.0534,561.1523,724.9766,404.9645,224.6062,65.1043,69.6886,134.9373,134.9174,23.1123,163.9839,531.9398,182.8465,108.1138,599.4672,23.9792,82.664,355.94,508.3623,91.3307,76.39,28.2357,351.6047,86.8635,37.207,43.8401,102.8154,42.8146,50.5525,135.3068,118.5508,78.2684,40.1993,38.1007,142.6416,112.1269,103.1654
2025-02-14,243.1047,113.1,228.68,230.1054,184.42,45.1726,347.218,1062.7734,146.0269,471.1362,108.3425,43.1391,77.8697,8.5304,266.29,47.5595,184.1492,637.9998,391.0491,72.6792,87.7842,23.6,189.0055,103.4036,221.9514,149.1137,268.4432,25.9444,65.6217,446.5316,835.4276,403.7605,100.444,559.6165,733.0467,402.8832,225.1881,64.5918,69.5267,138.488,133.8069,23.0132,156.1884,534.1732,182.1675,108.2677,599.4377,24.2037,83.1021,355.84,501.0218,90.6093,75.82,28.1583,349.8054,86.4672,37.1617,43.6894,103.4441,42.9865,50.6502,134.9732,118.9523,77.4898,40.0374,37.9424,141.0923,112.0775,103.2703
2025-02-18,242.9755,114.28,226.65,225.6522,184.97,44.759,347.8863,1047.0875,146.7977,492.0725,107.5376,43.4111,78.4304,8.6326,270.7,47.3235,182.6977,649.2424,385.138,72.6153,87.3138,27.39,190.1134,103.3937,223.1693,149.1907,271.7043,26.3032,65.7932,455.1592,848.2221,408.8649,100.0348,563.4313,712.8466,404.0767,226.352,65.0094,73.8579,139.0365,134.4695,23.0402,158.6239,535.3841,182.63,108.7295,601.1975,24.3908,82.1234,354.11,479.2204,90.814,76.96,28.2163,352.6923,86.8541,37.352,44.2437,102.9628,43.5735,51.012,136.033,120.0378,77.7686,40.1802,38.2974,140.8195,111.7664,105.0831
2025-02-19,243.373,114.69,226.63,225.8497,186.15,44.2588,346.9035,1053.5424,147.8036,499.6367,109.2946,43.3431,77.6225,8.679,270.85,46.999,184.1889,645.3404,377.613,72.67,87.4549,25.72,190.6868,103.431,222.4032,151.9822,271.0249,26.7248,66.7651,451.4854,857.9691,413.0725,100.0906,563.3224,700.3085,409.1371,226.0758,65.5409,73.0869,138.867,136.0652,23.3377,159.6403,535.5331,183.25,108.21,602.6133,24.5499,82.2259,360.56,489.0876,91.3892,77.45,28.2453,351.2093,86.9201,38.0864,43.7234,103.0806,43.9171,51.0316,136.1703,120.0478,78.3934,40.2564,38.4988,142.6513,111.7023,105.2357
2025-02-20,244.3272,114.17,222.88,223.8847,180.88,43.5758,343.12,1026.067,149.2701,486.4117,108.5093,43.7414,77.9837,8.7255,270.99,47.0875,183.4831,620.3342,376.8586,72.7156,87.6337,26.09,189.8024,102.8846,220.2718,153.7052,258.9416,27.0568,66.7365,451.3192,863.9753,416.2591,100.3324,558.15,691.4225,411.3017,222.1008,66.5658,73.5152,139.7447,139.1353,23.3467,160.3307,533.2599,182.7481,109.0277,600.1063,24.4657,82.5335,354.4,480.8378,91.3697,77.76,28.0229,346.5229,87.3354,38.5216,43.6213,102.5993,44.318,50.2493,135.2774,119.6661,78.0858,40.5324,38.494,143.4503,110.7395,106.8577
2025-02-21,244.0489,110.84,216.58,215.9065,177.15,43.1044,334.1674,1026.2654,147.5122,480.7116,106.6542,43.6151,77.499,8.6233,270.74,45.5143,178.6117,604.2429,367.9395,72.5789,88.151,24.87,187.2173,100.5501,213.9267,156.2272,256.457,27.927,67.9848,447.5086,864.5295,420.4857,100.6859,552.4325,680.188,403.4736,216.9223,67.9324,72.8203,134.0795,143.2412,23.7073,163.2264,522.1923,179.6974,107.4982,589.842,24.9054,83.531,337.8,446.3842,90.7165,75.35,28.1196,344.5851,86.4766,38.7663,42.8239,101.1947,43.3969,49.6235,132.314,116.4242,78.999,40.1993,38.5036,142.6806,107.8265,105.6078
2025-02-24,245.5894,108.11,212.71,205.3116,179.91,42.7678,333.0667,1026.8304,148.424,475.3843,109.1473,42.9448,77.4515,8.6883,272.21,45.7896,178.2041,604.7644,365.1892,72.67,88.3392,24.27,187.4408,99.522,212.3846,157.6133,253.6424,28.1333,67.2606,448.0264,872.1686,420.0564,100.9463,553.9089,664.8439,399.3124,214.6931,67.1922,76.4185,129.9403,143.5679,24.0228,163.5237,516.0283,179.1266,108.8834,587.158,25.0177,83.7733,330.53,441.6947,91.1649,75.97,28.139,345.9001,86.8163,39.274,42.7752,101.3911,43.4064,49.8386,131.7154,114.7587,79.2394,40.3801,38.3118,143.8401,107.4216,106.1612
2025-02-25,245.5298,103.96,212.8,199.9895,178.27,42.2676,336.4473,1046.7208,147.0421,478.3668,108.4897,42.974,78.1548,8.7534,268.62,45.9273,174.3964,593.9178,375.5695,72.8523,89.0353,22.99,187.6741,98.5236,211.5792,159.8754,249.8185,28.4652,68.1181,456.7812,892.3549,427.8704,101.7183,558.8931,654.2661,393.2832,213.8942,67.6477,77.7892,126.2998,145.9661,24.1039,165.5469,509.5267,178.9396,110.2301,584.2379,24.9335,85.2182,302.8,450.1741,91.7108,74.13,28.0326,348.1048,87.8827,39.6276,43.1059,99.8882,42.7812,49.8289,132.3925,113.2716,80.3641,40.8085,38.1199,145.0776,106.8587,104.6919
2025-02-26,238.8906,104.74,214.35,210.2585,173.04,42.2676,336.6635,1023.2313,145.8389,469.4684,109.7657,43.4014,78.2593,8.7998,269.03,47.648,171.7221,596.6803,372.8861,72.9525,89.2799,23.52,186.9938,98.8837,211.8443,156.978,251.1676,27.4694,67.4607,450.9773,905.4267,421.2299,101.9322,556.1583,670.3865,395.092,215.2258,67.3915,77.2657,130.9377,141.3842,23.8154,164.2524,510.7575,178.6542,108.7006,584.5329,24.8586,85.7215,290.8,443.6758,91.0285,73.85,28.0906,346.6613,87.5146,39.1471,43.0864,99.7114,42.5378,49.7213,132.4709,114.5059,78.826,40.6086,38.2782,144.035,106.4193,104.4343
2025-02-27,235.8493,99.51,208.74,195.3092,173.83,42.4407,334.1281,1013.0582,147.2771,471.46,109.2553,42.5563,77.3754,8.6326,264.93,46.8319,167.5168,587.2437,372.6855,72.8158,89.1764,23.09,186.3912,96.2587,208.6129,157.6037,251.4199,27.4963,67.5274,449.7364,895.6797,425.9622,101.5044,559.676,655.0025,387.9756,211.5367,65.8446,76.171,119.8367,141.8602,23.527,164.8949,496.5731,176.0956,110.1339,575.2026,25.1674,85.1156,281.95,448.4323,90.9602,75.28,28.2937,351.7135,87.8638,39.2287,42.7947,98.7488,42.7669,49.9951,132.0098,110.3371,78.8164,40.7894,37.4291,143.4503,104.8838,105.0926
2025-02-28,240.3616,99.86,212.28,196.9186,174.63,44.3453,338.0099,1039.7302,149.1102,471.6955,111.6993,41.9735,77.537,8.8742,263.27,48.3068,169.2864,604.0264,378.7303,73.0163,89.6655,23.73,188.8986,97.9971,210.8327,158.8454,256.8549,27.5502,67.8514,456.3513,910.9877,429.6927,101.9508,571.0612,664.9135,392.3838,215.4526,67.143,75.6094,124.5943,143.2133,23.8244,166.6879,504.4148,178.6838,111.4037,584.179,25.6445,86.1596,292.98,454.5573,92.1885,75.22,28.4194,358.6046,88.6093,39.0746,43.1594,100.1927,43.4303,51.0218,133.776,111.7944,79.8642,41.075,38.0,145.1165,106.6267,106.2184
2025-03-03,236.5749,98.23,205.02,185.0105,170.06,43.8259,326.3055,1037.9852,143.9118,457.0184,110.708,41.6043,78.3924,8.7255,266.74,46.5861,166.0355,587.4962,372.1317,72.8643,89.991,22.74,187.0424,95.5783,205.0671,161.0208,252.9436,28.0974,68.909,451.6613,919.9825,434.3734,102.2729,569.6839,651.8282,383.9824,211.4283,68.5305,75.0162,113.7626,145.5648,23.6622,168.3659,493.3768,176.253,111.0189,573.9442,25.9346,86.5617,284.65,446.9871,92.0423,73.32,28.1487,357.7247,89.0245,39.7727,42.2939,99.1908,41.9126,50.5916,131.8724,108.3939,80.2872,41.4272,38.0527,145.7499,104.6616,102.8123
2025-03-04,234.4877,100.75,203.8,185.1191,158.9,41.0459,321.1069,1028.0898,142.8871,449.7093,106.9978,41.954,78.3734,8.4746,269.06,44.4623,169.9227,564.084,364.4826,72.8552,89.708,21.33,183.3979,94.9624,202.7491,159.2304,242.8791,27.7924,66.8795,450.7819,901.518,431.3747,101.9368,550.0148,636.8522,384.101,207.0784,67.7937,73.9734,115.6876,143.8851,23.2115,166.0551,491.888,174.4422,107.7964,567.1505,24.5312,85.4957,272.04,454.2224,90.9797,73.31,27.8972,348.2432,87.9959,38.8661,41.7201,98.405,41.507,48.812,129.3015,108.3097,78.9221,40.9513,37.4339,144.3955,102.8151,102.6025
2025-03-05,234.2989,101.67,208.36,189.1675,163.16,40.6804,332.6442,1038.8774,141.7685,458.6569,107.2922,43.2071,80.2458,8.9671,269.62,47.6676,172.0104,575.6639,368.9422,72.8918,89.208,20.81,184.9723,96.368,204.7626,158.9417,244.1214,27.8014,66.7747,457.5238,919.9825,442.5238,101.6101,553.2153,653.2411,396.367,209.7218,67.4397,74.4422,116.9942,143.5958,23.3827,167.4263,498.3002,176.3022,107.4405,573.246,24.4938,84.8131,279.1,455.5335,91.3307,71.42,27.5588,348.6882,88.9773,38.8389,42.8093,99.6721,40.9008,49.0955,131.3425,109.8315,79.249,41.332,37.1701,145.8474,104.3802,100.5989
2025-03-06,233.8914,98.85,200.7,177.1902,158.43,39.8819,335.1206,1017.9266,143.7802,473.7067,103.4839,42.9351,79.4189,8.9299,268.25,46.4091,171.3443,551.0093,364.5303,72.6171,89.1608,20.75,183.1452,93.6859,201.6293,159.6251,239.2783,28.0615,67.1367,455.4817,903.2003,443.5618,101.2926,544.8124,624.8416,392.2849,201.6139,66.9899,74.3465,110.2817,144.2771,23.6532,167.4742,484.5923,173.4188,101.4571,563.0703,25.0083,84.5326,263.45,466.7692,90.736,71.13,27.5395,340.2646,86.6937,40.099,42.5856,97.8844,41.0249,48.2839,130.214,106.7829,79.3932,40.1993,36.3978,145.4479,101.7338,102.6788
2025-03-07,237.6085,100.31,199.25,192.5049,154.18,40.0756,344.2502,956.1442,146.9669,490.1693,103.5624,43.1488,80.2458,9.1994,268.39,46.764,172.8455,543.2441,359.8224,72.7362,89.0476,20.64,184.3309,94.0857,202.2874,160.4529,235.1438,29.2429,68.061,458.0319,860.4725,455.2395,101.1339,541.7903,622.5827,388.7464,201.5646,69.6883,75.1884,112.3962,145.3926,24.0949,168.7111,488.1558,174.0191,102.4287,566.2263,25.3732,84.2614,262.67,472.2818,91.4574,72.09,27.4524,341.4114,87.2127,41.7581,42.7023,98.513,41.7265,48.0297,131.735,108.3295,79.6527,40.4277,37.0742,145.4576,101.5462,104.0145
2025-03-10,226.0894,96.63,194.54,182.1273,148.15,38.5558,339.248,926.4973,148.1232,479.5343,101.1772,42.1192,78.3544,9.2552,266.04,47.3948,165.0921,516.0562,357.7693,72.4615,89.6702,19.93,181.6292,90.368,197.1995,161.4251,225.3801,29.2792,68.08,451.4756,821.0696,460.545,101.4793,532.2281,595.0488,375.7491,193.4467,72.8746,73.0932,106.7011,147.0966,24.0137,169.0084,469.2367,170.1319,97.2822,551.1445,25.5229,85.1404,222.15,461.5555,90.8043,70.89,27.4718,337.6149,86.3728,42.148,41.8125,96.0573,42.0367,46.9541,129.6743,103.7245,79.4797,40.0374,37.4819,143.8888,97.9222,106.6669
2025-03-11,219.49,96.76,196.59,187.6962,154.06,38.3428,333.902,922.6105,144.8424,466.5055,96.0928,42.4689,78.0883,9.0043,269.16,47.592,163.2706,515.833,351.5717,72.2052,89.3495,19.78,179.4716,90.1445,197.1799,159.654,222.3909,28.2614,67.6894,443.6686,815.4292,450.655,100.8164,521.0113,602.7309,376.0357,194.0977,70.8365,70.9597,108.4764,143.4062,23.4278,165.9975,468.115,168.0357,95.7912,546.5629,24.3347,84.5326,230.58,467.1494,89.537,71.45,27.3171,328.3806,85.3631,39.3738,41.4916,94.6428,41.7026,46.5532,127.6824,103.3031,78.3165,39.6186,37.1317,142.32,96.9643,104.1481
2025-03-12,215.6536,100.79,198.89,191.7841,158.8,38.6332,332.2904,919.2294,143.517,462.4537,96.937,42.702,78.649,8.9114,270.33,47.2174,166.3262,519.9874,348.2963,72.2876,89.0854,20.68,178.7914,91.3713,197.5237,156.7566,221.1874,27.5345,66.6413,440.8351,813.2523,443.5618,100.5177,519.8619,616.5126,378.823,197.1555,69.7744,70.3953,115.4489,139.4899,23.1754,161.443,473.3957,168.39,94.9351,549.4633,24.0634,84.0276,248.09,462.4109,88.8449,72.8,27.3847,329.0727,85.0989,38.6122,41.2971,95.1143,41.8935,46.6217,127.6726,104.929,76.615,39.4758,37.0166,140.8974,97.5272,104.1195
2025-03-13,208.3982,98.11,193.89,188.9503,159.32,38.4009,327.5536,883.0782,144.4006,458.2546,95.0819,42.5272,78.1263,8.8556,275.13,46.4387,161.9966,509.4073,333.7083,71.8847,89.4438,23.7,177.6737,89.4218,194.577,156.8914,218.5572,27.4345,66.3363,444.3545,793.254,449.7419,100.8351,515.0956,587.735,374.3751,194.0583,69.5926,69.496,115.2892,139.65,23.0763,161.6539,464.8791,165.4869,92.3859,542.1386,24.4096,84.7664,240.68,462.805,88.6597,71.62,27.4814,324.8312,83.4192,39.6276,41.2679,93.1596,41.6072,46.3674,126.3675,102.9363,76.2594,38.7048,37.1078,140.1471,95.0931,103.6806
2025-03-14,212.1849,100.97,197.95,193.0776,161.81,39.5819,333.7743,896.2655,147.6062,468.4677,96.8192,43.3043,79.5614,9.0414,275.24,47.6511,164.7138,525.5201,337.61,72.2143,89.1325,24.05,180.8905,91.6892,199.2818,156.7181,225.5936,27.4709,66.3843,446.5505,804.96,448.0503,100.7884,522.8345,605.1494,384.0516,199.2367,70.3772,68.5584,121.3639,139.8853,23.1844,161.0594,476.1154,168.6557,94.3771,553.337,24.868,84.3175,249.98,469.6579,89.6735,72.28,27.4524,328.0444,85.0894,39.5007,41.8076,94.8688,42.8385,47.443,128.6735,106.0493,76.4324,39.4568,37.8321,141.219,97.1174,106.7623
2025-03-17,212.6918,104.59,195.74,192.0507,161.85,40.1143,336.7225,908.8481,149.2042,473.226,97.5259,44.0425,80.4549,9.218,276.73,48.3017,163.5195,535.1587,340.32,72.3883,89.208,25.69,183.291,91.9748,201.7963,156.747,227.0398,27.8616,67.3058,451.266,816.1219,449.4343,100.9938,527.1449,602.4604,384.19,201.5744,68.9993,70.5101,119.2293,142.4742,23.4819,162.7758,479.2024,170.3484,95.3102,557.6039,25.1019,84.7383,238.01,479.6248,90.9017,72.71,27.3461,330.7633,86.5427,39.5732,42.3328,95.5465,43.521,48.0004,130.4495,106.7879,77.5475,40.1517,37.9904,143.0119,97.2704,108.5369
2025-03-18,211.3898,103.51,192.82,186.2941,161.57,40.3176,330.8949,890.4453,151.1689,472.0683,97.5161,43.8191,80.4454,9.2459,279.96,47.9764,159.9164,535.5858,335.9378,72.2601,89.3117,25.92,182.6391,90.3603,200.044,158.1042,228.0491,27.6163,66.5955,451.6581,813.8954,451.0394,101.2366,525.3613,580.0112,379.0701,198.1399,67.6502,70.137,115.1396,140.2619,23.7163,160.8101,471.0333,168.6233,94.5407,551.5771,24.8961,84.8224,225.31,484.219,90.4273,72.21,27.3267,330.9808,86.0897,40.099,42.2598,94.2106,43.5926,47.9417,129.4094,105.162,76.6631,39.9042,37.7265,143.08,95.5374,108.4224
2025-03-19,213.9242,106.23,195.54,193.1072,172.62,40.8596,332.7719,896.3944,154.2147,470.3416,98.4387,43.9259,80.683,9.4503,281.11,49.0805,163.1213,540.9826,339.6377,72.7362,89.5853,24.12,183.9469,91.7475,203.1548,156.8914,232.0672,27.1619,66.4995,450.717,828.2435,452.26,101.8341,531.2076,581.7044,383.3202,201.9176,67.4588,69.8308,117.2244,139.4335,23.6261,161.6347,477.3363,170.2212,95.416,557.5843,25.1112,85.2619,235.86,483.6424,90.8382,72.42,27.3944,336.0231,86.1935,39.8361,42.4008,95.3304,44.3037,48.4697,131.1266,106.5301,76.6631,39.9518,37.8657,143.158,97.3692,110.1111
2025-03-20,212.7912,107.14,194.95,188.7099,172.83,41.121,330.4428,887.8178,154.8915,467.9968,97.0351,43.518,80.0081,9.3016,280.75,48.7355,162.0364,546.1658,341.6558,72.6354,89.7174,23.96,183.4784,91.5387,201.8652,156.9203,231.9701,26.9983,66.9123,448.7563,833.7454,448.5981,101.6847,531.4948,583.6365,382.3515,201.6308,68.0807,68.7497,118.2318,138.5297,23.6081,160.6567,475.7183,169.58,95.5026,555.9718,25.0645,85.3181,236.26,491.4276,90.5251,73.73,27.4718,335.6573,86.1369,39.6639,42.1334,95.1242,44.466,48.5382,130.4692,105.7717,76.2882,39.9042,38.0191,143.2457,97.1371,110.5786
2025-03-21,216.9357,106.44,196.21,189.8191,178.11,41.1113,329.981,901.5604,154.8727,463.4936,97.6241,43.3043,79.5139,9.2923,278.49,49.0903,163.2209,548.5536,337.4562,72.5256,89.6419,24.26,182.6586,91.9613,200.615,157.5074,234.513,26.8257,65.914,449.3249,828.7977,422.6092,101.5447,530.8112,593.8452,386.7202,202.4615,67.8224,64.9994,117.4039,136.9293,23.6892,159.8321,477.2867,169.2545,93.3767,556.1553,25.2797,84.8131,248.71,496.7618,90.4077,73.79,27.5588,331.8607,85.1838,39.8815,41.7152,95.8707,44.1557,48.3622,129.7725,106.0592,76.2594,39.5139,37.7745,142.8462,97.4877,110.197
2025-03-24,219.3806,113.85,203.26,189.4131,180.9,41.6921,335.7693,918.1982,155.1265,470.8811,98.3308,43.4985,79.5044,9.5246,277.25,50.7267,166.8936,563.0745,349.5841,72.7362,89.1231,24.22,185.1962,93.9627,205.606,157.1801,240.7536,26.4622,66.1828,450.07,855.8415,418.0726,101.1059,538.7186,616.3539,388.5191,208.128,67.0473,64.4732,121.1046,137.8707,23.563,158.8349,487.7604,172.184,92.0781,566.1152,25.2235,83.9435,278.39,496.4254,91.0142,74.88,27.6071,339.9779,86.4955,39.4916,42.2805,97.2283,44.6588,49.215,132.179,108.0678,76.7309,40.0638,37.7624,143.9369,101.1424,110.4832
2025-03-25,222.3822,114.81,205.71,186.4518,182.59,41.8954,336.7029,922.3825,155.9914,469.8706,99.7344,43.3723,79.9416,9.5618,278.47,51.8406,169.7601,568.7432,346.9125,72.6995,89.274,24.2,184.796,94.5369,204.4641,154.9951,243.7332,26.444,66.0484,448.4622,843.4229,424.887,101.2086,540.1949,623.784,390.575,208.7115,65.6312,63.66,120.3864,137.014,23.0312,156.1501,490.5439,172.4503,92.232,567.476,25.551,83.9341,288.14,493.4748,90.8284,74.82,27.5781,340.7194,85.525,39.4282,42.2707,98.4598,44.8416,49.4897,132.3759,108.4253,76.0351,39.5848,37.1586,142.0979,101.9494,111.2369
2025-03-26,220.1757,110.19,201.13,177.5481,178.55,41.4501,335.2189,921.8769,157.8997,474.4719,98.9197,43.11,78.9056,9.5711,278.24,50.2239,164.2859,557.0759,348.008,72.4066,89.0665,23.42,184.7472,92.4934,202.387,155.6689,243.6361,26.9801,67.2098,452.364,818.101,427.8666,100.7978,544.0693,608.5158,385.4453,204.7162,66.722,62.8946,113.4738,139.9324,22.7247,159.7266,481.5175,170.9905,94.2425,560.7014,25.8691,83.3824,272.06,498.0594,91.1121,75.42,27.7038,340.2843,85.8587,40.0537,42.3489,97.6224,45.1061,49.3425,131.4999,106.0071,77.2141,39.786,37.4049,141.5795,100.6176,112.8398
2025-03-27,222.4816,106.65,201.36,170.338,179.11,41.1984,333.4402,930.8007,156.6588,470.6457,98.5958,43.3237,79.0767,9.1994,281.97,46.5274,161.4791,542.5161,348.5846,72.2692,88.991,23.62,184.2983,92.0036,201.4222,157.0261,240.8118,27.3255,67.9009,455.5992,813.0642,425.0889,100.6764,552.4919,600.1497,386.0481,202.5505,67.0091,62.952,111.1497,140.9021,22.5444,161.769,478.7738,170.7045,95.089,559.2123,26.3837,83.1393,273.13,495.6758,91.4349,75.48,27.6168,345.9001,85.6394,40.7609,42.3294,97.1889,44.6685,49.2444,130.801,105.0288,78.0935,39.6902,37.3953,141.8045,100.682,112.4772
2025-03-28,216.5679,103.22,192.72,167.4956,173.31,39.9303,323.9961,921.7877,156.1324,456.5083,96.2597,42.5174,78.3734,9.0322,284.06,46.0148,153.6062,527.1799,344.1832,72.1411,89.708,22.71,181.7997,89.6344,197.327,157.5844,235.697,27.4799,67.5458,450.0896,813.8954,424.3296,101.2833,535.6864,574.4139,374.4048,198.6344,67.4109,60.5507,109.3941,140.5255,22.7247,161.117,466.1688,167.2917,94.0116,547.9507,26.3649,84.2894,263.55,495.9833,90.7208,74.77,27.5685,338.9694,85.525,40.7337,41.5525,94.322,44.4568,48.2925,128.1041,102.4814,77.707,39.671,37.6706,141.3643,97.553,112.3246
2025-03-31,220.7721,102.74,190.26,165.8219,170.55,40.395,324.1042,937.7711,157.2604,462.0806,96.8781,42.4494,77.6796,9.3202,288.14,46.3598,153.9147,530.2568,352.198,72.2235,89.9721,22.71,183.6443,89.7711,196.382,159.6347,238.0749,27.6526,68.7456,456.4913,817.2598,429.3466,101.4793,543.1281,574.0354,371.0344,199.8903,67.832,60.7324,108.1074,141.1562,22.8419,163.4086,466.1489,168.5542,94.3579,551.629,26.4585,85.1217,259.16,503.3937,91.6207,77.33,27.5975,346.4933,86.3163,41.1235,42.0069,95.0214,44.9474,48.8813,129.0096,102.5311,78.9246,40.0925,38.0909,142.8217,97.761,113.4695
2025-04-01,221.8256,102.78,192.17,166.9014,168.17,40.1627,324.8609,946.3181,158.4073,471.0397,95.8769,42.5854,77.7936,9.2366,287.57,46.5865,156.3333,532.3535,351.2658,72.3909,90.2882,22.05,183.3906,90.4647,196.4017,147.5158,236.4832,27.5708,68.9856,457.9128,796.7964,431.2017,101.842,543.5145,583.6365,377.7555,201.2847,67.8607,61.957,109.8729,140.9021,22.1208,163.5429,469.9066,168.9488,94.4926,553.187,26.6456,85.8593,268.46,502.7882,91.5523,77.08,27.6265,342.4298,86.3544,41.1416,42.1632,95.0806,45.212,48.8224,129.738,103.2809,79.0406,40.1213,38.1875,140.2101,98.7809,113.5744
2025-04-02,222.5213,102.96,196.01,170.4371,168.56,40.5111,328.8803,956.9077,156.4896,463.6066,96.0732,42.6437,77.9742,9.4317,288.16,47.2963,156.3034,546.5734,356.4264,72.5381,90.2031,21.98,184.5911,91.2056,199.5026,149.5469,238.5796,27.38,68.4673,460.5107,809.6504,435.2672,102.0764,542.3947,581.5749,377.7061,203.8163,67.4397,62.1484,110.1422,140.3843,22.265,162.5265,473.3362,169.9055,95.6277,556.6878,26.3275,85.803,282.76,502.865,91.7381,77.74,27.5105,342.41,86.8787,40.5614,42.5101,95.4155,45.2745,49.2248,130.9585,104.0456,78.8087,40.3129,38.3663,141.1491,100.6572,113.2214
2025-04-03,201.9479,93.8,178.41,152.5307,150.91,36.0293,300.4794,958.8907,146.7601,440.5198,87.2001,41.7403,76.3394,8.8649,286.42,45.2459,150.0131,496.2258,342.0305,71.6366,91.1306,22.43,177.0466,86.1314,186.6953,153.84,221.9541,27.9979,70.243,458.0402,780.8255,437.103,102.067,525.7181,529.4759,368.7808,192.8294,69.028,53.1744,101.5439,142.5025,21.8954,165.2976,447.9968,162.3601,84.9019,529.2538,26.7579,86.1972,267.28,519.4349,90.6621,72.25,27.027,335.5486,83.9138,41.3592,40.5901,91.1595,41.7201,46.8008,123.8717,96.9447,79.2629,39.1058,38.1247,140.0046,94.5775,107.2679
2025-04-04,187.2284,85.76,171.0,144.8849,136.59,33.2898,283.1047,908.7192,134.6899,423.2022,81.9881,39.4187,71.3021,8.9021,279.72,43.5504,144.9171,456.9921,340.0989,70.6154,91.3861,19.85,166.3008,80.9653,178.3671,147.5062,205.3434,26.9711,67.1234,429.3551,730.4784,415.3526,101.9545,485.3095,502.6944,355.6648,179.1527,64.0237,54.7721,94.0728,138.0213,20.7055,157.013,420.1722,153.3647,78.9763,498.2697,24.9241,87.1356,239.43,504.6432,85.3014,67.92,27.3267,309.5858,80.272,39.0111,38.0495,85.938,37.8819,43.3759,116.086,90.5589,75.8225,37.3239,36.004,132.3261,90.498,99.5494
2025-04-07,180.3507,83.64,175.26,152.6595,138.86,34.4417,275.2232,900.4399,131.7476,416.7931,81.7624,37.9519,69.5818,8.5861,273.71,42.9097,146.0617,451.8477,328.1921,70.0082,90.2977,19.57,165.1101,81.0548,176.7526,144.9842,209.4058,25.926,65.6261,417.4929,716.15,414.0743,99.9676,481.0981,514.1679,353.7078,180.6855,62.2535,53.2031,97.3944,134.8017,20.3991,153.6379,421.1862,152.477,76.9562,497.3822,25.1019,84.5079,233.29,504.3067,84.3329,65.98,27.4428,308.785,78.1651,38.6031,37.4388,86.0562,37.6366,43.268,115.5447,91.1001,74.9431,36.4234,35.4533,131.5337,89.4286,98.2137
2025-04-08,171.366,78.21,170.66,154.5313,139.39,33.9093,269.209,901.0547,128.7206,406.5935,80.2115,37.4177,69.3442,8.075,275.2,41.8746,144.0213,448.6543,322.1666,69.6862,89.8434,18.13,162.8165,79.6601,172.0963,144.3874,211.7787,25.1627,65.674,405.209,718.6337,426.1268,98.7023,475.5491,508.3913,350.4461,178.8362,61.3444,50.9643,96.0578,132.081,19.6869,151.8736,413.6013,150.3367,76.658,489.5918,24.6902,82.9126,221.86,531.5837,83.5602,63.34,27.3171,304.7808,76.0678,38.2314,36.2858,84.8543,36.766,43.1011,114.5899,89.2479,73.7835,35.5228,35.3084,130.0763,87.3046,96.1433
2025-04-09,197.6344,96.84,191.1,183.3717,160.82,35.9615,295.8114,957.0167,137.275,445.5802,89.7521,40.0113,74.6952,8.8277,285.38,45.0882,157.9656,501.7003,341.5309,71.5537,89.5595,21.53,174.4407,88.9183,186.7248,145.3211,228.8386,26.444,67.1426,437.2078,745.816,444.273,100.3518,511.5457,583.4075,385.9591,197.5762,64.6647,56.7525,114.0424,137.0611,20.2729,155.6419,463.2461,163.3858,85.3059,541.0084,24.7651,83.4006,272.2,556.0157,87.9035,67.58,27.3557,328.6674,80.6057,38.8842,39.4566,92.3516,39.6134,46.3494,124.7674,101.2301,76.644,37.5634,36.6997,135.7301,96.8104,100.9423
2025-04-10,189.2559,88.7,181.22,170.6451,155.52,34.7031,284.1661,956.1442,126.8875,437.3103,83.6567,39.3216,73.222,8.4932,292.35,43.1068,152.1033,475.4248,339.8298,70.3854,89.0011,19.88,169.2873,85.4875,178.879,143.1264,221.7783,26.2077,67.9201,423.3946,713.3596,445.6763,98.646,495.577,544.0867,376.9252,191.1186,63.8419,52.0454,107.2994,135.696,19.4616,156.8309,443.5432,158.5035,81.3812,517.3019,24.9523,81.1013,252.4,571.2978,86.6905,65.32,26.7852,320.9358,78.7657,39.5364,38.1961,89.1596,37.0257,45.054,121.5488,96.5177,76.6826,36.7682,36.4243,131.9446,93.0279,95.3419
2025-04-11,196.9387,93.4,184.87,180.1925,156.84,34.7999,288.382,955.2517,127.4986,452.0189,83.323,40.5552,75.0564,8.6698,297.93,43.0083,156.403,479.9286,340.0605,70.597,88.4995,19.74,171.8933,87.019,181.4877,146.0527,230.6549,26.653,68.5632,433.1491,724.7391,456.4409,98.6273,505.9086,541.3777,383.9428,193.8876,62.9711,52.0359,110.6509,135.969,19.75,160.043,451.7147,161.2159,82.1796,526.532,25.3305,81.5424,252.31,576.1707,88.0209,66.46,26.5435,329.6263,79.7286,40.2825,39.3296,89.9182,37.9444,45.7998,123.6945,98.494,77.649,37.2856,36.8687,133.8813,93.9289,98.4045
2025-04-14,201.282,94.5,182.12,176.6469,159.28,35.4969,292.9713,971.027,127.2072,460.4266,83.0973,40.9244,75.8642,9.0229,296.23,44.4967,158.324,489.1886,343.2703,70.9466,89.2093,20.31,173.9917,87.5634,183.6239,148.5843,229.2097,27.0801,69.5423,437.2666,746.4493,456.8638,99.2365,508.5982,529.3364,383.3103,195.6083,64.77,53.0117,110.4315,138.1531,19.9393,162.1717,454.7765,162.5968,82.2373,531.6402,25.7182,82.1243,252.35,564.243,89.1263,66.66,26.4564,331.3862,81.3779,40.8076,39.8035,90.5191,38.0791,46.2709,124.9839,99.3928,78.973,38.1095,37.5306,135.5149,94.2013,98.643
2025-04-15,200.9043,95.29,179.59,177.2312,155.52,36.7746,288.3623,968.6474,126.4739,454.1159,83.4408,40.8855,76.5485,8.7813,297.78,43.9053,155.5769,492.9838,340.3008,71.1398,89.4743,19.85,173.5037,87.5634,183.8503,147.872,227.657,26.7348,68.976,442.1095,749.2496,451.3277,99.7707,513.4811,519.4166,381.2544,196.6961,64.7413,52.4568,111.9177,134.4722,20.2278,161.5388,455.2835,162.1924,80.525,530.1511,26.0018,82.4152,254.11,560.9079,88.8719,66.48,26.6015,332.0091,81.6258,40.9734,39.4908,90.7457,38.0213,46.3887,124.3638,99.7553,78.3061,38.1669,37.5257,134.6834,93.523,98.3663
2025-04-16,193.0824,88.29,174.33,172.9329,156.47,36.1358,285.1292,959.5549,127.2447,445.4128,81.2421,40.4095,76.2539,8.7348,307.47,43.5898,152.6109,484.4033,332.4974,71.1306,89.8624,19.23,171.581,84.9405,182.0882,148.1511,224.2196,26.1805,68.8032,439.188,727.203,458.5362,100.1925,509.5609,500.2841,367.2982,192.5426,62.8084,51.2322,104.2271,131.8833,19.8672,159.5444,441.5551,158.8093,77.6873,518.3669,25.548,82.875,241.55,562.3015,87.8741,67.75,26.3791,327.5798,81.5686,40.172,39.183,88.3025,38.334,45.6625,122.6611,96.2893,77.4654,38.1478,37.1876,133.314,91.2159,99.4063
2025-04-17,195.7758,87.5,172.61,169.3477,161.9,36.2132,289.1682,986.0786,129.6043,445.0683,83.2445,40.7204,77.0808,8.9485,306.12,43.9349,150.451,494.5369,341.2137,71.5445,89.6068,18.93,172.0885,84.9306,183.5747,151.5779,226.5145,26.7711,70.0702,443.2369,831.1628,446.0415,100.0519,513.4315,499.4575,363.5127,193.1854,63.4495,53.3466,101.2347,134.4722,19.9574,163.61,441.4755,159.2235,78.3991,519.1065,25.6709,82.143,241.37,436.4603,88.0796,69.48,26.3984,325.8792,82.7889,40.5681,39.4517,88.8739,39.1997,45.7802,123.3304,95.7679,79.1179,38.7513,37.5692,132.5315,91.7902,102.0109
2025-04-21,191.9792,85.56,167.32,164.6136,159.34,35.7389,281.1697,949.6596,125.7125,434.721,82.4494,40.7107,76.6626,8.7998,315.59,43.7574,146.9774,486.6455,333.3719,71.1214,89.1241,18.84,168.7505,82.6732,179.893,151.0485,223.6142,27.2073,69.8495,435.1294,809.4524,440.515,98.9741,505.4819,482.7053,354.9531,187.8354,61.8898,53.691,96.6662,133.4272,19.8672,159.9214,430.5505,155.7023,77.6103,506.7504,24.8956,80.7072,227.5,408.7989,86.2796,68.62,26.147,316.4769,81.0633,39.5456,38.8508,86.8739,38.1753,44.7989,120.5645,93.295,78.3641,37.9466,36.6803,129.6752,89.3394,100.513
2025-04-22,198.519,86.26,173.18,167.9512,162.52,37.0941,287.5191,970.9377,129.0684,447.6181,84.5008,41.3226,78.2498,8.9671,311.11,44.5165,150.7596,504.7288,340.6083,71.3973,89.1904,19.51,172.7717,84.8511,184.5493,151.8474,230.0593,27.4436,70.9341,445.678,818.8727,444.1193,99.2177,523.3561,498.2623,362.5639,193.6008,63.7653,54.5903,98.6412,135.0559,20.3089,161.9765,441.8533,159.5589,78.6396,519.9349,25.4912,81.1576,237.97,410.577,88.0698,69.37,26.2921,327.649,82.6364,39.7851,39.7595,89.1399,39.1468,46.2807,122.6709,95.5692,79.4755,38.7226,37.6803,132.1109,92.1664,103.3276
2025-04-23,203.3493,90.39,180.6,175.2108,172.37,37.5103,292.0615,967.5766,128.4856,449.3705,85.6787,41.7986,78.5635,9.0879,303.65,45.1868,154.6214,513.7752,342.5207,71.7561,89.285,20.59,174.2064,86.8922,187.2859,149.5661,235.2251,27.3436,70.3582,439.4037,820.733,445.5321,99.6583,526.016,518.1717,370.046,198.1102,64.3681,54.906,102.4516,133.9262,20.1827,159.9021,451.8737,161.4329,79.6593,527.9915,25.7087,81.946,250.74,411.3267,88.4024,68.05,26.5338,330.5854,82.7889,39.3337,39.8084,90.5684,39.0747,46.8303,124.2064,98.3401,79.0213,38.7705,37.8397,132.7662,94.226,102.4403
2025-04-24,207.0962,94.47,186.54,186.3428,176.26,38.3138,303.0124,967.2195,130.7323,457.3156,88.3485,42.2843,79.609,9.3481,308.07,46.2119,158.533,529.3638,345.6151,72.4001,89.7677,21.49,176.4707,89.3435,191.0366,149.1329,238.8968,26.9347,69.6095,440.6978,850.7256,448.6654,100.6799,531.4249,530.9998,382.8062,202.5505,63.4878,55.9488,106.1623,127.3833,20.5343,153.9202,464.5882,164.5399,80.6693,539.1052,26.0302,82.8093,259.51,407.7609,88.9306,68.46,26.4178,331.9102,83.0939,39.4351,40.6682,92.3811,39.6999,47.3504,126.9919,102.0097,78.3255,38.8854,37.8977,134.39,96.1024,103.6424
2025-04-25,208.0006,96.65,188.99,190.4629,177.95,38.4203,302.6076,968.8853,130.4127,452.1863,88.6135,42.2066,79.9511,9.3295,304.73,46.4387,161.2004,528.8688,343.6354,72.4645,90.1084,20.05,176.0999,90.6885,191.0956,148.7961,237.8324,26.7984,69.024,439.59,875.2758,459.0745,101.2141,529.4598,545.0628,387.3034,204.4986,63.239,55.1261,110.7307,125.5664,20.6605,155.3578,469.7674,165.4374,80.6212,543.0004,25.3494,83.4193,284.95,402.369,88.8328,69.03,26.4855,331.3763,82.951,38.606,40.3653,92.9624,39.6278,47.1247,126.982,103.5193,78.1225,38.8279,37.7818,135.0356,97.8303,103.5852
2025-04-28,208.8554,96.39,187.7,190.6214,182.3,38.5074,303.2099,970.2537,131.7006,453.0723,88.4957,42.2843,80.4834,9.3109,309.07,46.5668,159.8567,530.3636,343.0012,72.5013,90.4681,20.51,176.705,90.6139,191.9029,149.5372,237.5101,26.1805,68.9088,439.1978,868.1016,457.7769,101.4484,530.4622,547.5228,386.6214,205.4579,63.3347,54.8295,108.4565,125.9241,20.7777,156.1586,469.6183,165.5854,80.7078,543.2074,25.7749,83.9449,285.88,403.6761,89.1654,67.76,26.3211,333.6898,83.4658,39.0482,40.4386,93.3171,39.9068,47.2719,127.4053,103.3504,77.8616,39.0675,38.0136,135.5736,97.8649,103.6424
2025-04-29,209.9189,96.06,187.39,189.3338,182.0,38.7107,303.5456,983.3022,130.9485,453.5055,89.4871,42.4009,80.6449,9.4317,306.06,46.2711,159.4088,532.8097,345.0001,72.6945,90.7804,20.34,177.7005,91.1708,193.0349,150.0763,238.8773,26.235,69.4463,441.7271,875.9288,457.3828,101.6827,535.6131,552.2039,389.468,206.9907,64.349,55.0495,108.7458,126.4419,21.4447,156.5541,472.7198,166.5816,81.6216,546.6294,25.8127,84.6487,292.03,393.3247,89.8599,65.85,26.4081,337.6545,83.9138,39.564,40.7757,93.9969,39.7913,47.7626,128.2321,103.8321,78.5091,39.3836,38.3083,136.2387,98.5581,103.3848
2025-04-30,211.201,97.35,184.42,190.6214,183.24,38.6042,305.3922,986.0786,127.9028,456.3802,89.2711,42.5077,80.5499,9.3016,303.77,44.5953,158.0552,531.4799,346.432,72.3081,90.9223,20.1,177.8957,91.1882,191.8241,150.4613,238.8773,26.444,69.6383,444.3251,889.5349,459.1802,101.2047,543.9299,546.7859,390.6739,207.3072,63.9949,53.9589,108.646,127.6375,22.0036,156.8533,472.6602,167.055,77.0043,546.8463,26.1909,83.9636,282.16,395.4488,90.5251,63.56,26.5048,341.5894,84.2094,40.5865,40.9858,94.0264,38.7188,47.8509,129.1573,104.2641,79.0792,39.5656,38.1151,137.4027,97.6619,100.7802
2025-05-01,212.016,96.65,190.2,195.4347,182.89,38.8849,310.0233,990.5801,128.0908,472.5854,89.1337,42.498,80.2933,9.4596,297.46,44.408,160.5435,537.5756,344.3274,72.4015,90.5264,19.98,177.7395,92.3889,193.0153,148.6805,241.094,25.8988,68.4289,439.2469,785.783,459.1513,100.849,542.5107,569.9023,420.4641,209.1763,63.2008,54.3033,111.3292,125.7264,21.5709,154.3543,478.8334,167.0945,78.8897,550.7216,26.1342,83.5379,280.52,385.107,89.9088,64.52,26.6595,338.5739,84.4858,39.8864,40.805,94.5092,38.8631,47.8411,130.1317,105.7935,78.3931,39.6806,38.2262,133.6564,98.2016,100.9233
2025-05-02,204.0947,98.8,189.98,201.6841,185.46,39.7561,319.6215,1001.0641,130.1965,474.2098,90.7827,43.7122,81.833,9.5525,297.98,44.6545,163.2607,549.4854,350.3048,72.6234,89.9187,20.62,180.4626,93.7091,197.3566,150.2784,246.582,26.026,68.7744,446.0113,814.9939,454.4225,100.6044,555.1746,594.6122,430.2295,213.9824,64.1959,56.0541,114.212,125.9147,21.8143,154.8753,485.9412,169.9252,81.4677,558.8967,26.1058,82.6336,287.21,384.3765,90.8088,64.01,26.6208,343.6656,85.525,40.2917,41.4939,95.9771,39.4306,48.8322,132.4645,107.5613,78.8183,40.1692,38.5257,135.5051,99.7265,101.3335
2025-05-05,197.6741,100.59,186.35,198.7921,186.46,39.8045,319.0586,1007.607,127.3764,473.8849,90.4097,44.0425,81.9756,9.4503,306.88,44.7333,163.4398,543.1375,347.6236,72.5957,89.7573,20.27,179.7013,93.1597,195.8406,149.2003,246.6309,25.9805,68.8224,443.5996,812.8565,453.2308,100.4632,556.8915,596.8531,431.1092,213.6461,63.2486,54.8678,113.5337,124.2578,21.5168,153.2448,483.0583,169.3532,78.553,555.6918,26.0113,82.1721,280.26,389.0764,90.7306,62.37,26.5725,344.6939,85.3343,40.1075,41.1861,96.2037,38.7188,48.5182,132.5334,106.9903,78.7507,40.1213,38.4291,135.1236,98.667,98.5285
2025-05-06,197.2965,98.62,185.01,198.1682,185.96,39.5335,316.8665,1003.2484,127.4704,467.9384,90.4686,43.8677,81.871,9.7012,315.48,44.8122,162.4644,533.2368,345.3652,72.5402,89.9852,19.94,178.5301,92.292,193.7044,148.6902,243.3985,25.8079,68.8416,438.2665,767.0018,450.011,100.6608,554.7775,584.9413,428.2823,211.698,63.6696,54.5712,113.2544,123.081,20.6244,153.65,478.5651,167.706,79.6304,551.0472,26.6259,82.4453,275.35,379.1768,90.3393,64.6,26.4081,343.7645,84.6765,40.6694,40.8881,96.184,38.7284,48.2434,131.3719,106.1014,78.6154,39.8434,38.8977,131.3968,97.8055,99.9024
2025-05-07,195.0503,100.36,188.71,202.8428,185.56,39.6206,316.274,999.9225,127.649,465.0834,100.2055,43.3625,81.5954,9.5525,310.75,44.822,150.67,535.7216,348.6039,72.6049,90.2225,20.31,179.4768,92.6053,194.3442,151.4143,243.5353,25.6534,69.4943,440.8253,768.585,453.0001,100.8678,562.0623,594.403,428.3219,213.2902,64.4542,56.0828,116.7655,124.1919,20.5433,153.6886,480.4439,168.6332,79.5631,553.3646,26.5691,82.7938,276.22,375.8609,90.799,63.51,26.6015,345.8902,84.7718,40.4299,40.6633,96.0066,38.7428,48.528,132.0412,107.1641,78.741,39.8147,39.0088,132.4043,98.568,99.807
2025-05-08,196.2827,101.7,192.08,205.7744,191.7,40.2692,320.1844,1000.4785,128.824,482.4009,103.1796,43.3334,81.3103,9.5525,304.63,46.6752,153.5564,549.0971,350.6315,72.5864,89.5199,21.0,180.648,93.3436,198.0457,149.8356,247.5195,25.8897,68.3137,444.3251,743.5797,456.0853,100.3597,562.8463,595.5981,433.0859,215.2284,65.3728,56.3602,117.0747,123.7306,20.7055,153.0711,485.4044,169.1263,79.0629,557.2203,25.9735,81.8707,284.82,370.565,90.3882,65.6,26.8239,347.2941,84.4382,40.172,41.2057,96.2332,39.2526,48.9304,133.8622,108.187,78.6444,39.6231,38.6948,131.211,99.7314,101.2
2025-05-09,197.3163,102.84,193.06,206.2003,194.85,40.4531,321.5372,1000.8558,130.1871,484.9705,103.9844,43.6248,81.7094,9.6919,306.84,46.8231,152.0336,550.4561,348.5654,72.6327,89.5864,21.42,180.609,93.1671,197.6814,148.4495,247.1387,25.508,67.6898,443.7663,726.8765,455.1146,100.3221,564.3548,590.1004,433.6395,214.8032,67.277,55.7766,116.3566,122.7986,20.4667,152.1159,485.0863,168.5838,77.2448,556.5103,26.3233,81.9932,298.26,365.8459,90.124,66.61,26.7465,348.5497,85.0006,40.172,41.3131,95.7406,39.647,48.9304,133.9704,108.0529,78.1902,39.8626,38.7624,129.7828,100.2117,102.383
2025-05-12,209.7761,108.12,208.64,219.4518,198.53,41.9728,338.2549,1008.858,133.1294,487.9438,108.4504,44.5671,82.1276,9.9465,298.19,48.903,157.7168,573.9847,361.9041,73.3539,89.0167,22.18,184.4154,97.1424,204.6314,148.3725,253.945,25.5807,66.7395,445.4917,747.6566,454.7686,100.3032,573.9122,636.8511,444.0472,220.7763,66.6837,59.8714,122.6906,123.966,21.2108,155.242,504.8488,173.9297,82.4104,574.9015,25.5385,81.2302,318.38,364.0293,90.8186,67.6,27.1237,351.8222,85.4201,39.6101,42.2707,97.7307,40.6811,49.9215,138.0946,113.0682,78.3061,39.9009,38.5305,132.9912,105.1923,104.1481
2025-05-13,211.9058,112.46,211.37,230.1876,203.42,42.8634,348.1197,991.8608,133.8157,490.8481,109.324,44.6448,82.2322,9.9936,299.46,49.7409,158.7818,586.0887,359.0308,73.4834,88.9502,22.56,184.0933,98.6167,205.3796,142.8858,256.8356,25.0718,66.1924,441.8154,738.2461,441.9567,100.3879,572.2449,653.3842,443.9287,224.9495,68.9993,59.6896,129.6031,122.6762,21.0087,153.1483,512.5432,174.2355,83.5744,578.6981,25.009,80.9005,334.07,299.2777,90.1534,69.59,26.8916,352.6938,84.3333,39.2877,42.0606,98.6864,41.2535,50.1276,139.0592,115.5113,77.2528,39.3644,38.4774,128.9905,106.5835,104.4343
2025-05-14,211.3087,117.72,210.25,229.8905,204.72,43.3087,345.2758,984.4246,133.1765,489.7946,110.8552,44.9847,81.833,10.0407,293.16,49.5931,164.5944,593.6501,358.2715,73.2152,88.6179,21.52,182.8635,99.3501,203.5584,140.8836,259.4038,24.6901,66.3843,437.2078,708.0656,431.7207,99.8798,568.9599,656.7007,447.6846,225.9681,69.0759,59.0582,134.9995,120.9252,20.2279,152.4633,515.6149,174.3046,83.2474,579.4377,24.9996,80.3637,347.68,296.0388,89.4882,68.73,26.9496,353.0106,83.5039,39.0113,41.6747,99.1987,41.0034,49.9902,138.3898,116.2612,76.8372,39.0291,38.3083,125.9582,106.9944,103.4993
2025-05-15,210.433,114.99,205.17,230.4055,206.24,42.9602,345.4238,1003.2186,133.731,508.3232,110.1485,44.9653,82.7264,10.135,297.84,49.4058,163.191,597.8239,363.8646,73.3539,89.1971,21.55,184.7179,99.2531,204.8874,144.012,261.2104,24.9809,68.736,445.2957,725.6099,447.0603,100.595,577.8126,641.2832,448.6946,226.4032,71.3341,59.6992,134.4908,123.7965,20.7607,156.6989,516.1815,175.498,83.94,582.2679,25.8411,81.0701,342.82,263.687,91.0534,67.59,26.8819,358.7942,85.0292,40.0522,42.0997,99.5927,41.1766,50.3239,139.9253,116.4201,78.4125,39.7476,39.1247,127.6113,106.7568,104.5488
2025-05-16,210.2439,117.17,205.59,226.4142,205.82,43.2603,349.1466,1018.4685,133.5807,523.2483,111.3264,44.9362,82.9165,10.1822,294.24,49.6522,165.4106,600.8621,365.9307,73.4371,89.2256,21.66,186.504,99.7802,206.5806,145.6677,261.2787,25.2081,69.1104,448.7759,750.9938,450.1167,100.7831,578.8845,637.7574,449.8234,228.1141,71.7647,60.3784,135.0594,124.2484,20.9719,157.5383,518.4281,176.6915,82.8937,585.956,26.2098,81.2867,349.98,280.5645,91.924,68.1,26.9593,361.5869,86.0875,40.522,42.5297,100.2725,41.114,50.6281,141.5199,116.6386,79.3112,40.2458,39.6996,130.1839,107.7668,104.1733
2025-05-19,207.7758,114.74,206.16,228.4148,205.25,43.3377,348.1493,1026.9174,131.7728,521.6239,110.5804,45.0333,83.7054,10.135,298.03,49.3171,165.7589,594.3295,364.5853,73.4001,89.1781,21.38,186.709,99.8622,205.7143,146.7843,258.6617,25.3353,69.0432,451.2856,748.7329,454.6725,100.7925,581.9909,637.847,454.3784,228.6382,70.6738,59.393,135.229,124.0695,21.1281,158.9759,518.9252,177.2143,81.9638,586.5969,26.4935,81.0512,342.09,303.6125,92.3348,68.51,26.7755,364.3399,86.1065,40.8168,42.6371,100.371,40.5801,50.6576,142.0022,116.4697,79.5431,40.332,39.8687,131.4359,107.5143,102.5172
2025-05-20,205.865,113.51,204.07,229.4547,207.67,43.2603,345.1079,1029.3795,130.612,518.1781,110.2859,44.9847,84.1046,10.1067,303.58,49.4945,163.2109,588.7192,362.3462,73.3632,89.0642,21.27,186.3967,99.3128,205.8226,147.9104,259.4428,25.3535,68.8128,450.8151,740.7014,457.3252,100.5479,576.7309,634.5305,453.6853,227.7778,71.2001,59.8523,134.0419,124.0789,21.6058,159.8153,517.1955,176.5139,82.9131,584.6247,26.2666,80.4673,343.82,309.0813,92.1881,68.66,26.6982,363.2902,85.6013,40.7339,42.5639,100.1247,40.205,50.3828,141.4903,116.0327,79.8234,40.1213,39.9846,131.7587,106.9548,101.0536
2025-05-21,201.118,112.06,201.12,227.5235,203.21,41.8664,338.2154,1017.9423,128.9849,506.6888,108.421,44.8682,83.6103,9.8805,305.82,48.6665,167.7694,576.0424,356.3783,72.8731,88.447,20.69,182.6976,97.8385,200.044,147.4484,254.9118,24.1994,68.9664,446.5505,718.8276,452.0005,99.4281,565.248,632.937,448.1401,223.6244,68.4539,57.3839,131.4685,122.5256,21.1648,159.6127,510.0081,173.7128,80.3847,574.7733,25.9735,79.0921,334.62,291.2042,90.9751,67.59,26.5822,354.8329,83.3227,40.3009,41.9971,99.376,39.4643,49.3524,139.0985,113.8528,78.8956,39.0579,39.2552,128.7068,104.7863,99.8115
2025-05-22,200.3915,110.71,203.1,228.3158,203.41,41.9244,340.8618,1010.8238,128.728,507.6635,109.0786,44.7225,83.5628,9.8428,303.11,48.5777,170.0686,580.6724,351.852,73.021,88.7793,20.55,182.1803,98.0747,200.0342,146.8997,254.5505,24.0813,68.2849,449.9817,709.16,452.1639,99.9362,565.8434,634.0026,450.4077,223.7529,64.0524,58.6659,132.4958,122.4973,21.1648,159.2267,510.9625,173.4169,81.3438,575.0002,25.7465,79.5065,341.04,285.1395,90.5447,67.14,26.6595,354.506,82.9414,39.7298,41.9532,99.1592,39.3104,49.2935,139.069,113.8826,78.5671,38.9238,38.6948,127.6993,105.2369,99.1471
2025-05-23,194.3308,110.31,200.99,226.5232,202.36,41.818,339.0844,1001.2629,129.9174,502.1601,107.6947,44.907,83.6769,9.7673,309.75,47.9961,167.6799,580.9733,348.5654,73.0025,89.0357,20.05,181.7997,97.1076,199.4041,147.2174,254.5895,23.8995,68.8896,449.8837,707.6826,450.655,100.0115,559.3329,624.531,445.7735,223.2288,64.837,57.4222,130.9597,121.763,21.4221,160.0276,506.2306,171.6316,81.7603,571.0753,25.9262,79.6384,339.34,284.0822,90.4077,67.99,26.4661,350.1189,83.0272,39.9048,41.8701,98.7061,39.4354,49.1168,138.6162,112.6263,78.857,38.9333,39.1585,127.4939,104.2912,99.2049
2025-05-27,199.247,114.56,206.02,233.3866,201.03,42.8053,347.1026,1010.4861,131.1448,501.7367,110.2859,44.8002,84.8934,9.7202,304.5,48.3904,172.0891,597.6588,355.9555,73.4464,89.406,20.55,184.7765,99.4669,204.4641,148.7804,259.062,24.3812,68.8992,458.7559,719.0953,458.3152,100.9149,570.2202,639.7294,456.1806,228.0251,65.1049,60.1106,135.1591,123.6741,21.6885,161.8607,518.1398,175.1528,84.2887,582.9483,25.8978,80.7498,362.89,283.5344,91.3175,67.28,26.6112,355.8231,84.4763,40.0707,42.603,100.3119,39.7769,49.9804,141.0572,115.3028,79.5721,39.5752,39.4532,129.2742,107.3707,99.6767
2025-05-28,199.456,112.86,204.72,237.1303,201.5,42.6505,345.1079,1005.8696,129.4226,500.1221,109.4614,44.5962,83.9145,9.5882,303.81,47.4441,171.5516,590.5828,353.7068,73.4001,89.1591,20.37,183.293,99.0319,202.3082,147.9844,257.3042,24.1176,68.2945,453.4228,713.3146,451.7122,100.6702,571.58,640.9843,452.8832,227.5701,64.3107,59.106,134.4709,123.0151,21.2935,161.4748,515.8434,173.9791,83.3103,579.5757,26.0018,80.4013,356.9,286.5235,90.6327,67.89,26.6982,356.249,84.3905,39.7298,42.0216,100.2922,39.2719,49.6468,140.3584,114.8261,79.0309,39.5752,38.9025,128.609,106.3855,98.319
2025-05-29,198.9883,113.03,205.7,239.6459,208.18,42.8247,347.379,1001.501,131.221,495.6525,109.9522,44.7613,84.2851,9.6353,305.61,47.8976,171.054,587.1078,353.9278,73.5111,89.5294,20.25,183.9762,99.3874,202.9087,149.1008,258.1636,24.5538,68.6208,454.9619,716.4678,455.278,101.1219,573.426,642.4485,454.1903,227.7679,66.0139,58.7807,138.8399,124.1919,21.5415,162.6326,516.8574,174.4722,81.4213,581.8636,25.8884,81.1454,358.43,286.5812,90.9458,67.19,26.5531,358.8932,85.1532,39.9141,42.1779,99.4844,39.5653,49.9019,140.4864,115.0198,79.3498,39.9392,39.173,129.4698,106.43,98.8775
2025-05-30,199.884,110.73,205.01,239.7449,207.32,42.7182,343.6662,1032.7155,130.0696,498.4189,110.9534,44.2174,84.4087,9.7862,303.6,48.903,170.9345,585.7325,353.9278,73.5758,89.7953,19.55,184.0933,99.3028,201.8751,150.6833,257.8023,24.6553,69.2064,458.3931,731.4401,463.6302,101.4136,581.187,644.8785,455.8538,228.9744,67.5927,57.9675,134.7901,123.7494,21.5782,163.9158,516.0424,174.6399,81.3244,581.2128,26.2855,81.2679,346.46,290.1758,91.474,67.15,26.5435,361.6562,85.1532,40.4944,42.1828,99.8981,39.2142,50.0099,140.5749,114.6622,80.0456,39.9776,39.574,129.7437,105.8508,98.502
2025-06-02,200.7299,114.63,206.65,246.3212,211.47,42.6698,340.3483,1049.2657,131.1544,499.9745,110.865,44.5379,85.3116,9.4091,311.67,47.0104,168.2372,584.0449,353.6107,73.5628,89.4904,19.74,184.3763,99.9293,202.5051,150.8677,258.4468,24.5631,69.1104,455.4423,740.8104,463.3786,101.1265,576.84,668.1942,457.4481,230.9127,67.667,59.2966,137.0344,123.2411,21.5507,161.8801,520.118,175.4191,82.5256,584.4867,26.4084,80.5116,342.69,292.8766,91.6305,69.55,26.3597,361.7849,85.2676,40.6234,42.432,100.3907,39.7288,50.0295,140.3978,115.6752,80.094,40.035,39.6996,129.8219,106.0983,99.2241
2025-06-03,202.2923,117.31,205.71,254.383,213.43,43.2216,345.019,1048.0149,132.7814,505.2022,111.503,44.6448,84.6653,9.6071,308.91,48.3609,165.4006,589.0296,358.531,73.7022,89.4047,20.29,185.4499,100.6379,205.7734,149.9163,260.019,24.7106,68.3041,462.5499,744.4395,464.6851,101.1737,577.5844,664.1605,458.4383,231.7039,68.4387,60.067,140.8647,124.126,21.4496,160.9828,524.1838,176.5139,83.8915,587.8198,26.4368,80.3698,344.27,289.5126,91.6403,69.89,26.5338,362.3197,85.096,40.3746,42.8668,100.105,40.2002,50.1276,141.4805,117.4132,80.0166,39.8913,39.8059,130.1252,106.6627,99.9463
2025-06-04,201.8445,118.58,207.23,258.5723,211.98,42.9409,344.9499,1044.1428,130.7071,499.9154,111.3951,45.1985,85.0455,9.6542,310.9,46.9907,167.2618,584.5228,357.8775,73.8415,90.062,20.25,184.7277,100.9486,205.1926,148.7513,258.0171,24.6276,68.5057,465.9429,759.3724,466.6593,101.9104,579.7281,685.1754,459.3294,231.1303,67.4066,60.4523,141.563,124.0224,21.4864,160.1144,525.6452,177.1748,85.3543,587.662,25.8694,81.6744,332.05,288.7053,91.249,69.34,26.4178,364.439,85.3343,39.8312,43.028,100.7454,39.4162,49.843,141.5592,117.587,79.4561,40.0159,39.1102,130.3795,106.3805,98.502
2025-06-05,199.665,115.69,207.91,257.4334,209.02,42.9602,344.5845,1003.5562,130.2599,502.8394,110.4528,45.4316,84.9885,9.5222,309.33,46.5767,167.4211,591.0293,357.0846,73.6836,89.7953,19.99,184.3763,100.3296,205.2812,149.1785,255.8004,24.5538,68.0641,462.4909,759.2136,462.6141,101.5988,581.0283,681.8589,463.1022,228.8459,68.9692,60.3559,139.6378,123.4293,21.2383,157.0751,521.6887,176.7112,84.2693,584.822,26.2477,81.7311,284.7,284.3417,91.0827,69.93,26.3984,363.2209,85.2676,39.8864,42.774,100.8833,39.3777,49.7056,141.4608,117.2543,78.6927,40.0063,39.0474,130.2035,103.6971,98.0494
2025-06-06,202.9392,116.19,213.57,244.5583,210.8,43.7879,348.9195,1007.6567,133.4094,511.9362,111.7975,45.5773,85.2926,9.6731,305.18,46.9426,172.8654,598.9504,355.199,73.6743,89.0808,20.06,186.1819,101.3265,208.5986,150.5085,259.4917,24.6553,68.4865,464.9004,763.3782,466.156,100.9848,585.673,694.8961,465.7757,230.1611,69.6059,60.4811,141.3635,123.7558,21.4496,158.2523,526.7884,177.9343,86.8364,590.8275,26.5502,80.6912,295.14,291.4349,91.7088,71.38,26.5338,366.6375,85.6775,40.347,42.8863,102.1739,40.1184,50.3239,142.6518,118.3616,78.944,40.1213,39.2213,131.4457,105.0438,100.3988
2025-06-09,200.481,121.73,216.98,241.9337,217.51,43.6905,353.5803,998.9594,133.9327,513.6001,113.525,45.9658,85.2831,9.7485,306.62,47.3974,175.4763,598.4821,353.1393,73.7115,89.2427,20.48,186.2503,101.4061,210.0359,150.7027,260.478,24.4247,68.8896,464.3693,767.1759,465.3238,101.2871,579.9266,691.2607,468.1226,228.8854,69.3551,59.624,142.2712,123.6892,22.0192,156.8436,527.5638,177.2833,87.8342,591.3599,26.3422,80.7763,308.58,291.4061,91.1023,72.05,26.4661,363.1119,85.7919,40.2088,43.1746,101.8784,40.1954,50.0491,142.5238,118.9426,78.8377,40.1021,38.9701,131.2207,105.8854,101.0729
2025-06-10,201.6952,123.24,217.61,242.2803,215.73,43.9047,354.0741,1000.0417,136.3971,507.8309,116.5383,46.2281,85.3972,9.9936,306.71,48.3863,177.9776,599.799,355.7599,73.888,89.3952,22.08,186.953,102.055,211.168,151.8871,262.2943,24.5262,69.4463,467.7033,800.3732,461.5205,101.5326,585.0972,699.5672,466.3105,228.7964,70.2329,61.5116,143.5979,125.4689,22.3223,157.1138,531.0531,178.674,88.5705,594.7128,26.8717,81.1923,326.09,291.9828,91.2294,71.6,26.4951,367.1129,86.526,40.651,43.4433,103.169,40.912,50.108,141.9037,119.608,79.0116,40.4566,39.0619,132.7173,107.1529,103.2393
2025-06-11,197.8239,121.14,213.2,250.4808,214.0,43.5542,358.5867,989.627,137.7577,512.7732,117.3138,46.4224,85.2546,10.0502,308.37,49.3159,176.7319,608.8711,348.5559,73.8694,89.7667,20.68,186.709,101.7243,210.3017,150.7318,261.8549,24.3694,69.1776,460.7993,801.7811,441.8752,101.8538,586.2883,691.3405,467.9938,229.7952,70.4161,60.7797,142.4806,123.6321,22.4876,156.4094,529.2637,178.1019,92.4066,593.0167,26.7961,81.438,326.43,298.4896,91.0436,74.82,26.3984,369.6976,86.0589,40.2917,43.0133,102.9325,41.5036,50.0491,141.9726,119.3448,78.741,40.2362,39.0861,132.7858,106.3063,105.2517
2025-06-12,198.2419,118.5,213.24,253.6105,203.75,43.4471,356.4341,995.5145,137.9385,508.8548,116.4206,46.5001,85.9104,9.9276,312.2,48.7127,175.0876,609.788,351.1667,73.953,90.1573,20.77,187.1384,102.1221,209.4649,152.091,261.9428,24.4063,69.3407,462.7564,805.1723,454.1366,102.4205,584.8394,690.5636,474.1826,229.7161,71.2264,60.4811,144.6453,125.9163,22.8183,157.4418,530.5063,178.7135,91.3701,595.3735,26.7299,82.4118,319.11,306.121,91.7675,75.05,26.205,367.8061,86.4783,39.7575,43.1941,102.0951,41.6479,50.0491,141.5986,120.4522,79.2049,40.4566,39.5595,133.8226,105.8062,105.6561
2025-06-13,195.5051,116.16,212.1,246.3112,200.32,42.931,352.5731,983.1041,138.8329,501.6974,115.7629,45.7619,84.8079,9.8333,316.29,48.1095,174.0612,598.5016,342.9474,73.73,89.8238,20.14,185.2743,100.8293,205.6355,152.5182,258.73,24.0557,68.6544,458.2816,812.4404,470.7625,101.8065,557.7947,680.1158,470.3109,227.7086,72.1331,58.295,141.6227,124.5362,22.5428,154.6438,523.8459,175.8432,90.3432,588.7171,26.6542,81.6177,325.31,301.3442,90.9849,80.22,26.2727,349.4356,85.6394,39.6193,42.6909,101.0607,42.3742,49.0285,140.4076,118.7639,78.2385,40.1308,39.3324,133.1575,104.8309,107.9574
2025-06-16,197.4656,126.39,216.1,249.6786,201.7,43.2426,357.8955,977.2961,138.9471,516.3174,117.2745,46.3229,85.126,10.0125,311.78,48.7226,176.1539,612.4608,341.8837,73.8787,89.5666,20.74,186.5948,102.0721,208.06,150.693,264.013,23.7883,68.171,458.8914,800.7599,451.9979,101.6271,564.3846,699.8262,474.45,229.6221,71.1685,59.6144,144.336,125.0692,22.4142,155.2227,531.1326,177.4426,90.5563,594.3184,26.4462,80.7952,329.13,297.8015,91.0291,78.59,26.3017,352.0401,85.7061,39.1495,43.0524,102.7946,42.2491,49.5879,141.3722,120.6856,78.4898,40.1692,39.1392,132.7467,105.9597,108.304
2025-06-17,194.699,127.1,214.82,246.9748,200.26,43.0673,353.1952,970.7037,141.6303,515.0178,115.9494,45.7148,84.0817,9.8239,311.94,47.7436,175.3368,609.3296,337.2616,73.7951,90.0049,20.8,185.0557,101.1688,205.8685,147.9358,263.1927,23.7514,67.301,453.2855,784.5578,463.8818,101.9766,565.1588,694.9522,473.3608,227.8781,69.3165,57.7845,143.7674,123.0515,22.0467,152.9457,525.9534,175.7424,88.7254,589.2398,26.1436,81.7784,316.35,298.9727,90.4204,82.3,26.4758,354.3773,85.4011,38.5507,42.6323,101.8882,42.6435,49.3033,140.3092,119.8315,77.823,40.0063,38.8155,130.5556,104.1328,109.7676
2025-06-18,195.6345,126.79,212.52,248.8467,197.68,43.8755,355.2886,967.9039,141.0023,516.849,115.6844,45.705,84.2268,9.8333,310.26,47.5557,172.7159,619.6697,335.5694,73.9066,90.062,21.49,185.4086,101.0319,206.9543,146.334,267.5284,23.6868,66.9047,451.1219,778.4003,453.4882,102.0521,534.6702,693.4971,475.5392,228.1852,69.0368,57.3126,145.1241,122.8421,21.9365,152.4633,525.8639,174.5463,89.3939,589.1511,26.1531,81.9202,322.05,297.3562,90.0867,82.27,26.5241,337.0863,85.6966,38.3849,42.5101,101.9375,42.3646,49.2837,139.9745,119.9755,77.7263,40.0829,38.917,130.3306,104.1823,108.9877
2025-06-20,200.0332,128.24,209.69,248.1716,198.75,44.3039,355.9996,973.2552,142.2964,513.3048,115.4586,45.4402,83.4726,9.9842,310.13,47.6645,166.0592,625.0934,338.0739,74.1388,90.1191,21.08,185.6928,100.3301,206.52,145.4214,268.544,23.7975,66.547,448.3287,756.2886,455.3849,102.1371,528.9537,680.1208,472.727,228.215,68.9982,57.5823,143.4981,122.8421,22.0192,153.486,523.7167,173.6172,90.2076,587.7674,26.2571,81.769,322.16,292.3325,90.1161,83.12,26.4951,335.2938,85.6394,38.4126,42.2219,101.3168,42.7975,49.4211,140.132,119.4442,78.2965,40.0734,39.0233,129.7046,104.3061,110.4416
2025-06-23,200.5308,129.58,208.47,251.9241,201.31,45.0829,361.638,997.2717,139.7368,506.1178,115.5764,45.8129,84.1011,10.135,311.08,47.9809,164.6143,631.0244,345.1714,74.2782,90.4335,21.19,187.232,101.5545,209.0471,146.9067,271.7373,23.9082,67.417,452.1545,764.1318,457.2237,102.3921,538.2629,696.2481,481.2429,232.1094,68.2265,58.5357,143.8173,122.8612,22.0743,155.3674,529.1017,175.5546,89.452,593.573,26.6637,82.0337,348.68,291.0451,90.9702,76.41,26.3888,340.4236,86.9264,39.0205,42.6923,102.5997,41.7152,50.0434,142.0296,120.806,79.2033,40.6582,39.518,129.8913,106.3735,107.5915
2025-06-24,199.3366,138.43,212.77,261.8514,200.94,45.4334,368.3429,994.73,136.5874,506.1375,116.9565,46.9996,85.126,10.1162,306.19,48.4556,166.1888,645.8811,348.5172,74.4826,90.7479,22.55,188.7809,103.0252,211.7124,147.7514,274.6571,24.0096,67.8714,455.5082,771.509,445.3591,102.8738,553.3286,709.8734,485.3126,234.7453,68.8728,59.1521,147.5382,124.7266,22.3315,154.721,537.1928,177.5414,88.6383,600.1304,26.7393,82.6293,340.47,295.8268,91.4414,73.0,26.2534,348.2274,87.1552,39.2692,43.0459,103.923,41.1721,50.7918,143.2143,122.9746,79.1352,40.8515,39.6882,131.4835,106.9639,104.3177
2025-06-25,200.5905,143.4,211.99,262.725,198.9,45.6184,366.9209,979.4604,136.2829,498.8915,117.7155,47.0388,84.6619,9.8805,307.12,47.5952,170.0851,653.4509,349.9096,74.464,90.786,22.2,187.7123,103.3835,209.2445,147.8387,277.3914,23.7329,67.3107,452.5971,785.6088,443.6075,102.751,545.5576,706.3649,487.4515,233.0706,67.8503,58.5839,153.9325,121.8428,22.2856,153.3799,538.5661,177.3042,88.2508,600.4667,26.3989,82.7333,327.55,292.3422,90.656,73.31,26.1857,341.919,85.0578,38.7994,42.6334,103.9033,40.9927,50.6244,141.9506,124.0241,78.0746,39.8559,39.158,131.6014,105.7037,104.3466
2025-06-26,200.0332,143.68,217.12,268.2049,202.58,46.2124,377.0918,975.8564,137.4342,500.6538,119.7263,47.3527,85.6094,10.0219,306.78,48.6138,172.9352,670.3171,351.4955,74.6777,91.1099,22.5,189.0455,104.3491,212.6403,147.5766,281.9712,23.7883,67.156,456.7867,788.405,443.1332,103.1288,541.6968,723.7181,492.5808,234.9831,68.4773,60.2308,154.6408,122.0331,22.2672,153.0518,543.6018,178.2927,88.9676,605.1646,26.4746,83.1493,325.78,292.9229,90.9996,73.59,26.0793,342.6816,84.9789,38.781,43.1048,105.1081,41.5794,50.9986,143.4907,124.8796,78.0065,39.6045,39.4839,131.916,106.6762,105.9065
2025-06-27,200.1129,143.81,223.3,267.3908,214.55,45.8814,379.8863,978.0705,136.8158,505.3893,120.5938,47.1664,86.383,10.1822,301.22,49.128,177.9078,673.8776,356.5625,74.6405,90.8717,22.69,189.5651,104.9414,212.7094,147.965,280.3697,23.6222,67.9874,456.1278,768.9012,443.801,102.9588,546.1729,731.2333,491.0855,235.5579,68.3808,69.38,157.3641,124.717,22.2213,154.2385,545.463,179.4987,89.2292,608.1713,26.5502,82.6198,323.63,299.205,91.3039,73.28,26.1277,345.2366,85.1907,38.9745,43.1588,106.3426,41.3612,51.1463,144.9223,124.7304,78.3763,39.7495,39.5618,131.6309,108.4524,105.3191
2025-06-30,204.1832,141.9,219.39,273.645,209.53,46.0761,383.3424,982.836,136.2449,502.1992,122.2399,47.3135,86.4313,10.2293,304.83,48.6632,175.6158,690.4024,354.5318,74.9285,91.2337,22.4,190.4082,105.6581,213.0154,148.295,283.1041,23.8159,68.3934,461.4287,772.9467,448.2043,103.5255,557.7053,735.6789,492.5412,238.1443,66.9629,68.4169,157.6035,125.6688,22.2672,153.7175,548.9958,180.7145,88.7642,611.079,27.3634,83.4329,317.66,301.9734,92.1482,73.11,25.9923,351.6143,85.7394,39.8588,43.1195,107.1821,41.1236,51.5697,145.643,125.954,78.7849,40.0395,39.7223,132.4762,107.8272,103.7978
2025-07-01,206.8204,136.11,220.46,262.8143,209.79,46.8843,386.0184,978.8846,138.5094,502.0708,121.7274,47.4017,86.2863,10.7007,307.55,51.4519,175.2272,689.144,360.8365,74.8343,91.0646,22.85,192.1728,104.5457,215.2069,151.3726,283.5923,24.5446,69.2827,468.8736,769.3474,450.9139,103.6506,560.3552,716.8704,487.2336,234.666,70.474,70.6994,152.925,128.7334,23.0021,155.5507,544.3682,181.3174,91.9513,610.8813,27.3066,83.6398,300.71,315.6893,92.5408,73.93,25.9826,352.0302,86.3652,40.2365,44.2342,106.4216,41.4388,51.8553,146.1268,124.8299,79.7677,40.3102,39.8585,134.3632,108.2886,105.1843
2025-07-02,211.4182,138.52,219.92,267.9368,212.03,47.4296,393.4343,975.3104,140.8025,513.873,121.2246,47.6077,86.5377,11.0967,309.25,52.0947,178.0174,698.3428,359.5697,74.9743,90.8735,21.88,192.5257,105.3943,218.188,151.0231,285.145,24.9597,68.548,469.2867,772.6988,447.6333,103.6317,557.2885,711.239,486.2831,234.7552,70.4354,73.5693,156.8653,129.8946,23.2593,155.5314,548.1599,181.8216,91.2345,613.6506,26.7677,83.1083,315.65,297.7047,91.6671,75.59,25.9633,350.7923,86.5674,40.1536,44.8971,106.1155,42.1516,51.8159,146.2749,126.148,80.0012,40.3875,39.5131,133.0364,109.1569,106.9271
2025-07-03,212.5229,137.91,223.41,273.1784,215.92,47.6438,392.8714,979.937,141.1736,514.5248,122.2301,47.8235,86.557,11.1344,307.14,52.3023,178.9043,705.942,359.4053,75.0209,90.5581,22.49,193.5256,106.5763,220.2117,151.46,290.4436,24.5907,68.9734,467.723,774.077,447.6042,103.3852,564.9503,716.6611,493.9572,237.2029,71.265,73.5693,158.9502,128.8476,23.3144,155.1744,553.554,182.8397,91.4863,618.487,26.815,82.5295,315.35,298.6629,92.4328,75.19,26.089,355.3874,86.6637,40.1167,44.8677,106.6981,42.2001,52.3772,147.5188,127.8093,79.9623,40.4069,39.8098,133.174,109.7523,108.0344
2025-07-07,208.9402,134.8,223.47,272.1857,218.63,47.3809,386.601,985.0599,140.2507,503.977,121.4021,47.1467,85.6191,10.927,307.37,51.2442,176.1739,693.5045,355.4987,74.7689,90.2714,22.0,192.0257,105.8273,216.9047,150.7415,286.4893,24.0557,68.6447,461.8319,766.343,453.9333,102.769,560.8613,716.0032,492.8481,236.4101,72.1042,73.7042,157.8529,127.9625,23.1858,154.856,549.384,181.4855,90.7113,613.8781,26.8622,81.7419,293.94,293.9781,92.1187,76.48,26.176,353.1889,85.9224,39.4258,44.4355,105.6711,41.7928,51.875,147.0054,126.7946,79.8942,40.0975,39.8925,132.0535,108.3581,106.9849
2025-07-08,208.9999,137.82,219.36,269.823,218.52,45.9106,389.3462,978.7654,145.8074,502.6141,120.0812,47.441,86.2476,11.0118,304.16,51.6101,173.7523,680.1891,355.3633,74.6662,90.1376,23.59,191.8689,105.7451,218.4052,151.2464,277.4717,24.3786,67.9004,462.186,771.0925,448.0785,102.4752,558.2015,718.3157,491.7589,234.2894,69.8953,71.1905,159.6086,128.524,23.5349,152.3378,549.6926,181.6931,91.9707,613.5418,26.7488,81.6375,297.81,297.8402,91.834,76.96,26.1954,351.1191,85.7972,39.6653,44.7989,105.4538,42.9177,51.4122,146.966,127.476,79.1547,40.0395,39.4693,132.6531,107.991,109.9506
2025-07-09,210.1245,138.41,222.54,275.8786,226.6,45.6087,397.1372,975.0424,145.5981,503.0289,118.8885,47.3625,86.8954,11.1532,305.52,51.9859,176.0044,679.4867,358.7865,74.8716,90.6059,23.44,192.3983,106.7157,220.7744,151.7221,277.8447,24.397,67.1657,463.4842,780.2743,448.1268,103.0629,561.6102,730.3862,498.5815,235.7363,71.0431,70.8438,162.4815,127.9911,23.4797,151.9809,553.5838,182.8101,92.271,617.221,26.5691,82.4915,295.88,293.2037,92.0107,76.93,26.1954,354.2981,85.8646,39.2508,45.069,105.7303,42.6995,51.5992,147.9927,128.242,78.639,40.0202,39.839,133.1642,108.631,109.575
2025-07-10,211.3884,144.16,222.26,273.3968,226.09,45.7353,403.2101,963.2079,146.6923,512.7768,119.8249,47.49,86.8374,11.2287,306.2,52.5594,177.0009,691.7389,360.9718,74.7969,90.5581,23.82,193.457,106.6883,221.9096,153.091,282.7802,24.4155,67.446,462.5695,783.9729,449.3365,103.0819,560.0302,724.8642,496.5714,235.4588,71.9981,71.8647,163.6986,129.5139,23.6818,152.9167,552.7877,182.8002,92.1741,618.9618,26.3762,82.5485,309.87,289.9126,91.7359,75.39,26.2437,352.4362,86.4037,39.3426,45.3096,105.3748,43.0244,51.9045,148.822,127.8192,78.9212,40.2232,40.1649,133.9799,109.8316,110.6631
2025-07-11,210.1443,146.42,225.02,272.3842,226.84,45.5016,400.8303,963.3667,147.777,506.0707,118.159,47.3331,86.0059,11.1061,309.14,52.7968,179.562,687.6711,357.8485,74.7036,90.1376,23.43,192.4375,106.4021,218.8494,152.324,281.4751,25.0335,67.5427,461.0648,786.3129,452.4333,102.4562,546.7728,715.1661,498.3933,234.1111,71.7666,69.9482,164.5166,128.7334,23.5624,151.5274,551.5437,181.7425,91.9707,616.7858,25.7555,81.4097,313.51,294.3556,91.0389,77.29,26.3211,344.5631,86.4133,38.9588,44.9413,104.6934,43.2183,51.3629,148.2889,127.2572,78.6292,40.1845,40.1066,132.8693,109.8614,111.1445
2025-07-14,207.6166,146.24,225.69,273.5954,230.51,45.8327,400.6822,973.8708,144.2945,501.3301,118.2576,47.4017,86.0059,11.2004,308.01,52.7374,180.9272,695.8164,357.8871,74.7596,90.0994,23.3,192.761,106.7356,220.3203,152.2463,283.2807,25.6422,67.156,461.0353,792.5894,458.2979,102.4278,549.5952,718.5649,498.0963,237.0443,72.3839,69.5822,163.6686,129.0285,23.2868,148.3531,553.544,181.782,90.4982,617.9628,25.9369,81.2389,316.9,290.9483,91.5297,75.62,26.3888,347.1083,86.9717,38.9213,44.6909,105.7204,42.7431,51.747,149.0886,127.1527,78.6973,40.4552,40.2671,132.7121,110.2683,109.6906
2025-07-15,208.1042,155.61,226.35,278.8965,230.0,44.9369,399.5664,960.7358,143.3811,497.2414,117.2817,47.745,85.1067,10.9081,306.73,52.1243,181.3657,685.2909,346.796,74.5355,89.7458,22.92,190.3102,106.977,216.0065,150.6445,281.171,25.015,67.0497,452.9511,765.2324,454.9591,102.0581,546.9517,708.0693,500.8689,235.0822,72.056,69.3318,170.2824,127.3534,22.6071,147.311,554.0516,180.5168,89.5876,615.3221,25.8032,80.6696,310.78,282.3626,90.4892,75.26,26.5338,343.662,85.6913,38.6218,43.7726,104.6736,42.1273,50.8607,147.973,128.2818,77.9092,39.9332,39.8828,130.3238,108.6905,108.7181
2025-07-16,209.1492,160.08,223.19,278.7674,229.9,44.82,407.7031,944.5428,142.6484,501.4487,118.1097,47.9706,85.4547,10.597,308.26,52.5891,182.3323,691.4462,345.597,74.7316,89.9943,22.69,190.9866,107.3503,218.1782,159.9742,280.4547,25.4393,66.9627,452.0758,783.13,456.2656,102.2192,552.0797,700.6136,500.6708,236.0038,72.1235,69.4378,170.9508,128.8191,22.6071,148.3241,554.6188,181.268,89.6167,617.3793,25.7364,80.7834,321.67,283.1176,91.0978,75.19,26.4371,346.5141,86.5,38.6124,43.8905,104.9896,41.7637,51.2152,148.4962,128.6797,78.1817,40.3682,39.9023,131.9454,108.889,108.0633
2025-07-17,209.0099,160.41,223.88,284.3664,231.0,45.784,412.828,947.0646,144.0376,492.965,120.4656,48.2452,85.6771,10.5121,307.59,52.6188,182.9402,688.5393,347.1828,74.8063,89.9656,22.8,192.1532,108.1142,221.0409,158.2267,284.4581,25.9466,68.2387,453.6691,755.069,454.0688,102.4657,552.1691,699.1186,506.6913,237.1038,72.519,70.2852,172.5768,138.4222,22.5795,150.1476,559.1072,182.3554,90.2754,621.1574,25.7746,80.7645,319.41,278.8392,91.3236,76.16,26.5531,346.425,86.4037,38.3316,44.1998,105.355,42.0207,51.7076,149.8685,129.8486,78.9212,40.3295,40.0676,130.4417,109.2611,107.5145
2025-07-18,210.1643,156.99,226.13,281.2791,229.34,46.0761,408.5226,944.1259,142.7626,493.6365,119.6869,48.1373,85.4354,10.5216,308.39,52.6287,184.415,690.9,347.5309,74.9089,90.2141,23.1,192.0257,108.067,219.4713,158.9257,285.8024,25.6607,67.5234,457.3276,765.1928,448.9978,102.6553,549.2374,701.9792,505.0574,236.9056,73.2617,69.7941,171.9882,136.3284,22.4785,150.6693,558.5698,181.9105,90.8663,620.7025,25.7269,80.8878,329.65,273.5929,91.245,75.93,26.5145,345.6723,86.5866,38.2286,44.303,104.8711,41.6812,51.7371,149.5329,129.764,78.7071,40.4455,40.7389,129.5768,110.2286,103.7689
2025-07-21,211.458,157.0,229.3,286.1136,229.32,46.2319,406.4117,940.7601,142.4201,490.1008,119.1152,48.4512,85.8898,10.663,313.13,52.6188,189.4375,688.6954,352.0177,75.0116,90.5294,23.26,191.9767,108.3507,218.5829,159.5664,285.508,25.3471,67.736,462.6581,755.7432,445.6784,103.0534,551.2151,710.6409,505.0673,237.3812,73.4739,71.2869,170.9608,134.8627,22.2856,150.6013,561.4659,182.2961,89.762,621.8794,26.147,81.609,328.49,273.0992,91.2647,75.59,26.3404,347.5441,86.9428,39.7731,44.5288,106.2735,41.2497,51.5894,148.7431,129.9331,78.6973,40.6002,40.8703,128.8397,110.7495,104.0385
2025-07-22,213.3688,154.72,227.47,276.5636,228.48,46.5143,413.4681,934.8528,142.7626,499.4339,119.332,48.4806,86.3636,10.5499,316.1,48.3468,190.6731,683.2423,358.7575,75.1423,90.7875,23.24,193.6138,107.6638,220.3992,163.0323,285.9594,26.5462,67.3397,464.2218,769.8828,397.4941,103.2999,555.2996,702.5075,500.3242,235.4092,74.7954,72.6063,166.6214,138.9933,23.0939,153.7973,558.5598,182.7013,93.9081,621.9684,26.1852,82.1025,332.11,275.9934,92.0794,75.35,26.205,348.4552,88.4351,40.2131,45.1427,106.5204,41.4436,51.875,149.0985,128.7294,79.4174,41.3059,41.3713,131.2378,111.8708,104.5103
2025-07-23,213.12,158.65,228.29,281.6265,233.88,46.8745,423.7754,934.4359,145.6932,508.7966,121.1852,48.971,88.5101,10.729,312.18,52.5397,189.567,699.933,363.9211,75.1796,90.4625,23.49,195.1138,108.6468,223.7654,164.1682,291.1893,26.6938,66.8563,462.2253,792.1432,405.8651,103.1387,558.609,711.2489,500.9184,238.1839,70.2425,73.916,170.3622,138.6316,23.296,153.7585,561.1075,184.105,92.92,627.2599,26.5004,81.647,332.56,283.1369,92.2463,75.28,26.1664,351.852,88.6083,40.1008,45.2949,107.103,42.0934,52.2885,151.774,129.4656,79.4466,41.4219,41.06,133.9308,112.4017,105.8487
2025-07-24,212.7318,162.12,232.23,286.61,231.27,47.118,425.6881,927.0989,148.2718,508.2929,120.2093,48.7062,87.8527,10.6158,310.27,51.7584,191.5003,701.5524,360.7688,75.0863,90.3287,22.63,194.4177,108.9603,220.6756,164.6148,290.9832,26.5462,66.7983,463.7006,798.6279,406.9877,102.9871,560.0103,712.4648,505.8793,237.4308,69.4226,72.6352,173.315,137.5371,23.2868,154.2733,562.3019,184.0061,90.7695,627.4675,26.6627,81.5046,305.3,269.6533,92.2758,76.09,26.234,350.5447,88.3003,40.3254,44.8284,107.2808,42.394,52.259,151.5173,130.0127,79.1644,41.3639,41.0065,133.4295,110.5411,106.6768
2025-07-25,212.8513,166.47,231.44,288.0693,233.06,47.1764,429.8804,928.7668,147.3298,510.9793,119.7362,48.5591,87.7463,10.8138,307.4,52.8067,192.5067,711.112,362.9445,75.1329,90.539,20.7,195.1628,109.4655,221.495,163.3915,293.0144,26.4539,66.866,465.0774,805.8267,407.5877,103.3188,564.7009,710.3519,508.6816,239.1055,69.3068,73.4538,173.0756,136.5282,23.1654,153.7779,563.6553,184.7376,91.4669,630.1182,26.7391,82.0171,316.06,272.0538,92.5212,74.85,26.2921,353.585,88.3099,40.3254,45.3587,106.2834,42.234,52.6233,153.018,130.3111,79.3006,41.3639,41.1135,134.1371,111.5682,106.3013
2025-07-28,213.0205,173.66,232.79,292.1593,236.41,46.9622,429.0776,927.2874,148.7,504.2338,118.6519,48.2354,86.3346,10.6347,305.41,52.8561,191.9088,705.9127,364.7721,75.0956,90.3383,20.68,194.3001,109.8463,221.2383,161.3722,292.6808,26.0573,65.822,459.7371,801.2854,407.7522,103.1103,564.7607,715.2856,507.4835,238.5605,68.8149,76.3141,176.3176,134.739,22.7168,152.6219,565.4168,184.6289,90.7404,629.9598,26.3571,81.4856,325.59,273.0798,91.7064,77.17,26.5918,352.0302,86.8947,39.6515,44.7007,105.7106,42.7141,52.259,152.5441,131.3507,78.4833,40.6485,40.6757,132.9676,112.2181,107.3027
2025-07-29,210.2538,177.44,231.01,295.2566,226.08,46.6895,426.2134,927.8634,149.4136,506.1597,118.1985,48.255,86.1606,10.4461,306.25,51.531,195.0678,714.0386,364.8784,75.1423,90.9308,20.41,194.153,109.2764,219.8267,163.2071,291.4641,26.3433,67.069,463.7202,756.5067,406.5813,103.7928,559.8314,697.7133,507.5528,238.5109,69.4033,75.4377,175.0806,136.947,22.7075,152.1362,564.541,183.8875,90.0526,628.2983,26.1757,82.8616,321.2,252.7044,92.0598,79.8,26.6595,347.8907,88.2906,39.9791,44.5288,104.802,43.1311,51.9931,150.8065,131.3557,78.999,41.3252,41.1427,132.1223,111.4441,108.6892
2025-07-30,208.0445,179.51,230.19,300.4188,225.84,46.6993,430.2471,920.8541,146.1119,501.5869,117.8337,47.902,85.5418,10.2482,300.96,51.531,195.8451,712.8386,359.7921,74.9836,90.6154,20.34,193.1923,109.5501,218.7112,162.3818,294.0055,26.2787,66.46,458.5275,753.6609,405.178,103.4042,555.6475,692.9388,508.2162,239.1649,68.4773,73.8486,178.8315,135.9667,22.2496,148.5127,565.2975,183.1462,89.8589,627.507,26.2616,82.4346,319.04,257.5151,91.6279,81.04,26.9206,347.5144,87.0391,39.8761,43.6302,105.1279,42.5152,51.8947,150.066,131.6491,78.2984,40.7452,41.4491,131.8865,110.7396,107.7456
2025-07-31,206.5716,176.31,234.11,291.5637,221.84,46.0274,434.1123,932.8971,144.285,517.8828,117.4099,47.6273,84.6232,10.4367,302.96,52.7473,191.2312,705.8541,355.373,75.0303,90.6919,19.8,191.5748,109.5974,216.5691,159.9353,290.6791,25.3286,65.6286,452.6561,733.82,407.4039,103.4326,562.9618,770.9133,528.2779,239.1055,68.5448,71.9321,177.4349,131.2651,21.7637,146.1716,562.3019,181.9995,86.3715,625.1531,26.1757,82.482,308.27,241.5632,90.9113,79.59,26.9786,342.127,85.8165,40.0259,43.0802,106.076,42.2873,51.5697,150.0759,130.6842,77.627,40.0299,41.6729,128.191,109.8614,107.4952
2025-08-01,201.4066,171.7,214.75,286.5405,221.9,44.4597,424.8655,946.9948,144.0566,494.7822,114.9258,47.2742,84.4008,10.201,309.11,51.9463,188.4708,692.1778,361.3199,75.034,91.736,19.31,188.9671,107.4821,212.1566,162.4498,283.938,25.2825,66.5663,451.8201,755.892,407.4329,104.3502,556.4227,747.5599,518.9798,236.6182,67.9082,71.8647,173.295,132.5595,21.9506,146.3464,551.2252,180.2301,84.1434,614.9066,26.5004,83.6546,302.63,230.151,90.6462,77.46,26.6595,336.0662,85.6047,40.1382,42.5843,104.802,41.5018,50.6145,147.8348,127.864,77.9968,39.9139,41.7361,128.879,107.212,105.5695
2025-08-04,202.3719,176.78,211.65,295.5544,222.34,44.6447,429.8308,949.8282,143.7141,504.2437,117.6465,47.7646,85.5224,10.3236,310.91,52.1837,194.3603,708.2344,368.2435,75.2873,91.8606,19.5,190.9768,109.5899,216.9047,166.0516,288.7363,24.7199,66.663,459.6781,762.5057,410.0362,104.531,566.2811,773.8338,530.397,240.146,68.0336,72.0573,179.5597,132.826,21.9879,146.4533,561.3962,183.3142,86.9721,624.2531,26.4335,83.8833,309.26,233.2581,91.6573,76.11,26.6498,338.8391,86.4808,40.2037,43.149,106.8167,41.4097,51.1167,149.1972,130.4603,78.3763,40.2522,42.4755,130.7267,108.4722,103.3838
2025-08-05,201.944,174.31,213.75,290.7993,224.86,44.3624,430.3561,938.1562,145.6171,502.2881,116.6312,47.902,85.5128,10.4273,311.16,51.9958,193.9915,703.2399,372.6819,75.2498,91.7935,20.19,190.7709,108.7289,218.0103,165.7604,285.9005,24.9412,66.75,462.0778,759.4814,414.4297,104.6072,562.5345,760.966,522.5842,238.9469,68.6606,71.6336,177.8239,132.7213,23.128,146.2104,557.5846,181.7623,87.3789,621.0881,26.5195,84.1405,308.72,242.957,90.872,75.02,26.6498,334.1648,86.8755,39.9416,43.4534,105.9871,41.463,50.9099,148.8911,129.381,78.2984,40.3875,42.0231,130.2255,108.6111,103.2586
2025-08-06,212.2243,163.12,222.31,299.4757,225.04,44.226,423.9042,962.9416,145.3697,503.335,113.5261,48.1275,86.0736,10.5687,310.5,51.887,195.4066,706.976,374.026,75.3249,91.7264,20.41,190.8199,110.227,217.7241,165.6147,285.8809,25.1442,67.1947,463.6907,740.0668,420.8266,104.5786,565.6054,769.468,519.8017,241.8504,68.0432,72.693,178.9811,134.0061,22.3617,148.4933,564.6008,183.2549,86.2068,625.8455,26.2521,83.6546,319.91,237.9043,91.3727,73.79,26.4951,336.4525,86.2016,39.6421,42.982,106.392,41.08,51.1561,149.0096,130.8383,79.4174,40.0492,41.6486,128.2696,110.8686,102.5557
2025-08-07,218.9717,172.4,223.13,301.5505,227.33,43.7392,413.3987,971.7802,145.7313,500.3722,111.2688,48.5297,86.8471,10.6347,313.12,52.3617,195.8351,702.0985,373.4168,75.2498,91.6593,19.77,190.8396,110.0652,217.0133,166.5273,281.5537,25.5039,68.084,461.6745,635.4478,416.8588,104.4739,557.7443,759.3412,515.7419,241.6621,70.011,71.6047,180.3278,136.9756,22.6421,149.1053,566.5116,181.9995,88.1733,625.3213,26.7964,83.5118,322.27,236.8299,90.8916,73.42,26.4758,328.8765,86.4519,40.2037,43.1686,105.9377,40.92,50.585,148.7924,130.9577,80.0207,40.2039,42.1009,126.7954,110.8339,102.0165
2025-08-08,228.2469,172.76,222.69,302.7517,229.12,44.8005,412.8041,975.2896,147.4915,504.056,110.8252,48.4904,87.3789,10.6724,313.05,52.9352,200.718,703.5911,375.0414,75.2592,91.4484,19.95,191.8101,110.9711,217.4872,168.2748,283.3395,25.6054,67.997,464.6152,620.3663,411.9039,104.1408,570.7633,766.7869,516.9301,243.4359,69.847,71.4506,182.2531,138.2034,22.9691,149.1247,571.7961,183.5119,89.2389,630.1972,26.8155,83.1498,329.65,242.8506,91.137,73.3,26.5241,333.5211,85.7394,40.3909,43.3847,106.2932,41.1818,51.0577,148.9109,132.2659,80.2542,39.8752,41.921,127.9256,111.0274,102.8349
2025-08-11,226.3439,172.28,221.3,301.6895,225.96,44.9466,404.8953,983.0045,146.0072,500.7079,110.9435,48.3531,87.0114,10.6438,308.55,53.4099,200.2995,701.6108,374.7319,75.2592,91.4771,20.65,191.3101,110.767,217.4378,168.7505,284.1245,25.301,68.3934,462.6089,629.8553,412.5136,104.3026,570.0378,763.368,516.6628,243.4755,69.8856,71.2869,181.6146,137.8797,22.9691,150.5527,570.1042,183.1659,88.8708,628.951,26.8728,83.2451,339.03,244.2832,90.9407,73.8,26.6305,332.6496,85.1715,40.419,43.2865,106.8364,40.8521,51.038,148.4271,131.3706,80.1861,39.6432,41.7896,128.0534,111.3151,101.9009
2025-08-12,228.8048,174.95,221.47,310.5546,232.61,46.2514,409.0281,985.5,146.9492,499.5919,112.0968,48.9416,88.075,10.7488,308.27,53.5582,202.6313,725.1591,382.9222,75.4281,91.458,21.81,193.408,112.0586,223.8937,167.7408,287.3528,25.2272,68.3547,465.4118,634.0299,417.6427,104.3978,570.6241,787.4193,524.0595,245.616,69.3165,72.1344,182.7119,139.7832,23.0345,150.6596,577.2697,185.0737,90.4498,635.6469,27.1975,82.8259,340.84,253.1884,91.1272,72.95,26.4951,334.0682,85.6528,40.4845,43.8512,108.8807,41.0509,51.6583,149.9673,133.4049,80.4001,39.7109,41.9696,128.938,112.496,102.1898
2025-08-13,232.4713,184.42,224.56,306.8417,233.37,45.9982,410.0093,973.1719,148.3098,507.1868,114.9751,49.5301,88.6068,10.9304,309.21,54.9624,201.2561,726.437,393.7329,75.6251,91.7839,22.22,195.3196,111.9565,228.247,169.333,285.0763,25.8452,68.113,467.7722,654.912,428.2976,104.9498,574.3212,777.5316,515.4844,244.0305,69.7409,74.3494,181.1458,142.1436,23.5111,150.9705,577.5584,186.5268,91.2345,637.8228,27.1211,83.5118,339.38,263.1003,91.8537,72.46,26.4274,339.8322,86.4519,40.9151,44.6762,109.73,41.5261,51.9537,150.5399,133.4546,80.4001,39.9719,42.062,131.0019,114.039,103.6052
2025-08-14,231.9233,180.95,230.98,308.9662,233.19,46.4558,413.7754,969.732,147.6343,472.9161,114.6498,48.922,88.6165,10.9304,307.25,55.7931,202.2327,728.8854,387.0995,75.4281,91.4867,23.86,194.751,112.0909,225.3053,169.6243,288.6381,25.5039,67.2333,469.7391,678.6498,423.2169,104.5881,580.1448,779.5749,517.3657,243.7332,69.683,73.5693,181.5747,141.4488,23.4644,149.3482,577.1105,186.4378,90.1495,637.8821,27.4553,82.8926,335.58,262.7905,91.5395,73.74,26.5241,342.7488,85.8357,40.7186,44.2097,109.8189,41.4873,52.1999,149.2071,133.1662,79.6801,39.6915,41.7702,131.6604,113.91,103.3934
2025-08-15,230.7377,177.51,231.03,304.1117,235.26,45.7061,404.152,966.4015,148.9569,482.7528,113.743,48.9808,89.1386,10.9304,307.43,55.6843,203.1894,712.8094,386.1906,75.4843,91.3046,24.56,194.3883,111.7375,224.2096,171.4883,285.037,25.5223,67.591,472.1486,696.8351,423.4492,104.4549,578.0975,782.6648,515.0784,242.6432,72.7408,74.1279,180.0086,143.1429,23.4924,149.9505,574.5728,185.9436,88.3455,636.3886,27.5699,82.302,330.56,294.2684,91.8046,72.8,26.4371,341.7369,86.3267,41.4112,44.2097,110.0954,41.4873,51.6583,148.5259,132.1565,79.8066,39.9525,41.6486,133.8718,113.6371,103.4906
2025-08-18,230.0402,176.14,231.49,303.536,232.41,46.6603,408.9587,973.669,147.7865,485.054,114.8864,49.2652,89.0419,10.9495,306.95,55.6052,202.7908,713.0435,381.6651,75.4281,91.2183,23.66,194.4079,111.7749,225.029,171.1096,286.0575,25.1534,66.8273,470.6046,693.675,426.4299,104.2645,580.5225,764.8632,512.0385,242.6234,73.0399,74.5709,181.5647,142.3339,23.427,151.2716,574.3438,185.9337,90.2372,636.2501,27.6177,82.0639,335.16,298.6049,91.7555,73.17,26.5048,340.0207,85.595,41.5516,43.9543,109.4239,41.24,51.6977,149.1084,132.44,79.6996,39.5755,41.4686,133.5573,114.0936,103.7141
2025-08-19,229.7115,166.55,228.01,292.7649,225.0,46.8161,412.3779,975.1603,146.2375,483.3849,114.6104,48.8631,89.0516,11.0641,305.27,56.426,200.8675,703.6984,393.7523,75.4093,91.4484,25.31,195.0354,110.2245,223.3015,172.6145,285.2038,25.5223,67.794,471.9912,698.8027,426.875,104.4263,581.884,749.025,504.7802,239.9181,73.8019,74.0413,175.2103,144.818,23.6606,153.875,566.5514,185.39,88.6673,632.7984,27.675,82.5402,329.31,294.491,92.3739,72.3,26.5725,339.7329,87.068,42.0665,44.2195,108.8116,41.2545,51.7962,149.4342,130.1271,80.5169,40.2812,41.8723,134.4124,114.039,104.3944
2025-08-20,225.1782,165.2,223.81,289.0521,225.62,47.079,416.8378,988.8008,147.4113,486.6244,115.3694,48.7945,89.3707,10.9782,308.36,56.1392,198.6253,703.0154,388.4726,75.3811,91.5826,23.54,195.2314,109.5725,222.5117,173.6241,286.7542,25.2917,68.345,474.3909,701.0187,431.617,104.4739,589.0095,745.2773,500.7699,240.6613,73.4836,73.4441,174.9709,143.457,23.7167,154.9533,563.1876,184.9946,87.2826,631.117,27.9615,82.7211,323.9,290.2321,92.8451,73.52,26.5531,341.2012,87.3183,42.1788,44.2539,108.4857,41.5988,52.0621,149.2959,129.2467,80.9742,40.4359,41.9161,135.1396,112.9127,105.4731
2025-08-21,224.0723,163.71,221.95,287.4935,224.46,46.9914,414.1619,964.0551,149.653,480.7381,114.5513,48.6866,88.8099,10.8253,307.29,55.8821,199.0538,698.4014,384.5661,75.2404,91.3141,23.5,194.506,109.1047,223.0645,173.7115,285.9986,25.3655,68.3064,472.7682,705.3713,432.7783,104.0741,588.2542,736.6855,500.1252,239.3433,73.3871,73.3671,174.5519,141.7914,24.0531,154.1956,560.5802,184.4114,86.3563,628.5851,28.1143,82.3115,320.11,293.6296,92.5997,74.13,26.6885,340.9631,87.0584,42.1507,44.3864,108.3671,41.8849,51.8947,148.7628,128.7792,80.2445,40.2909,41.6291,134.6875,112.2429,106.1534
2025-08-22,226.9218,167.76,228.84,291.8615,230.12,48.1793,431.7833,952.9797,152.1833,489.8539,117.1635,49.6576,90.1442,11.217,310.58,57.7214,205.3717,723.7056,399.1577,75.8502,91.8223,24.8,197.7999,110.8043,231.8106,174.061,290.6791,25.8821,67.794,473.7124,707.2197,431.8105,104.8927,595.2507,752.3242,503.0908,241.454,73.6186,75.4859,177.5546,142.4196,24.1839,154.1373,569.2285,187.1891,86.1807,638.2381,27.4744,82.9212,340.01,297.5692,92.8059,74.64,26.4274,347.2628,88.7431,41.5985,45.2654,109.9275,42.7383,52.7514,151.1915,130.525,80.2445,40.9289,41.8529,135.7981,115.6514,108.1457
2025-08-25,226.324,163.36,227.94,292.0898,226.87,48.1793,428.4433,936.1182,152.2025,481.864,116.0299,49.3731,88.9549,11.2935,309.83,57.6324,207.7634,720.6816,395.3961,75.7001,91.6401,24.55,196.4666,110.6252,229.3724,173.2066,289.3642,25.5408,66.634,469.9554,690.9722,433.2815,104.6167,589.5363,750.8391,500.145,240.6414,72.654,76.2467,179.3701,141.049,23.4924,151.6893,567.5864,186.2401,83.6747,635.4293,27.4458,82.683,346.6,295.0912,91.9616,75.75,26.6402,346.0524,88.2329,41.4019,45.015,110.1053,42.8498,52.4461,149.681,130.2316,78.8725,40.7259,41.381,133.862,115.4183,108.5927
2025-08-26,228.466,166.62,228.71,295.8423,234.83,48.9291,427.4126,935.8795,151.3943,481.7257,115.9707,49.2456,88.8582,11.3126,312.08,58.1467,206.4181,730.5925,394.0811,75.869,91.8798,24.35,196.8293,111.2722,231.2677,172.6003,292.9654,25.55,66.4407,473.9583,731.4171,440.7719,104.6928,587.9462,751.6365,497.9431,242.9503,72.191,75.7459,181.3253,139.907,23.2868,151.5145,569.8654,186.8826,84.4743,638.0898,27.2739,82.6354,351.67,290.8031,91.9518,74.05,26.5725,348.3937,88.0018,41.1491,45.1378,109.6214,42.7819,52.8498,151.2211,130.8284,78.3568,40.6099,41.4734,134.6974,115.9491,108.3497
2025-08-27,229.6417,167.13,229.12,298.066,235.62,49.0557,428.8101,944.0121,153.2031,486.9799,116.4044,48.9514,88.6455,11.3794,312.71,58.0972,206.7569,731.2949,394.7579,75.9628,92.0524,24.85,197.5449,111.4986,232.9063,172.8937,293.662,25.7253,66.5373,474.7352,729.5688,439.8138,104.7309,587.0021,744.9385,502.6047,242.554,71.2746,75.1777,181.1557,140.5161,23.427,152.4762,570.7412,187.1693,85.4787,639.5437,27.7514,82.5402,349.6,294.1426,92.3347,74.68,26.5822,347.5703,88.5506,41.4393,45.2507,109.809,43.262,52.9582,151.2014,131.5347,78.5903,40.7839,41.4832,134.6187,115.9739,109.5742
2025-08-28,231.7041,168.58,231.6,306.405,236.16,49.1628,431.0301,939.4786,153.2801,485.3602,115.9609,49.1377,88.9743,11.1884,315.03,57.8401,210.9024,732.8069,393.9941,76.0003,92.2633,24.93,197.6332,112.2178,233.1827,171.5832,295.4184,25.4947,66.083,474.1844,727.3726,441.4687,104.8927,586.8232,748.6562,505.4811,244.0899,70.0761,75.0428,179.7292,139.8879,22.9878,151.2036,574.314,187.5054,85.8297,641.8086,27.6368,83.0831,345.98,292.6036,92.3052,75.24,26.4855,347.0842,88.3195,41.1211,45.2507,110.2238,43.5917,53.0271,151.4679,132.5742,78.0941,40.6775,41.167,134.088,116.1724,110.1573
2025-08-29,231.2856,162.63,229.0,295.2269,234.68,49.4062,415.3016,937.848,154.5115,472.7185,116.6903,48.9024,88.4521,11.2457,318.07,57.939,212.168,730.8749,393.3365,75.8596,92.1866,24.35,197.6626,110.8865,232.1462,173.2653,295.7619,26.1779,66.692,470.3882,727.9887,440.9365,104.512,591.6034,736.2868,502.5551,241.5234,70.0372,74.5132,173.7539,141.4773,23.1373,152.5539,567.6661,186.7739,85.9955,637.981,27.971,82.4925,333.87,299.9406,92.531,74.84,26.4661,348.989,88.8009,41.4019,45.3145,110.0065,43.8293,53.165,150.0759,130.5399,78.6001,40.8999,41.0162,135.0708,114.9767,111.0709
2025-09-02,228.8745,162.32,225.34,296.0707,237.38,49.0946,412.3383,933.3742,155.6949,470.8816,116.5819,48.8631,87.5819,11.1979,325.59,57.8797,210.6134,716.7527,392.8917,75.7776,91.9115,24.21,196.6529,109.9159,230.8925,174.1357,294.0742,24.3528,66.7597,466.3067,730.5823,441.1021,104.1624,588.2046,732.7086,500.998,240.2946,70.6204,71.9187,170.3622,143.0287,23.3429,153.4767,562.9089,185.4493,87.5459,633.2534,27.7705,81.8786,329.36,298.9049,92.2954,76.76,26.6402,347.2925,87.3279,40.9994,44.9757,109.8189,43.8923,52.7711,148.6443,129.2218,78.4736,40.2039,40.88,135.1986,114.1183,111.4596
2025-09-03,237.5923,162.13,225.99,300.1905,232.38,48.7441,411.4166,944.2706,152.0678,463.7114,115.7046,49.0495,87.7173,11.1024,328.14,57.1083,229.8561,716.4683,394.2455,75.985,92.2289,24.0,196.5058,111.0183,230.6655,174.077,293.8877,25.2045,66.692,463.9857,733.2058,437.7488,104.7832,589.6059,734.6422,501.2261,240.473,69.6289,72.3543,170.2026,141.4678,23.1654,153.6516,567.3376,186.4971,85.0789,636.6854,27.7323,82.7775,334.09,298.0145,92.3347,74.83,26.5918,348.0862,87.3761,40.9432,44.6712,111.6558,42.908,52.6824,147.894,129.9928,78.4152,40.0975,40.7778,134.5598,114.5798,108.7579
2025-09-04,238.8975,161.79,235.68,303.8735,230.75,49.2893,416.4711,950.3551,151.7118,469.0248,117.1142,48.8925,88.3554,11.1597,326.69,57.5039,231.4904,734.4545,400.3525,76.1923,92.6426,24.61,198.1136,112.0013,233.548,174.8203,298.1168,25.2326,65.9767,466.0675,738.2539,445.3426,105.4996,591.9512,746.2043,503.8247,242.7224,68.8902,72.9449,171.2401,139.8023,22.9317,154.6425,572.4728,188.138,84.8448,642.0063,28.248,83.4085,338.53,300.4343,92.4819,74.18,26.6305,348.2052,88.0307,41.3551,44.8431,112.6631,43.1941,53.2339,149.5625,130.6345,78.4638,40.3682,40.7292,135.0708,116.6735,109.2341
2025-09-05,238.8078,151.14,232.33,332.4541,229.61,48.7312,419.3056,957.8911,147.8346,467.4051,116.227,49.481,88.7519,11.217,331.05,57.7716,234.181,723.9708,407.4126,76.2301,93.0947,24.49,197.6234,111.8072,234.7128,174.4976,288.854,25.5415,65.6963,463.2359,722.6523,452.215,106.1874,580.6019,749.9919,490.9606,242.0882,68.9193,71.5508,166.6114,140.6893,23.2495,155.4488,573.2989,187.0408,83.3042,640.1469,28.2575,84.6803,350.84,305.2838,92.2659,72.63,26.4951,340.4969,89.0223,41.5423,45.1574,113.2655,42.3601,52.259,149.0096,130.7439,78.6876,40.7742,40.6027,135.5328,116.6487,106.1534
2025-09-08,237.0045,151.41,235.84,343.1358,230.95,48.4277,419.0082,966.2125,148.1617,475.553,117.1437,49.9322,89.6414,11.1693,334.82,57.7022,233.4329,727.5405,408.3753,76.2301,93.3833,24.48,197.5449,112.4393,235.1866,174.2042,287.4116,25.1765,65.184,468.2775,734.0107,447.5457,106.5599,582.9672,749.8424,494.1344,244.2485,67.8209,71.7832,167.8983,136.1916,22.9411,154.4676,576.0954,187.5251,82.0755,641.7196,27.5986,85.8086,346.4,309.9881,92.3445,73.04,26.4081,339.5841,88.5024,40.5501,45.1967,113.3939,42.2631,52.2984,149.3453,131.7237,78.3957,40.5035,40.1893,135.4836,117.1002,106.7559
2025-09-09,233.4875,155.82,238.24,334.2212,229.52,49.2404,414.3601,973.5697,148.9795,469.7162,115.6947,50.2068,89.3417,10.9782,334.06,57.5138,239.0084,749.1848,403.902,76.1452,93.162,24.44,197.7704,112.7977,233.8046,173.06,292.2589,24.9612,65.5996,467.1035,745.9056,445.5473,106.3689,580.3833,763.1986,494.3427,246.1908,68.1125,71.2507,170.3423,137.5275,23.0906,154.9048,577.7275,187.8118,81.7245,643.2032,28.0952,85.3209,346.97,336.7714,92.5114,73.39,26.5145,341.2608,88.3003,40.7841,44.4601,114.0359,42.4668,52.5249,148.3383,131.9774,78.5514,40.4842,40.4665,136.2109,116.9364,107.5334
2025-09-10,225.9553,159.54,230.33,366.8818,227.52,49.0837,419.1371,950.7427,151.808,465.5188,114.1373,50.5501,89.3223,10.9113,335.26,56.8495,238.5496,754.7357,401.8501,76.2018,93.4121,24.77,197.2705,113.5368,233.39,171.9157,294.8984,24.9425,65.561,466.3734,749.8906,452.1858,106.6841,575.7919,749.5234,496.2867,252.067,69.0554,71.88,176.8962,137.1046,22.9598,152.855,577.9166,187.3868,80.8176,645.0625,27.8851,85.8086,347.79,335.668,92.0205,74.71,26.5338,335.4373,88.1559,40.7092,44.5436,113.1964,43.2086,52.3476,149.4342,134.3698,77.7827,40.4649,41.1621,134.9726,115.5373,109.3313
2025-09-11,229.1834,155.67,229.95,357.0141,219.99,49.6908,427.5315,958.7263,152.2506,470.5655,115.4089,51.2857,90.2699,11.2361,334.76,58.2078,239.7465,769.5934,411.7595,76.3903,93.5564,24.61,199.8487,114.134,237.7038,174.566,299.8241,24.8208,65.3676,477.1176,751.5402,458.873,107.1808,585.084,748.4469,496.9215,251.6608,69.3276,71.9574,176.7465,138.6134,23.2308,154.0985,581.2805,189.3637,80.3106,650.4232,28.162,86.3823,368.81,342.2791,93.1691,73.0,26.4468,340.7647,89.7636,41.3176,45.4766,114.9345,43.2183,53.2043,150.8558,134.8224,78.4152,41.1222,41.381,137.3215,117.7849,108.9814
2025-09-12,233.2085,158.57,228.15,357.2524,215.94,49.5243,427.6703,962.2856,151.1538,464.6891,114.3048,51.2563,89.9122,11.1597,335.42,57.9996,240.1754,765.0135,411.0496,76.3149,93.2871,24.08,198.6429,114.5073,235.2755,174.1357,301.1488,24.4558,64.7779,475.5884,750.6558,459.4384,106.9897,576.8155,753.1217,505.7389,251.2248,69.6387,70.6699,177.395,137.9407,22.3057,153.3893,583.8481,188.6125,79.862,650.2054,28.2384,86.0094,395.94,341.2144,92.4132,73.31,26.4855,336.7369,89.3496,41.1585,45.0199,115.8925,42.9613,52.9779,149.6513,134.7329,78.1525,40.9385,41.5902,135.7392,118.3951,109.0009
2025-09-15,235.8288,161.16,231.43,361.4417,215.75,49.5341,432.0508,954.5307,151.3462,463.3064,113.9697,51.629,90.5116,11.1597,338.91,58.4458,250.9573,771.5843,411.069,76.5317,93.441,24.77,198.5645,115.6072,236.2725,173.4902,303.1014,23.9878,64.4955,470.3495,743.5009,461.3295,107.324,579.3498,762.2018,511.1544,252.3148,69.5026,70.6989,177.3251,135.1633,22.3991,152.3499,588.844,189.2352,80.6226,653.6671,28.2862,86.2102,410.04,338.8668,92.1285,74.23,26.3984,336.36,89.2052,41.0649,44.6565,117.522,42.8159,52.8597,150.3424,135.9466,77.2573,40.8902,41.6875,134.5794,119.4221,109.1855
2025-09-16,237.2735,160.46,234.05,357.3814,215.02,49.6027,436.7386,946.5473,153.4917,462.9015,113.5853,52.0115,90.2602,11.0928,339.59,57.9599,250.5085,770.3781,409.8438,76.4751,93.4987,25.27,198.4089,115.4156,235.8834,172.571,303.386,24.2686,64.5247,465.1598,759.9174,462.3726,107.2285,582.7883,776.4552,504.886,251.7029,67.8792,70.4279,174.462,134.577,22.3337,153.535,588.3464,189.0558,82.2705,652.7672,28.0092,86.3919,421.62,330.9672,91.7462,75.67,26.234,337.3322,88.7335,40.9432,44.519,117.048,43.5335,52.7415,149.8982,135.474,77.6076,40.6485,40.9286,134.5794,120.1564,111.4499
2025-09-17,238.1104,159.16,231.62,343.652,214.63,50.3272,446.6395,957.4437,154.0208,463.3163,114.4428,52.2371,89.9218,11.1406,336.97,58.2276,248.8827,778.9003,405.5163,76.3997,93.2967,24.9,198.9997,114.9549,236.4873,173.2947,305.8979,24.0814,65.304,473.4375,755.366,461.2028,107.0375,594.9227,773.1859,505.8579,251.4248,68.3458,70.0019,169.883,135.7303,22.4739,155.7499,587.1721,189.5513,81.1492,651.9561,28.2098,86.1719,425.86,332.7497,92.1995,74.97,26.3211,343.4532,88.618,41.3832,44.6221,117.3541,43.6353,53.2536,149.2169,135.0065,78.0746,40.6292,41.0308,134.8448,119.8538,112.0427
2025-09-18,237.0045,157.92,231.23,342.838,215.66,51.042,462.7941,946.8356,152.8182,470.2297,113.2206,52.1096,90.2699,11.217,335.62,58.7531,251.3763,788.7957,405.9831,76.5694,92.9889,30.57,200.0042,115.6075,242.3775,170.3217,307.3502,24.409,64.739,469.6292,758.1485,461.6902,106.8178,582.4207,777.701,504.3008,252.9743,68.8124,69.7986,175.8188,135.2497,22.5673,152.8259,592.4666,190.2747,81.3442,655.0024,27.8851,85.2827,416.85,326.1358,92.3276,74.69,26.4468,335.4968,88.8105,40.8777,44.6221,117.443,43.4996,53.3028,150.8065,137.3393,77.3935,40.6582,41.06,135.1102,119.313,110.721
2025-09-19,244.5965,157.39,231.48,342.431,215.65,51.1595,462.3779,945.6426,150.2879,463.82,112.1362,51.9919,89.9218,11.1024,339.18,58.4755,254.0593,789.4724,404.2424,76.5977,92.9504,29.58,199.6694,116.7333,240.5362,172.3069,308.8711,24.7272,64.7098,472.5989,747.277,461.0273,106.7318,580.5422,775.8372,513.7034,255.0901,69.0943,68.6272,176.2477,136.2396,22.4552,151.5824,596.4772,190.9584,82.4558,658.2465,27.7036,85.1201,426.07,327.9573,92.4754,73.52,26.5241,338.8996,88.2329,40.6998,44.6025,117.9269,42.9226,53.421,151.1718,138.7319,77.2378,40.4552,41.3226,134.9332,119.7645,109.6423
2025-09-22,255.1375,159.79,227.63,336.902,212.09,50.8364,467.8882,937.7885,150.134,463.2274,110.9534,52.2469,90.2119,11.1406,345.05,58.3764,251.875,790.0216,400.654,76.6543,92.7965,28.76,199.3838,117.7371,241.932,170.3706,306.575,24.6898,64.4955,471.3656,750.2184,468.2897,106.493,580.8702,763.1751,510.2519,255.9642,70.3288,69.0048,183.1712,135.5381,22.4645,148.6973,600.0084,192.0187,83.1676,661.3608,27.6177,84.8141,434.21,332.4478,92.5739,73.45,26.4274,341.6278,88.2521,40.4003,44.5872,117.5156,42.8732,53.3498,151.6773,140.7729,76.3767,40.5886,41.7232,134.8987,119.3743,108.8648
2025-09-23,253.4936,160.9,220.71,337.0511,216.34,50.621,467.0558,938.1265,151.4521,465.8348,110.6478,52.2763,90.0378,11.2075,346.46,58.0789,251.0072,790.767,399.594,76.5977,93.0562,29.34,199.5315,116.5066,241.3875,172.6883,306.8694,24.8582,64.9825,473.5164,742.2984,474.4115,106.7032,566.4401,753.4404,505.0744,255.0702,70.2997,68.666,178.0035,136.3742,22.5486,148.1436,596.0229,191.1169,83.5577,657.7606,27.4935,85.407,425.85,338.672,92.771,75.05,26.4081,336.0127,88.7335,40.5781,44.4441,117.3472,43.6116,53.1127,151.717,139.5577,76.7588,40.9101,41.9387,135.2048,118.2511,110.7404
2025-09-24,251.3814,160.88,220.21,337.419,215.1,50.621,465.5989,939.7867,153.1454,463.1385,111.811,52.0997,89.5157,11.1119,343.32,59.4075,246.4989,777.1449,398.4854,76.494,92.8061,31.22,199.1376,115.879,239.1701,172.7959,307.5366,25.0267,64.7292,467.7842,737.2006,474.002,106.2733,565.2874,758.6868,505.9869,253.4412,71.7675,68.9467,176.547,136.6337,22.5112,148.0659,593.9305,190.453,82.173,655.6678,27.0447,85.0819,442.79,342.6852,92.7908,76.39,26.6015,335.9929,87.8607,40.419,43.9014,116.376,44.1789,52.9645,150.9338,138.6961,76.9253,40.4912,42.2374,134.6617,119.0861,111.3333
2025-09-25,255.9246,161.27,218.15,334.227,213.53,50.7678,459.583,937.8381,154.627,460.9263,111.3772,51.7957,88.8776,11.1024,344.75,60.0717,245.1524,779.4299,396.2293,76.2772,92.6041,33.99,198.212,115.2936,236.8833,173.813,307.566,24.1563,64.2714,467.4389,710.1115,472.1402,106.0823,563.7867,746.9672,502.8924,251.8916,72.5646,67.0299,177.2653,134.4713,22.0533,147.8036,591.3699,189.5612,81.744,652.6429,27.0256,85.0819,423.39,336.5973,92.2487,76.99,26.7852,332.2726,87.5983,40.5781,43.3291,115.9796,44.575,52.8262,149.9127,138.4521,76.1905,40.3938,41.831,132.4304,117.4061,112.3343
2025-09-26,254.5198,159.46,219.78,332.6657,221.26,51.1203,461.6049,910.6368,154.0882,458.2498,111.8504,51.6976,89.5641,11.475,346.74,60.7162,245.9005,787.0305,398.7966,76.428,92.556,35.5,199.8761,115.7843,238.9127,175.7494,310.127,24.3809,63.9694,468.0605,719.999,475.1621,106.2256,561.6302,741.8207,507.2862,252.9545,73.731,67.0977,177.7641,134.971,22.2029,148.1436,593.801,190.8494,81.3149,656.382,27.0352,85.0054,440.4,335.1556,93.1652,77.02,26.6885,334.6933,88.4633,40.8215,43.8323,117.1093,44.9858,53.2115,151.261,138.8704,76.3767,40.7932,42.5117,133.783,119.1407,113.9183
2025-09-29,253.4936,161.36,222.17,326.0726,217.08,51.3259,467.4026,911.5515,150.1821,459.7312,113.1417,52.1684,89.9122,11.5514,352.46,60.5972,243.417,788.6094,395.5972,76.56,92.8253,34.48,200.1125,116.2127,239.1898,177.6173,309.764,24.0533,64.3299,470.1126,721.9568,479.5877,106.579,564.6215,741.4716,510.4005,253.9279,74.081,67.33,181.4154,134.7115,22.287,149.1442,596.551,191.6025,83.5089,658.2267,26.806,85.7034,443.21,336.2271,93.3426,74.59,26.6305,337.4611,88.4925,40.4845,44.0001,117.4859,44.1593,53.4783,151.7269,139.6124,76.5237,40.8711,42.6341,134.1779,119.6626,111.0028
2025-09-30,253.6929,161.79,219.57,328.0714,215.83,50.5133,472.8932,920.2607,149.4028,453.1802,112.8657,52.3744,90.2796,11.4272,355.47,60.4485,242.4694,780.9892,394.0315,76.5317,92.7869,33.55,200.4768,116.6735,239.5264,181.3335,309.5089,24.3716,64.6026,468.6425,758.218,486.6356,106.4739,565.2874,732.475,513.7233,254.7325,73.3811,67.5043,186.134,134.971,23.8101,149.2607,598.1851,192.7321,82.4948,660.7061,26.9683,85.4548,444.72,336.344,93.7565,73.75,26.6015,338.6714,88.8521,41.1398,44.2172,117.3075,43.6898,53.2214,152.8967,140.3744,76.7784,41.0367,42.7076,137.4065,119.1059,109.5742
2025-10-01,254.5098,164.01,220.63,331.5321,215.2,49.6223,476.5305,912.0188,148.7197,447.6996,111.3378,52.7863,91.0241,11.7234,356.03,60.8153,244.2647,770.3583,386.0865,76.6747,93.0995,35.94,200.7525,117.3635,240.0511,181.9496,304.8775,24.5962,65.0507,460.5622,820.2468,486.4309,106.9015,570.2167,715.4791,515.4689,254.1862,76.4723,71.8316,186.7925,137.5659,25.4268,148.8041,601.0545,194.0599,82.2998,662.9575,26.3094,85.6755,459.46,339.2662,93.589,73.14,26.5918,345.0703,88.9881,41.0275,43.7534,115.6624,43.6898,52.7472,152.4704,141.749,76.6608,41.0367,43.1189,141.652,119.8515,108.8356
2025-10-02,256.1836,169.73,222.41,336.2953,217.43,49.4264,486.1935,911.4521,147.5556,457.6995,110.5394,53.0315,91.1691,11.6756,354.79,58.8523,245.0527,764.3466,384.1319,76.6463,93.196,37.3,200.9396,117.498,241.5657,181.8812,301.7768,24.3996,64.3883,463.1965,814.7117,486.7818,107.0741,573.7546,725.1639,511.5312,254.0968,75.9959,72.1898,188.4385,136.7682,25.3053,147.7064,603.5255,194.5752,84.5621,663.7211,25.7937,85.925,436.0,344.5456,93.451,71.54,26.6305,343.2052,88.5216,40.625,44.2616,115.4048,43.2497,52.7077,152.867,142.516,76.3571,40.8224,43.0406,141.3756,118.9866,108.1554
2025-10-03,257.0704,164.67,219.51,336.4843,216.3,49.5831,493.4086,910.0702,147.7288,458.7501,110.8647,53.1884,91.933,12.1056,357.64,59.6157,244.7136,774.7421,384.1805,76.561,93.0126,36.83,201.8259,117.0546,243.3575,184.4825,304.2102,24.3903,64.9241,460.4833,834.6062,491.7826,106.9398,576.8553,708.7167,513.1281,252.5671,77.8234,69.634,187.1716,136.4511,25.5763,147.9202,600.9848,194.6842,84.2695,663.7112,25.8414,85.7619,429.83,350.8576,93.7663,71.71,26.5822,347.0643,88.8521,40.8777,44.3356,115.3453,43.4796,53.0732,153.0752,141.7988,76.4453,40.988,43.5401,142.9849,118.2212,110.0699
2025-10-06,255.7453,203.71,220.9,333.6203,219.73,49.3383,490.9606,905.6559,148.181,453.2298,111.1407,53.4336,92.1457,12.1343,364.38,57.6923,249.7804,781.4111,378.6083,76.58,92.7425,36.59,202.0819,117.7919,244.3276,184.0131,304.8511,23.6509,64.3883,462.2789,839.7538,501.287,106.5947,575.2255,713.8035,524.2566,252.5075,79.8162,68.8983,185.0966,134.2598,24.6979,146.1133,605.4983,195.0211,80.0668,666.0915,24.705,85.0806,453.25,349.4646,93.6974,72.87,26.7079,346.5088,88.0162,38.7903,44.2961,115.4642,43.6947,53.0535,153.7889,143.2331,75.8868,40.5789,43.9612,142.2938,119.2352,110.9834
2025-10-07,255.5361,211.51,221.78,334.5352,221.82,49.2404,482.3679,909.4935,149.0372,457.3923,110.9238,53.0217,91.3432,11.389,366.26,56.7702,245.1225,774.4185,376.1577,76.4948,92.974,37.17,201.4123,117.1343,241.7043,184.727,303.382,23.7913,65.0604,464.0746,838.3427,498.1969,106.796,576.249,711.2302,519.704,252.7956,80.8854,66.7104,184.5977,135.3074,24.5484,148.1824,602.3099,194.0302,79.2672,663.6219,24.982,85.5699,433.09,354.2278,93.855,73.2,26.8626,349.6239,87.6955,38.7528,44.1185,115.0183,43.7632,53.1226,152.9165,142.2769,76.5922,40.4523,44.162,142.4024,117.1477,111.0417
2025-10-08,257.1102,235.56,225.22,343.5746,225.32,48.7998,497.6404,909.4935,147.9116,456.6391,110.2929,53.4434,91.6139,11.217,372.3,55.9176,243.9855,761.532,373.2209,76.3811,92.9933,37.43,201.816,118.305,244.2386,185.5094,299.7732,23.4731,64.4078,461.5685,840.4195,501.0726,106.6618,572.8701,715.9779,520.5669,254.206,81.6923,66.8847,188.658,133.4333,23.997,146.3853,609.2147,194.9022,78.0483,667.5792,25.0679,85.6371,438.69,360.3254,94.0423,73.53,26.9206,348.5723,87.2387,38.678,44.3553,114.5426,43.5089,52.8657,154.2449,144.772,76.2101,40.2477,44.4656,142.6788,117.4956,110.8085
2025-10-09,253.105,232.89,227.74,343.0972,216.0,48.7508,495.8961,937.4206,145.8912,452.1495,109.4058,52.8942,90.8597,10.9877,365.43,55.4417,240.9035,764.9154,367.2888,76.1633,92.9258,37.8,200.5851,118.2154,242.6645,186.8688,301.2522,23.4356,64.6513,452.028,849.9893,494.9702,106.4509,561.7944,731.6072,518.137,254.3253,81.3715,65.8876,192.1097,139.0748,23.5859,146.2784,608.4774,193.9906,77.7948,665.6452,24.9247,85.5699,435.54,358.1533,93.5003,72.51,27.1043,344.2865,86.7625,38.2193,43.7485,113.8885,42.9172,52.678,151.9648,144.528,76.4551,40.0627,44.353,142.3629,116.9091,109.7297
2025-10-10,244.3673,214.9,216.37,322.8209,210.73,47.6346,486.917,924.6153,143.2551,442.3676,107.6315,50.9424,89.187,10.9017,369.12,54.8766,235.9564,749.6163,365.4023,75.7182,93.5047,36.37,196.3903,114.4467,235.3984,186.5167,296.6772,23.5386,65.304,447.7461,828.2662,492.3285,106.7481,554.7589,703.4704,506.7903,248.2959,81.0215,63.1382,182.7222,144.2356,23.156,145.4139,587.3546,189.2738,76.5076,647.6542,24.971,86.9517,413.49,345.3054,92.6232,69.39,26.9689,340.9235,85.6545,37.9432,42.8505,111.7875,41.675,51.532,148.6041,138.6463,76.5138,39.6243,44.1718,140.3092,113.6934,107.6111
2025-10-13,246.7485,216.42,220.07,354.7122,215.56,47.8402,500.2569,930.1331,146.1798,435.1921,108.6961,52.4234,89.9025,11.0259,378.09,55.1442,243.5167,771.6039,368.9226,76.1917,93.553,37.22,198.4877,116.7159,241.9518,186.6927,303.6581,23.5011,65.0702,450.5283,814.2646,491.1393,107.1124,556.5104,713.8434,509.8551,253.0339,81.945,65.2293,187.8699,143.092,23.1093,143.2767,599.819,191.1268,78.0385,657.5919,24.7007,86.9037,435.9,349.3575,92.909,70.28,27.0656,340.5762,86.1988,37.8479,43.5314,112.8182,42.2423,52.026,150.1507,142.0229,76.2591,39.8484,44.5097,140.1513,116.2332,109.0786
2025-10-14,246.8581,218.09,216.39,342.2122,214.3,49.0446,522.7643,941.0196,146.6128,443.9533,109.5832,51.9526,90.3086,11.131,380.79,56.6612,244.8133,755.8929,377.0426,76.2769,93.7942,35.63,200.014,115.8416,245.4067,186.6439,297.8505,23.81,65.7618,453.1034,807.2587,492.4552,107.4671,565.148,706.8117,509.379,252.4181,82.2755,65.481,179.5997,145.6388,22.9131,144.899,595.8237,191.2755,79.1307,656.7886,25.222,87.1819,429.24,350.5945,93.3229,69.0,26.9883,345.6159,87.0832,38.6097,43.9655,113.5615,42.2374,52.599,151.9153,140.2001,77.4837,40.2282,44.9063,140.5363,116.4767,109.1272
2025-10-15,248.4223,238.6,215.57,349.372,214.0,51.1889,529.2856,949.4503,146.3434,444.4587,110.1155,52.8059,90.7437,11.2361,387.39,57.3056,250.3788,753.1174,377.6066,76.5232,93.688,37.15,200.7525,116.3298,247.8122,186.9568,301.41,23.576,65.3429,445.3782,821.3896,486.8306,107.4671,560.0629,715.6886,509.2401,253.1531,83.3934,66.2748,179.4002,145.2736,22.7916,143.2087,600.0283,191.9493,80.7981,659.7044,25.1641,86.99,435.15,351.7829,92.8794,68.99,26.9109,342.9473,88.3467,38.4478,43.7682,114.3642,42.213,52.599,151.2808,141.5896,77.6209,40.8127,45.494,140.7536,116.6457,108.4664
2025-10-16,246.5393,234.56,214.47,352.1764,211.89,49.3873,536.134,920.2507,145.9585,453.0811,108.3116,53.1492,91.2175,11.217,396.45,56.8495,250.8077,743.4673,376.7217,76.2485,94.1222,36.84,198.7536,115.7669,242.5952,187.8859,294.3601,23.5199,65.8397,438.2943,814.2446,480.8257,107.7739,547.196,710.2228,507.435,251.1963,82.674,64.7065,181.3754,146.7248,22.6421,145.3264,597.8064,190.5422,82.2413,655.2116,25.2895,87.6425,428.75,347.4191,91.9728,67.81,26.8046,332.7389,88.0357,38.4288,43.4426,113.1452,41.7044,51.1368,150.2894,141.6942,77.0821,40.686,44.9994,140.5166,115.5174,107.5237
2025-10-17,251.3615,233.08,213.04,347.3832,212.94,50.2097,522.3779,930.8987,147.2766,454.4091,109.0904,53.1394,91.3819,11.389,388.99,57.8806,252.643,736.2885,381.1075,76.4474,93.9678,37.01,199.7383,116.3522,240.9619,188.9616,293.3938,23.8849,66.6677,444.8553,797.7984,482.6779,107.563,558.2319,715.0602,509.3889,251.1069,82.1686,65.2196,182.7821,147.7243,22.9037,147.075,601.7321,191.7016,83.2359,658.9308,25.4247,87.5082,439.31,347.3509,92.6922,67.98,26.8336,339.1774,88.6091,38.6097,43.3587,113.9083,42.0467,51.5518,150.4183,141.9432,78.1107,40.949,44.8427,141.4546,116.5115,109.0786
2025-10-20,261.2748,240.56,216.48,347.2937,216.82,50.9539,527.9537,930.6799,148.6235,458.314,110.3619,53.8652,92.136,11.4559,403.15,57.5039,255.8845,748.5964,378.1804,76.5989,94.0933,38.1,201.7766,117.7346,245.6641,189.4506,298.1266,24.0627,66.6677,445.5163,803.89,493.1571,107.8889,563.5956,730.2707,512.5727,252.5174,82.4019,65.4616,182.2035,147.657,23.0719,147.619,609.3143,193.832,82.4265,665.7841,25.193,87.844,447.43,355.0266,93.2441,67.83,26.9013,341.6774,89.5033,38.8477,43.8767,115.1967,42.4917,52.1544,152.1929,143.527,78.0422,41.3776,44.828,142.9553,117.4359,109.5257
2025-10-21,261.8029,238.03,222.03,340.7504,217.26,50.4447,521.4634,932.0618,147.9597,455.7174,112.6685,53.2669,91.4592,12.0005,377.24,66.0502,249.8103,744.3401,380.1351,76.4853,94.267,38.12,201.944,117.7047,244.5058,187.6511,292.9304,23.941,69.3757,444.0561,794.5588,477.1702,107.9081,569.238,731.3679,513.4356,251.8718,81.6436,66.178,180.727,147.2149,23.2214,147.2887,609.155,194.3473,83.7625,665.7741,25.1448,88.2758,442.6,355.8935,93.3525,68.27,27.0076,344.4552,89.2506,38.3716,43.709,115.603,42.3939,52.0951,153.5411,143.6017,77.6797,41.251,44.3726,143.291,118.8723,109.5354
2025-10-22,257.4988,230.23,217.95,338.4035,216.59,50.0335,510.7886,939.2002,149.6722,458.2347,111.466,53.2178,91.3238,11.8763,377.28,66.7343,251.0372,730.2374,378.2582,76.4095,94.2863,36.92,201.107,116.7582,240.8925,188.6878,289.9921,23.9972,68.9763,443.8982,807.3382,474.8697,108.0135,568.5712,731.5074,516.2921,249.2395,80.5258,66.875,179.8491,147.0708,23.0999,147.8521,603.2864,193.079,83.3724,662.3128,24.6621,88.3334,438.97,352.1141,93.3032,70.63,26.9786,342.6198,89.6296,37.8956,43.5758,114.602,42.9367,51.7987,151.5485,142.1823,78.1205,41.4361,44.2697,144.1105,117.9429,111.479
2025-10-23,258.6246,234.99,221.09,342.3713,217.77,50.6797,517.3386,936.5854,150.6247,465.2317,111.4167,53.6886,91.7493,11.7903,378.79,66.2782,252.4235,736.2983,374.4267,76.58,93.9775,38.16,201.9539,117.7994,243.9416,188.2281,290.4161,23.7819,68.1289,444.0561,815.8942,475.7567,107.8794,570.9695,732.0959,516.3119,251.2659,80.9243,67.4558,181.7246,145.6099,23.0532,147.8619,608.3578,194.3077,83.3139,666.2403,23.7644,87.7289,448.98,351.1011,93.0568,73.29,26.9883,343.2151,89.5713,36.5625,44.0988,114.2155,43.5089,51.9074,153.4419,143.9752,77.7385,41.3971,44.2354,144.1895,118.4747,112.7133
2025-10-24,261.8527,252.92,224.21,352.1565,221.35,51.4728,519.5551,926.7329,149.6626,468.5419,110.0859,54.0417,91.8943,13.2235,377.52,69.0642,259.2458,768.7598,376.0312,76.7884,94.0643,38.28,203.1454,118.8605,246.9213,186.2038,296.2335,23.6322,67.9048,440.0307,820.2766,473.1832,108.0615,570.87,736.4446,519.337,253.7889,82.0519,66.9041,185.8148,145.6484,23.1373,149.1698,614.8541,195.0707,83.9477,671.6852,24.2664,87.7672,433.72,353.0979,93.1258,73.18,26.9883,344.6238,89.8337,36.9624,43.9162,114.5128,43.0688,52.4706,153.5708,146.2113,77.4837,41.5432,44.7545,144.1796,118.1218,112.1399
2025-10-27,267.8207,259.67,226.97,360.0323,223.0,51.9134,523.8687,924.4562,149.3932,473.8343,110.7365,54.64,92.5325,12.6693,367.01,68.7866,268.5715,774.7519,374.6601,76.9778,94.0643,39.54,204.327,120.8108,247.7825,186.106,299.8915,23.9504,68.2458,438.8665,821.2305,474.6454,108.2436,569.5663,748.8723,527.1825,256.1926,83.6267,66.4006,191.0323,146.6863,23.1467,148.4361,625.8041,197.3696,85.0496,679.6095,24.6428,88.0647,452.42,356.4876,93.5496,73.12,26.9593,345.0604,90.0864,37.3528,43.8965,116.1084,43.1715,52.6879,154.4432,148.9107,77.6111,41.6309,44.877,144.5153,119.8216,112.6744
2025-10-28,268.0099,258.01,229.25,370.8915,223.33,51.7665,521.2844,918.7992,148.2868,464.0127,110.0564,54.6204,92.4938,12.5451,364.38,69.2724,266.7762,776.8115,375.1269,76.902,94.1512,41.53,202.9484,121.9292,246.456,182.8102,301.0846,23.8849,68.3432,436.7946,814.9601,473.5341,108.2532,563.1678,749.4907,537.6464,256.2224,81.2354,65.2777,200.5495,144.274,22.8944,148.0741,630.6166,197.3201,83.3042,681.4146,24.8069,88.295,460.55,358.2993,92.8597,71.39,26.9399,344.1476,88.3175,37.4385,43.9557,115.5336,42.7216,52.352,153.3428,150.3848,76.8372,40.7055,44.1375,143.6069,119.8515,111.79
2025-10-29,268.7074,264.33,230.3,383.829,213.58,51.4826,581.9338,907.1273,149.22,469.2654,108.6665,54.9342,91.9717,12.6502,363.0,68.5387,273.8578,767.9556,367.6292,76.6652,93.5433,41.34,201.5994,122.4772,244.3573,182.4875,301.2325,22.8179,66.58,426.228,808.4313,473.1053,107.6397,551.8732,749.7201,537.1306,256.292,79.476,63.2641,206.5452,140.4683,22.6981,145.5307,633.4562,196.5174,82.0755,681.7419,24.2664,87.4026,461.51,346.0457,91.687,71.8,27.0947,338.5722,86.0433,38.2859,43.0923,115.2462,43.0394,51.4628,153.7393,151.4655,75.0247,39.5951,44.1228,142.1556,118.8624,113.17
2025-10-30,270.4012,254.84,222.86,374.372,200.08,51.9232,579.608,914.8423,147.6999,461.2575,110.2437,54.3654,91.5656,12.4782,370.13,68.0826,280.7499,774.9186,369.0976,76.5232,93.4082,40.16,200.6836,120.6066,242.3874,184.8835,305.1075,23.0051,67.1937,424.156,839.2073,477.3846,107.0645,550.9775,664.7411,521.4695,251.8618,79.3593,62.8284,202.4051,141.8042,22.6981,146.3231,623.7715,194.9121,81.0809,674.244,23.8224,86.8941,440.1,335.8083,91.8841,71.71,27.201,342.2925,86.4515,37.0957,42.515,113.2939,42.7851,51.6012,153.3527,149.6029,74.9463,39.8191,43.9367,142.4715,116.1785,111.4596
2025-10-31,269.3749,256.12,244.22,367.5701,201.02,52.3344,573.7538,907.4449,151.7407,457.5112,111.0125,54.2379,91.3625,12.5451,368.12,68.499,280.4606,774.1439,369.1365,76.5232,93.4468,39.99,201.4418,120.9503,243.7535,184.7075,306.7639,23.1455,67.1158,412.7014,857.4522,479.4902,106.6331,549.2958,646.6681,513.5844,252.5174,79.126,62.5283,202.006,140.401,23.0345,147.0959,626.7806,194.5158,78.8576,676.4556,23.8899,86.635,456.56,332.701,91.825,72.56,27.2784,338.0365,86.675,37.8384,42.2683,113.7795,43.0981,51.7395,153.7195,149.7473,74.7308,39.8386,43.6331,142.4221,119.2501,111.1389
2025-11-03,268.0598,259.65,254.0,360.5295,204.55,52.4421,567.1244,923.962,148.2002,457.8185,110.5197,54.5812,91.4012,12.4304,368.78,67.6365,282.9841,770.3682,367.9307,76.2852,93.4023,39.5,200.9396,121.5431,242.9714,182.155,305.0188,22.7711,66.2099,406.6634,890.9112,475.6495,106.3464,541.4144,636.0557,512.8108,251.8221,79.4954,60.6502,206.3855,138.008,23.0439,144.7971,629.7796,194.2383,78.9454,677.7252,23.6776,86.4183,468.37,325.1326,91.4013,72.74,27.2977,334.227,86.5486,37.5813,42.0068,112.5704,43.103,51.5221,153.0652,150.3599,74.143,39.7704,43.6576,142.6196,120.3684,110.5558
2025-11-04,269.0462,250.05,249.32,349.9787,198.05,52.4226,544.2541,936.6062,147.5748,464.1217,109.8789,53.5807,90.4633,12.2203,362.32,66.298,276.8201,775.5757,372.5304,76.2947,93.5185,37.03,199.7678,119.411,238.7741,182.7418,304.9202,22.6214,66.882,412.3463,901.1764,472.764,106.4907,550.0521,625.6927,510.1328,247.541,79.4079,59.2756,198.2151,137.3352,22.7075,143.9656,616.9963,192.752,77.6192,669.6917,23.5907,86.6109,444.26,322.2493,91.4702,71.93,27.3847,337.6,86.6944,37.4385,41.7996,111.7974,42.6384,51.7889,151.2907,146.3906,74.4467,39.8776,43.5009,143.2614,118.3703,110.9251
2025-11-05,269.1458,256.33,250.2,356.9795,197.62,51.3553,565.6931,930.9213,146.8725,469.4636,109.7705,54.0613,91.0434,12.526,366.51,68.1818,283.5725,777.7922,363.5449,76.3709,93.0732,38.38,201.0676,119.5529,242.2191,181.9007,307.3161,22.5933,66.7359,412.6324,920.0076,461.2223,106.1732,550.6093,634.3003,503.0213,248.4747,79.8453,60.1275,194.7434,137.2968,22.9972,142.6156,621.0117,193.5149,80.8176,672.0125,23.7065,85.6672,462.07,319.2394,91.5983,71.03,27.3944,337.3421,86.7722,37.7908,42.0463,112.402,42.7509,51.9667,151.8756,146.9634,74.3977,39.8678,43.5107,143.8143,119.8117,110.4781
2025-11-06,268.7771,237.7,243.04,353.6083,196.5,52.1778,566.3193,919.5217,147.1419,471.1385,108.9129,53.6592,90.8404,12.5355,366.07,68.2512,284.0114,772.3885,358.9062,76.3994,93.5475,37.24,199.9943,117.6101,237.9326,182.8493,309.0318,22.2002,67.2717,409.7614,931.5648,457.1086,106.7312,550.5795,617.3344,493.0434,245.2762,79.7092,59.9145,187.6305,136.0666,23.2214,142.9482,609.4439,191.5133,80.174,664.8022,23.8803,86.4376,445.91,313.2197,90.9972,70.88,27.2494,334.2865,86.3543,37.9146,41.8391,111.3911,43.1666,51.779,151.2709,144.0101,74.0646,39.673,43.3197,144.0907,117.0433,111.275
2025-11-07,267.4819,233.54,244.41,347.4826,194.61,52.0897,559.6798,918.6854,149.1431,463.6162,109.1593,53.5023,91.1788,12.7675,368.31,70.1448,278.1067,771.1724,360.89,76.4661,93.5862,38.13,201.2941,117.4258,239.1799,182.4582,309.8107,22.7243,68.7231,414.8819,918.5767,446.8048,106.5195,549.2759,620.0972,492.7657,246.5179,81.5853,59.14,187.7003,137.3833,23.2309,143.7797,607.5209,191.4539,83.4407,665.4567,23.9671,86.2546,429.52,315.801,91.6378,71.26,27.23,333.354,87.6955,38.1145,42.3423,111.1037,43.7876,52.1445,152.0045,143.512,75.1521,40.199,43.922,144.2882,117.2272,113.9183
2025-11-10,268.6986,243.98,248.4,356.3928,194.81,52.3051,567.3828,911.5369,149.7492,470.1574,110.6379,54.4438,92.136,12.7192,378.38,70.4423,289.3475,781.8229,360.2288,76.7231,93.4604,38.45,202.7022,120.0212,241.5756,184.2576,312.4532,22.8179,68.6938,415.0398,960.5818,440.7122,106.5773,550.261,630.1212,501.8708,250.9281,82.4019,58.8593,198.5743,137.0661,23.1929,142.332,620.9619,194.1293,82.4948,675.8407,23.9671,86.2354,445.23,313.2392,92.032,71.68,27.2494,332.1933,87.6469,37.9432,42.7419,112.2632,44.1838,52.3322,152.867,147.1825,74.8778,40.1698,43.9073,145.4137,118.768,114.8902
2025-11-11,274.5028,237.52,249.1,349.9986,195.21,52.5107,564.4805,909.8444,150.3168,473.6856,113.2107,54.5027,92.8129,12.8545,379.87,70.6108,290.5544,794.68,363.9338,76.8087,93.7508,37.88,204.0808,119.7946,241.7835,189.5582,311.201,23.0893,69.7556,420.9397,982.424,445.557,107.0006,555.6247,625.4533,504.5289,250.0838,83.3642,61.1343,192.6983,139.4303,24.2579,145.3058,619.3079,194.7338,84.2695,677.3879,24.305,86.6302,439.62,318.957,92.9287,72.72,27.2107,336.231,88.6285,38.7525,43.186,113.175,44.7608,52.5694,152.9066,145.9275,75.8575,40.6179,43.9318,148.7707,119.0612,116.4062
2025-11-12,272.7277,258.89,244.2,353.2404,195.5,52.9807,569.5396,909.9838,147.5075,476.4904,114.985,54.5125,93.364,12.9995,385.99,71.2255,285.9663,822.7872,360.9095,76.6564,93.7701,37.89,204.8292,119.5803,241.1895,190.1058,315.9239,23.1642,69.6582,423.2188,1011.4012,445.5278,106.8948,558.4907,607.4302,506.9688,249.905,83.4906,62.1508,193.3368,138.7672,24.6003,144.7873,618.8196,195.2193,85.0886,677.7648,24.7587,86.7843,430.6,330.2659,93.1849,69.79,27.2204,336.8572,87.9676,38.8477,43.4919,112.5209,44.1349,53.0238,153.0553,146.3807,75.7497,40.2964,44.0347,150.8835,118.261,114.793
2025-11-13,272.2091,247.96,237.58,338.0853,194.58,51.7665,550.1877,921.0151,149.6818,469.1861,106.074,53.875,92.3681,12.8352,382.87,71.2751,277.8474,789.9627,357.9338,76.3423,93.4991,35.91,202.3281,117.0497,234.4084,190.9469,305.1469,23.3608,69.2296,422.9031,1016.4594,444.3678,106.3656,552.8583,608.3079,499.1829,244.1439,81.6436,63.9224,186.4134,139.3727,24.5242,144.7384,606.1859,193.1384,84.289,666.518,24.8552,86.0717,401.99,323.8954,92.7415,69.85,27.143,334.0739,86.8888,39.1429,43.2057,110.9253,44.2473,52.3421,150.686,142.7301,75.7497,39.7704,43.4274,150.8046,115.3087,115.4441
2025-11-14,271.6705,246.81,234.69,340.5515,194.52,51.512,550.6649,918.9243,151.6445,471.981,104.2899,53.9044,92.107,12.7482,375.96,69.9168,275.693,775.6542,352.381,76.3614,93.3443,35.52,201.6584,117.3012,235.0915,191.6119,299.3591,23.2578,69.3173,417.7234,1020.3505,454.0379,106.077,543.0663,607.879,506.0166,244.422,81.5367,62.1217,189.7155,140.1704,23.83,144.4547,606.6441,192.6132,83.2676,666.4089,24.7007,85.5806,404.35,313.5119,92.8302,71.38,27.1817,328.05,87.0735,39.0953,42.811,110.3307,45.0004,51.8185,150.6959,143.507,75.6909,39.8873,43.4666,149.9061,114.757,116.944
2025-11-17,266.734,240.52,232.87,340.7404,191.81,50.4056,548.6969,908.58,148.9506,471.7332,104.1814,53.2669,90.9081,12.4486,371.65,67.3291,284.2807,760.6003,348.1703,76.2376,93.4507,34.71,199.4823,116.1953,230.4189,195.1815,296.1645,22.9209,68.8497,412.2575,1016.7878,458.9217,106.1443,534.2296,600.4484,503.3486,241.7302,83.3545,60.8923,186.154,142.0732,23.849,142.645,601.4631,190.5719,82.197,660.2003,24.5849,85.7924,408.92,312.2067,92.3473,71.3,27.2494,323.8056,86.3543,39.0477,42.1598,110.1821,44.1789,50.8305,149.2188,141.2609,75.2109,39.6243,43.8584,149.7777,113.6785,115.3657
2025-11-18,266.714,230.29,222.55,338.6024,189.63,50.5622,543.5583,891.1469,149.4468,469.6222,104.763,53.0021,89.7284,12.5839,374.35,67.349,283.5426,761.326,327.2137,76.2566,93.6056,34.33,199.2361,114.7929,231.1218,195.5922,295.2179,23.3701,69.3757,409.1694,1025.0975,462.7625,106.1924,525.0049,596.1396,489.7604,240.419,82.2755,60.4954,180.9265,142.9766,24.2009,143.7895,594.1397,189.3333,81.8434,654.6562,24.7104,85.7635,401.25,305.4467,92.298,72.5,27.2784,319.2628,86.7041,39.4952,42.1943,110.8064,44.531,50.7515,148.5546,138.965,75.5341,39.7704,43.6919,150.6565,111.581,116.6891
2025-11-19,267.831,223.55,222.69,352.4449,185.7,50.9343,549.7505,886.6865,147.5789,470.534,103.176,52.8157,89.4577,12.4679,374.96,67.9141,292.0505,770.8292,325.2882,76.2947,93.5378,35.11,198.9899,115.6423,231.0822,198.0469,299.0239,23.314,69.2686,407.6697,1044.5536,458.0736,106.202,527.7713,588.7886,483.1448,241.3229,81.9158,60.6406,186.0742,141.3813,23.6589,143.7895,597.6868,190.0071,82.1872,657.1853,24.3919,85.5902,403.99,301.0732,91.825,70.88,27.4524,322.1853,86.0238,39.219,42.3028,110.192,43.9539,50.9392,149.0503,139.9312,74.9561,39.4587,43.3246,150.3998,111.586,115.0422
2025-11-20,265.5273,206.02,217.14,344.8872,179.38,49.9356,542.8129,889.3647,146.2267,472.08,101.2341,52.0899,88.2201,11.9943,374.85,67.458,288.6992,758.7761,323.2266,76.2471,93.7604,33.62,196.8826,113.3209,226.8057,198.5945,294.2024,23.3795,69.366,403.0425,1038.2739,456.4652,106.3464,525.3035,587.6217,475.4139,236.4259,81.945,59.4692,180.2083,140.4106,23.2024,144.9634,583.5385,187.6389,81.1461,647.1683,24.6332,85.9272,395.23,303.4597,91.283,70.15,27.4718,321.8374,85.6642,38.8096,41.6713,108.9829,43.4551,50.4946,146.552,135.5386,75.495,39.3224,43.1042,149.5013,109.921,114.7187
2025-11-21,270.753,203.78,220.69,338.3041,179.7,50.4839,547.0868,895.0596,145.9057,482.8927,102.7916,52.0801,89.5834,12.4002,374.27,69.7284,298.8827,759.0998,333.8654,76.5041,94.0702,34.5,199.9352,113.9809,233.2304,199.4062,293.8474,23.6696,71.0609,407.2159,1054.605,449.1736,106.7216,537.7624,592.7085,469.1436,236.2372,81.6974,60.7955,178.4525,140.6317,23.811,147.6339,587.9225,190.235,83.8274,653.6149,25.0289,86.1872,391.09,311.671,92.3374,69.3,27.4524,326.0223,87.054,39.2571,42.6038,110.8956,43.729,51.0479,148.3365,136.0615,76.3179,39.8386,43.1679,152.6509,112.0781,114.7775
2025-11-24,275.171,215.05,226.28,375.8536,179.12,50.8462,556.201,882.2263,145.6819,482.8828,100.485,52.6294,89.6608,12.5259,380.2,70.3927,317.7536,775.4581,327.3109,76.7136,94.2153,35.79,201.3532,116.5042,237.4871,201.5089,293.8277,23.6135,70.7103,402.2138,1065.0148,439.6985,107.1449,535.2247,611.4597,471.0118,240.6773,82.4314,59.9532,182.1137,139.834,23.9822,143.7797,602.9576,191.9196,81.8533,663.2351,24.7297,86.6784,417.78,310.7748,92.2487,70.42,27.4524,327.3344,87.2873,38.2859,42.6877,111.9956,43.6067,51.2652,148.7033,139.3037,75.4362,39.8971,43.6576,153.2926,113.5741,113.6893
2025-11-25,276.2182,206.13,229.67,382.8842,182.44,51.3847,563.1685,890.4001,144.4951,493.6855,101.8354,52.8157,90.734,12.7288,380.08,72.1575,322.601,786.8442,341.4019,76.9801,94.4573,35.83,204.0907,117.3236,242.6645,203.3985,298.7576,23.81,70.7297,402.3913,1104.6034,441.0144,107.4432,543.8027,634.5696,473.9829,242.5745,83.0186,61.6474,177.395,140.4202,24.4576,145.2569,606.6741,194.2086,84.3774,669.4735,24.9614,86.8998,419.4,317.8174,93.2835,69.25,27.3751,332.5332,88.094,38.6477,43.3241,113.2741,43.3328,51.9074,150.6067,139.6772,76.4747,40.2185,43.4911,156.7581,116.0045,112.258
2025-11-26,276.7966,214.24,229.16,395.3544,186.92,51.884,570.2452,904.269,145.4484,465.6777,101.9537,53.1982,91.7299,12.7482,383.12,72.1872,319.1201,800.27,345.6808,77.0562,94.5347,36.81,205.292,118.2154,244.8127,204.2744,303.3327,23.9597,70.9927,402.4406,1099.0304,442.7203,107.8088,542.2703,631.9664,482.4393,246.0212,83.7134,62.2766,179.8291,142.2174,24.4481,145.0221,612.0344,195.5463,85.1533,674.0952,24.9227,87.285,426.58,321.1584,93.5397,70.04,27.2977,331.7976,88.4827,38.9239,43.857,113.4326,43.6605,52.3125,151.4791,141.3307,77.3074,40.3938,44.0689,156.4126,116.7998,112.5129
2025-11-28,278.093,217.53,233.22,400.7143,189.0,52.5303,572.2629,909.5756,147.0244,460.3457,102.9788,53.2767,92.0393,12.8352,387.88,72.8911,319.3495,810.1066,347.0909,77.0943,94.3702,40.56,206.7691,118.6762,246.2481,203.6445,308.6965,24.2545,71.2265,404.8282,1070.2992,446.3271,107.626,547.8429,646.2692,488.9083,248.574,84.4474,62.567,176.577,142.9478,24.4766,144.934,616.9963,196.2796,85.556,677.7747,25.1158,86.8709,430.17,321.2168,93.9437,71.07,27.2784,332.4437,88.7743,39.1429,44.1086,114.3543,44.2327,52.6879,152.3614,142.5459,77.7581,40.5886,44.3824,155.6523,117.5254,113.6403
2025-12-01,282.3315,219.76,233.88,383.9284,186.46,52.1288,564.6097,907.9527,148.3961,463.9334,105.246,53.2375,91.5849,12.7192,389.75,72.326,314.0732,795.2194,347.4895,76.9557,93.8635,40.01,205.361,118.2751,243.1496,202.0895,304.5948,24.1214,70.5791,401.6908,1052.8037,431.3779,107.0495,541.3149,639.2075,483.6715,245.9914,82.8424,63.7069,179.49,143.6878,24.0297,144.2297,614.9238,195.8733,83.3953,674.6803,24.8938,85.7895,430.14,314.8269,93.1849,71.06,27.2687,328.4179,87.7538,38.7906,44.0001,113.8191,44.6581,52.2532,150.1308,142.6106,77.6797,40.0237,43.3442,153.3222,117.595,114.3363
2025-12-02,285.4131,215.24,234.42,379.4436,205.38,52.0799,578.9321,917.9785,146.1683,464.9641,103.3337,53.2571,91.8943,12.5259,387.24,73.0299,314.9908,803.449,344.2804,77.0991,93.9411,43.47,205.2428,118.7957,242.7041,202.1683,303.5693,23.7316,69.3235,403.3187,1041.0903,433.9611,107.1171,543.2455,645.4214,486.9109,247.1436,82.7739,63.2588,181.0263,142.8229,23.9156,142.6841,619.7363,196.6264,83.6801,675.9301,24.6332,85.8282,429.24,316.1225,92.9189,70.2,27.259,327.6525,87.4428,38.6668,43.6004,114.1957,44.0811,52.2038,151.4394,144.0798,77.1702,39.9263,43.0357,152.404,117.5155,113.1109
2025-12-03,283.3786,217.6,232.38,378.4889,202.54,52.9611,587.8973,918.2075,147.4719,477.5211,104.2307,53.2963,92.3874,12.6515,386.88,74.0511,318.8009,824.5008,348.0536,77.166,94.1353,43.76,207.1137,118.6836,247.1193,202.0797,307.7598,23.7981,69.4608,405.1606,1028.5907,438.8525,107.3585,551.0272,637.9409,474.7183,248.127,83.136,63.9602,179.1608,142.2943,24.315,143.5156,621.2507,197.3102,85.556,678.2706,24.4401,86.0698,446.74,330.899,93.2145,70.66,27.1237,327.6425,87.6663,38.7239,43.9063,114.0966,44.9075,52.9053,152.8769,144.4234,77.229,40.0042,42.8985,153.1149,118.7829,115.4833
2025-12-04,279.938,215.98,229.11,378.9066,201.87,53.0296,595.5109,891.9235,148.1237,478.7203,103.9646,53.2865,92.6388,12.6999,387.13,74.646,316.7961,825.7426,343.7079,77.2234,93.8441,40.5,207.0251,118.9203,249.2873,199.2748,311.6743,23.3798,69.1077,399.7935,1009.6124,440.3749,107.1654,539.663,659.814,477.8087,249.915,81.6093,63.9992,182.9519,141.1891,24.4386,142.195,620.6729,197.4687,83.4837,678.7665,24.5077,85.6059,454.53,324.8403,93.1357,71.39,27.1817,325.1475,87.4525,39.2857,43.6498,114.7507,45.0982,53.0139,153.67,144.9613,76.8567,39.936,42.8104,151.9499,118.3604,114.8363
2025-12-05,278.0232,217.97,229.53,388.0652,201.89,53.0985,599.5064,890.7486,145.9251,470.8709,103.797,53.6886,92.6388,12.5935,386.44,75.55,320.4366,842.2312,347.0748,77.2234,93.6499,41.41,207.2516,119.2615,248.2478,198.7335,310.6291,23.1421,68.6663,395.674,1005.4525,444.1565,107.0591,542.8573,671.6731,480.1141,251.097,81.3549,64.1648,181.9842,140.7359,24.7524,140.3266,623.2036,197.9443,83.6015,680.0558,24.4015,85.2097,455.0,322.3273,93.2046,71.92,27.1527,329.2628,87.3553,39.6951,43.5067,116.0787,44.9124,53.0337,153.2437,146.0221,76.8665,39.9263,42.4088,151.3179,119.0165,114.2481
2025-12-08,277.1357,221.11,226.89,398.8647,206.27,53.0493,592.877,883.6201,144.6702,462.1891,106.0937,53.5709,92.3487,12.6999,385.42,75.2122,313.1109,854.1862,342.4747,77.0322,93.4557,40.3,205.9321,119.1943,248.3468,198.4284,310.7967,23.3037,68.9115,385.5834,992.7937,457.102,106.837,537.8022,665.0703,487.9245,251.683,78.83,61.9045,185.1168,141.3279,24.5052,135.3279,622.008,196.7453,81.922,678.0128,23.9768,84.9294,439.58,317.3457,92.5247,70.49,27.1913,324.8891,86.6847,39.3238,42.9048,115.2165,44.4234,52.8361,153.0553,147.048,76.2297,39.6828,41.8408,149.5112,117.2868,113.6991
2025-12-09,276.4276,221.62,227.92,404.0258,200.37,52.695,590.7499,884.5361,144.4561,458.7302,105.4924,53.4827,92.223,12.6419,387.4,76.6527,316.4644,863.9336,337.9333,76.9461,93.3198,40.5,205.4496,119.1843,248.8616,196.7947,296.3026,23.0375,68.7545,386.5736,977.4975,458.5852,106.7018,534.9263,655.2558,488.9182,251.8022,77.9394,61.7,184.5382,140.3671,24.0868,136.5898,622.7751,196.6066,80.8122,677.4276,23.6583,85.0164,445.17,317.3261,92.298,69.86,27.23,324.5511,86.3543,38.2193,42.816,115.3453,44.6972,52.6385,151.9351,147.4365,76.4061,39.449,41.8701,148.0598,117.2769,115.9245
2025-12-10,278.0232,221.42,231.78,410.6685,198.72,53.2265,611.6124,870.5677,147.2968,464.7164,107.2766,54.0809,93.248,12.9608,389.05,80.2688,319.5883,876.4109,343.6688,77.2043,93.6208,40.78,208.256,119.3786,252.2472,203.2705,305.7681,23.1516,68.8723,388.8512,988.8627,459.6165,107.1943,536.2299,648.4435,475.5431,254.206,79.5346,64.0966,183.351,145.2776,24.5147,136.7756,625.3259,197.5281,82.3542,681.9204,23.5424,85.345,451.45,322.0037,92.4951,70.54,27.085,323.7857,86.6653,38.0098,43.6547,116.0192,45.1667,53.2412,154.7109,148.1437,76.6314,39.5269,41.8506,150.2122,118.9966,117.1891
2025-12-11,277.2753,221.43,230.28,404.1053,200.71,53.6989,621.8102,880.5934,146.6256,471.6935,109.8691,53.8259,93.7991,13.1734,393.24,80.3185,311.8234,897.8865,349.8643,77.1947,93.6305,39.51,209.5952,119.3113,255.2071,206.6856,312.9363,23.1896,67.7932,399.3676,1004.527,466.4331,107.0398,560.6202,651.0168,480.4221,254.3451,79.4759,65.9964,180.5076,144.6371,24.5337,137.6952,623.3033,199.183,83.2283,683.5072,23.4556,85.229,446.89,330.2016,93.2736,69.25,26.9883,343.5669,87.0443,38.2955,44.5231,115.7615,44.9515,54.2094,156.3665,147.3867,77.1996,39.7412,42.1542,151.6339,119.4638,117.1891
2025-12-12,277.5246,210.78,226.19,357.9241,204.38,54.2697,594.2585,880.5835,145.9154,480.4745,110.0071,53.1982,93.306,13.2991,395.44,80.3582,308.6895,875.1494,352.0077,77.0513,93.3781,37.81,208.5514,117.4083,251.2968,208.2307,314.0603,23.2467,69.1763,412.1815,1022.5698,471.7075,106.3928,569.1384,642.5588,475.5132,247.7893,79.9065,65.7334,174.6114,146.1996,24.5812,139.7299,611.3868,197.6966,83.8274,676.1581,23.7258,84.4075,458.96,335.2125,93.2539,68.81,27.027,345.7538,86.9374,38.9334,44.5527,115.5039,44.5114,54.2884,155.385,143.1236,77.807,39.6925,41.9485,152.1078,119.9807,116.4833
2025-12-15,273.3659,207.58,222.54,337.9163,205.5,54.4567,586.1779,856.7786,145.7306,483.6559,109.6498,53.0413,93.8764,13.1928,395.8,81.441,307.6216,876.7559,349.4042,77.0895,93.4557,37.51,208.8567,116.8753,249.3961,210.7797,315.5394,23.2942,69.6178,412.9241,1057.083,475.8033,106.5183,566.3521,646.3571,471.8266,246.6768,79.9065,66.0354,175.8784,146.7527,25.1328,141.97,608.318,197.875,83.8765,675.1365,23.4652,84.4655,475.31,334.4868,93.3919,67.89,27.0076,344.8194,87.2095,38.8477,44.5231,115.5237,44.1984,54.3279,155.6328,141.739,78.0226,39.8484,42.3305,154.122,121.0045,115.4441
2025-12-16,273.8645,209.17,222.56,339.3979,206.71,53.9449,585.353,856.6093,142.7634,481.1088,110.7712,52.706,93.4413,13.2121,395.89,81.2225,305.9748,866.4664,345.1858,77.1373,93.7178,37.31,207.1142,117.1356,248.2161,205.9868,311.1319,23.4653,69.0292,419.3806,1049.2211,468.5742,106.7598,563.2573,655.9799,473.3868,246.7177,79.5835,65.3924,177.3051,145.9278,24.2769,142.0483,609.5236,196.9913,83.5622,673.2919,23.2336,84.9294,489.88,327.7206,92.72,66.17,26.9786,343.05,86.5681,38.8001,44.4047,115.603,42.8487,53.9821,154.7109,141.998,77.6699,39.4977,42.1542,152.1177,121.2034,112.4247
2025-12-17,271.1021,198.11,221.27,324.2031,206.33,53.689,558.4772,858.8594,145.4582,476.7084,109.7887,52.328,92.6833,12.8642,399.29,79.9807,296.1439,859.7449,349.1693,77.0417,93.6984,36.05,206.4513,115.0337,245.5741,207.0005,310.5699,23.5319,69.3235,418.222,1036.7811,466.3446,106.6439,562.7099,648.3435,473.1184,240.911,78.5755,63.9992,170.5409,145.6464,23.811,144.5917,598.2249,195.1724,83.6899,665.8832,23.5135,84.8521,467.26,325.2005,92.7892,67.98,27.0366,342.3542,86.8888,38.9239,44.5921,114.7705,43.7974,53.9723,152.2028,138.8405,78.0324,39.673,41.8799,151.8412,119.8018,115.101
2025-12-18,271.4511,201.06,226.76,328.0416,208.27,53.4036,562.3932,853.8217,143.6779,470.8115,111.0193,52.9249,93.3429,12.8738,398.57,80.6364,301.8728,863.6576,347.4467,77.2521,93.9411,36.28,206.857,116.5048,247.0342,205.0125,308.6176,23.5319,69.0194,414.9047,1051.7986,461.7773,107.0495,563.4464,663.2669,480.9289,245.0842,79.1236,63.9408,173.7335,144.9574,23.811,142.3515,606.8932,196.5739,87.8248,670.9115,23.417,85.258,483.37,321.7781,92.8684,67.19,27.056,343.9446,86.432,38.4764,44.5724,115.4246,43.1617,53.8833,153.1941,140.982,77.5817,39.4295,42.2913,151.9597,121.6109,114.2481
2025-12-19,272.9272,213.43,227.35,338.4632,214.08,54.3977,572.7202,851.8602,143.7362,466.3715,110.3941,53.4422,93.9729,13.0188,399.02,81.8086,306.5637,880.5897,337.669,77.2146,93.7298,36.82,207.6683,118.0606,249.1001,203.1032,312.7687,23.3037,68.7251,417.3208,1066.2886,465.6964,106.7741,569.437,657.597,482.8567,250.2434,77.8415,57.1989,180.5675,143.7831,23.9536,141.3146,614.8043,197.6374,86.7543,676.9923,23.3108,84.9398,481.2,321.0721,93.1356,68.03,27.143,347.1653,86.1016,37.9146,44.7698,115.4741,43.1617,54.1797,154.5126,144.03,77.18,39.2834,41.7526,152.9767,121.1238,114.3952
2025-12-22,270.2344,214.95,228.43,340.1968,216.84,54.9981,578.8726,846.265,145.7306,464.5875,111.5254,53.7307,94.2092,13.0091,408.23,82.4841,309.1786,886.0302,339.0295,77.2819,93.6324,36.37,209.2514,118.7613,251.8714,204.0382,318.5663,22.9614,68.8723,419.3806,1071.3043,474.9685,106.7547,572.8901,660.3221,481.863,252.3749,78.3308,55.7472,183.2612,142.7059,23.9727,139.5831,617.7513,198.6612,84.6328,681.2099,23.4556,84.7554,488.73,318.8559,93.7392,69.73,27.03,349.9883,86.5439,38.0669,45.2984,115.9872,43.6085,54.845,156.2256,144.8071,76.9104,39.5749,41.9075,153.9851,121.8519,115.8264
2025-12-23,271.6207,214.9,232.14,348.0379,216.85,55.0866,578.8824,851.0339,146.4213,462.0504,112.3591,54.0292,94.79,12.8448,413.64,82.206,313.7397,888.701,337.6397,77.3395,93.5934,36.35,209.3801,119.5068,250.3815,202.5225,321.3666,22.5336,68.5387,420.9551,1066.4877,473.9666,106.8614,573.5369,663.756,483.7808,253.3012,78.0862,55.8641,188.7683,139.4355,23.6589,140.0625,620.6445,198.9494,82.364,684.3233,23.61,84.8913,485.56,318.5028,93.759,70.3,26.94,351.2707,86.4851,38.0098,45.3778,116.713,43.8946,54.954,156.1659,145.5952,76.545,39.565,42.0555,153.6777,121.6826,117.0715
2025-12-24,273.0667,215.04,232.38,348.9346,218.16,55.3622,580.2144,868.0289,146.4115,463.2694,113.6095,54.1386,94.9081,12.9125,411.93,82.3351,313.4802,897.6401,339.9593,77.4837,93.8369,36.16,210.3102,119.7985,251.0072,204.4909,324.5612,22.8378,68.7742,420.757,1071.802,477.1097,107.2783,576.6218,666.3614,484.9434,254.4465,78.7321,58.4557,188.1697,139.4937,23.8015,141.344,622.4603,199.7744,83.0613,686.7305,23.8031,85.4054,485.4,321.2289,94.0756,70.2,26.95,353.0202,87.0539,38.3907,45.467,117.4089,43.7663,55.2514,156.6732,145.9443,77.1475,39.8211,42.243,154.4808,122.1009,116.8754
2025-12-26,272.6578,214.99,232.52,350.8376,216.44,55.2835,579.459,869.5123,145.9446,464.7461,112.6965,54.5166,95.0656,12.8642,416.74,82.5139,312.9014,893.9541,342.3475,77.4452,93.9246,36.2,210.2112,119.7636,249.7259,204.3433,323.3189,22.9424,68.5387,420.6283,1072.5682,474.4381,107.2686,576.771,662.1089,484.6353,254.0083,78.6929,59.3617,190.0852,139.5325,23.8585,141.5885,622.4203,199.8141,83.5622,686.6609,23.7934,85.1241,475.19,325.3965,94.1152,68.48,26.97,352.881,87.152,38.543,45.7348,117.2896,43.5987,55.1424,156.3848,146.1737,77.2561,39.8998,42.2134,154.7287,121.5631,116.7676
2025-12-29,273.0169,215.61,232.07,348.1077,217.25,54.4764,575.0956,864.0266,146.8882,466.0444,113.3217,54.3774,94.7802,12.8352,398.6,82.3848,312.9513,879.3085,340.067,77.4741,94.0609,36.68,209.8056,119.1677,248.1963,204.2744,319.2171,23.0565,68.8232,422.381,1073.5436,480.1742,107.414,575.0793,657.5172,484.0292,252.4745,78.5559,59.6345,187.7806,139.9789,23.773,141.4222,619.4074,199.2874,84.0435,684.2139,23.9092,85.4443,459.64,322.5626,94.0756,69.61,26.98,352.4933,87.3285,38.543,45.3679,117.2101,44.0129,54.845,156.0465,145.5154,77.3055,40.0081,42.2924,154.4907,120.3679,118.1596
2025-12-30,272.3387,215.34,232.53,348.566,218.5,54.4075,573.883,861.8462,148.1724,465.7471,113.9171,54.5962,94.9377,12.7868,398.89,81.7887,313.2407,871.6604,338.9904,77.5509,93.9635,37.3,209.7066,118.9209,246.3587,203.6347,318.8918,23.2276,68.7349,424.1833,1074.5587,479.3197,107.288,574.6017,664.7642,484.4069,251.7773,78.8104,59.615,187.1022,139.9013,23.7635,140.9135,617.9708,198.8898,83.7292,683.3784,23.9478,85.2405,454.43,325.7202,93.9569,69.74,27.05,351.5092,87.5051,38.7525,45.3579,117.6078,44.3483,54.7062,155.5989,145.0565,77.1771,40.0968,42.391,154.3618,119.8798,118.6106
2025-12-31,271.122,214.16,230.82,344.8298,217.12,54.1319,569.3905,858.5507,148.2697,463.0122,112.9049,54.4271,94.534,12.6805,396.31,80.7854,312.3923,866.3186,336.7881,77.4741,93.6519,36.9,208.1235,118.0108,244.5014,203.674,317.7086,23.0565,68.578,422.2325,1069.5131,475.0667,106.8323,568.0936,658.9147,480.5712,249.3072,78.5657,62.0702,186.0646,139.2802,23.6779,140.1897,612.8629,197.4187,82.7077,678.3152,23.9768,84.5614,449.72,323.7099,93.1752,69.16,27.03,348.6166,86.7891,38.781,44.981,117.0411,44.1017,54.2997,154.3057,143.62,76.7129,39.7324,42.1246,153.4893,118.9336,117.9734
2026-01-02,270.2744,223.47,226.5,346.3441,227.77,55.067,594.7753,850.7452,151.6648,464.2354,110.9995,55.9492,95.5283,12.8932,398.28,80.4476,314.5381,901.1488,338.4716,77.5125,93.574,39.38,209.9639,117.6268,247.1037,204.0677,320.9229,23.1896,67.803,424.926,1075.1658,488.2283,106.8032,560.3814,649.2519,469.9585,251.7175,79.2018,61.6512,188.4091,138.0283,23.9441,138.7027,611.6757,197.9853,82.472,679.5586,23.7065,84.4352,438.07,329.8779,92.6705,68.96,27.11,344.4119,86.8185,38.5811,45.7448,116.2258,45.0289,54.4583,157.1507,143.9492,76.7228,39.762,42.6081,154.1933,117.8778,120.238
2026-01-05,266.5345,221.08,233.06,342.1596,228.13,55.9921,612.3579,871.8918,159.3989,463.5392,113.2026,56.566,96.621,13.0188,408.76,82.6033,315.9254,934.7568,336.7784,77.7143,93.8564,39.37,212.3584,118.0781,251.0271,201.0758,329.3631,22.6001,66.6455,428.8771,1036.5024,502.4704,107.1038,565.7949,657.6169,469.8691,254.0979,79.5835,62.8691,187.6808,135.7865,23.9346,137.3137,616.5342,199.9632,85.0158,684.0845,23.8513,84.8524,451.67,335.389,93.0168,70.22,27.07,351.6881,87.0147,38.305,46.201,117.0709,46.2521,55.648,159.0109,144.2684,76.387,39.8112,42.1345,153.7273,119.8201,122.8947
2026-01-06,261.6478,214.35,240.93,342.5083,229.84,56.3464,619.3055,885.1931,152.2874,483.3101,113.6988,56.9838,96.7687,13.3377,413.18,81.6397,313.7297,941.6854,341.8679,77.7335,93.7882,40.04,214.2878,118.6167,254.3545,201.5482,331.4133,22.3529,66.5474,432.8975,1058.9243,512.7542,107.1038,577.5074,659.4437,475.4934,257.076,79.3193,63.668,186.8029,134.8549,24.1819,136.8637,621.9514,201.6828,87.8641,688.153,23.4942,84.6778,432.96,342.2043,93.5611,68.51,27.16,355.4257,87.6522,38.3716,47.1135,116.6533,45.0191,55.9157,161.1695,146.2934,76.5055,40.0771,42.3417,156.7514,120.587,118.6694
2026-01-07,259.6233,210.02,241.56,342.2393,228.12,54.7618,592.8969,878.7018,150.9839,472.5893,112.0514,56.556,96.4044,13.2798,409.23,81.3715,321.3549,927.4438,341.6428,77.7143,93.9635,42.63,212.0912,118.9209,253.7586,204.2055,323.8661,21.8775,66.2531,429.907,1102.7623,488.0319,107.1813,577.0894,647.535,480.4221,255.4426,76.6965,61.5928,188.6685,132.9625,24.0392,135.0344,622.55,200.7087,85.1435,685.9348,23.137,85.1726,431.41,335.0752,93.195,67.79,27.2,353.7557,86.7989,38.2098,46.3002,116.4147,44.516,55.1325,158.1355,146.1737,75.6661,39.5257,41.3155,158.3082,120.4177,116.1598
2026-01-08,258.3368,204.68,246.29,331.2597,227.38,55.2933,604.4363,911.288,154.9238,498.0486,113.3018,56.5759,96.4143,13.9176,411.49,84.5703,324.8082,921.3431,351.9196,77.7719,93.6811,41.11,213.8624,118.0058,256.5298,202.493,326.6393,22.2769,68.0483,435.4028,1079.9724,509.2182,106.8808,577.2387,644.9096,475.0959,252.3151,77.7926,63.5803,184.608,135.2528,24.0487,138.4484,619.0084,201.1858,86.6069,685.8651,23.3301,84.7457,435.8,340.1254,93.5314,70.54,27.27,350.1275,87.5737,38.6287,47.1135,116.8024,45.9167,55.42,159.3292,143.8893,77.4635,39.8211,41.4339,156.7812,122.4296,120.4928
2026-01-09,258.6659,203.17,247.38,343.7039,234.53,54.9685,613.8687,920.8159,157.7061,485.3985,114.9988,56.8445,97.2707,13.7243,414.47,82.3252,327.9321,925.4333,366.6792,77.8296,93.7882,45.55,215.2971,118.7289,258.4766,201.1546,326.0451,22.2673,69.1665,439.75,1058.4465,533.2628,107.2686,573.5911,651.8971,476.2585,255.9605,78.1841,64.2233,184.4284,135.7768,24.2294,138.781,625.1738,202.8358,87.2944,690.401,23.1563,85.3084,445.01,337.311,93.6501,70.78,27.33,347.6822,87.7503,38.524,47.8673,117.23,46.0351,55.2514,161.08,145.7947,78.2634,39.8801,41.947,155.9781,123.9137,122.1594
2026-01-12,259.5435,207.69,246.47,350.9173,239.81,54.319,625.9449,938.936,157.9299,488.0439,111.9621,57.6404,97.8614,13.56,422.23,82.355,331.2157,935.8508,366.9728,77.868,93.6713,44.06,215.4257,118.9956,259.738,206.4002,321.39,22.2388,69.1567,439.3044,1075.8026,541.4348,107.1425,564.3625,640.8269,474.1718,257.9126,79.3878,63.9505,184.5083,137.184,24.0297,140.3364,625.6926,202.9948,88.3552,691.4852,23.1837,85.0562,448.96,333.9083,93.8678,71.65,27.28,341.1514,87.8679,38.5918,48.1252,116.872,45.7095,54.8152,162.3135,146.4331,79.1818,39.9983,42.0161,156.0475,124.0232,121.5908
2026-01-13,260.3414,220.97,242.6,353.3085,244.55,53.6792,632.6639,937.791,159.4183,496.7756,112.1209,57.2126,97.3003,13.5117,421.63,82.6927,335.3177,924.6153,371.6708,77.868,93.7882,47.29,215.2179,118.6366,259.589,210.268,307.9298,22.3529,69.8826,438.5815,1072.011,548.3692,107.3752,543.1445,629.9663,467.7028,257.8727,79.8967,64.5935,185.3762,139.2414,23.9156,141.0994,624.7648,202.299,88.9445,690.1026,22.754,85.2017,447.2,327.4559,93.2939,73.48,27.35,325.9229,88.3583,37.7878,48.3335,116.2158,46.3606,53.7643,163.149,146.1239,80.1002,40.3036,42.2825,155.4129,123.7145,124.0515
2026-01-14,259.2543,223.6,236.65,338.6426,242.61,51.6517,634.8704,946.8012,162.6968,509.2865,112.6667,57.4514,97.7531,13.3764,425.94,80.696,335.188,919.2144,367.9614,77.868,93.983,48.72,216.0194,117.2229,261.4166,215.0904,304.9287,23.1231,70.0788,435.69,1068.1298,562.5131,107.6467,544.9684,614.424,456.484,254.7055,80.2294,63.8823,182.7124,141.6093,24.3245,143.1635,618.0905,201.3846,89.5239,686.7106,23.0567,85.6965,439.2,328.4659,93.6402,72.61,27.33,327.2052,89.1233,38.5821,48.3534,115.9673,47.4061,53.685,163.4077,144.3482,81.2063,40.7565,42.5983,156.5234,121.7623,127.6395
2026-01-15,257.5091,227.92,238.18,341.761,247.74,51.76,643.2491,952.5459,161.6461,512.2104,112.5476,57.7896,97.7137,13.3474,423.33,80.3781,332.1339,961.7812,371.1031,77.868,93.7882,48.32,216.8901,117.355,263.721,216.0943,306.3055,23.047,69.1371,435.7494,1028.0034,567.6107,107.511,540.8125,619.6946,453.7811,256.1796,80.4349,62.9275,186.6133,142.2401,24.6193,141.4809,620.3153,202.2593,91.6159,688.5807,23.1739,85.6771,438.57,332.3883,93.5908,71.13,27.43,325.7936,89.7412,38.1268,48.5617,115.5398,46.9623,53.9031,164.9097,145.1064,81.3445,41.0618,43.0324,155.631,122.2105,126.5905
2026-01-16,254.8363,231.83,239.12,350.4192,247.68,52.134,642.9609,959.3757,161.7434,511.5739,110.3544,57.5708,97.9795,13.1444,421.29,80.2887,329.3593,948.1212,372.0917,77.9161,93.4279,46.96,216.6823,117.3326,263.9693,215.1987,309.4848,22.3719,69.0979,434.6799,1033.4076,572.07,107.2007,537.6632,619.1456,456.9609,257.3449,81.8442,62.7229,185.7952,141.9975,24.3911,141.3831,619.7965,202.0804,91.3311,688.0037,22.9395,85.1823,437.5,324.6023,93.4324,71.65,27.43,326.3403,90.8397,37.6909,48.2839,114.5058,47.0412,53.9725,166.0239,145.2659,81.0878,41.564,42.8154,154.4213,121.8121,127.3356
2026-01-20,246.0303,231.92,231.0,331.3793,249.0,51.2777,626.6423,960.0229,160.8095,505.8853,109.501,57.0137,96.493,12.8352,437.23,77.2984,321.3748,929.76,367.1392,77.7143,93.0578,48.56,213.6645,114.3605,260.8107,214.7558,299.8477,22.5906,70.3829,428.9266,1036.2836,565.8133,106.5511,529.9394,603.0443,451.6546,251.8271,81.7267,61.9922,177.6543,143.2979,24.2674,143.7993,606.6276,198.3232,91.9892,673.9982,22.9005,84.0666,419.25,331.8686,92.6309,71.86,27.21,323.8752,89.1528,37.8556,47.7979,112.8156,46.9524,52.7432,162.6716,141.4951,81.3347,40.7664,42.391,154.0842,118.6448,127.8944
2026-01-21,246.9777,249.8,231.31,327.5932,250.07,51.2482,642.9609,978.5411,162.2006,526.6009,112.3293,57.9587,97.4873,13.3088,443.6,80.3979,327.7425,939.2609,376.4667,77.9449,93.3013,54.25,216.8209,115.298,265.9856,214.5589,299.1545,21.2976,70.638,435.0662,1073.3346,575.8024,107.191,525.7836,611.8686,441.3102,254.3768,82.0595,63.7264,182.892,142.4051,24.6193,142.8798,614.8282,200.7485,94.7098,681.7769,22.9493,84.7069,431.44,341.0079,93.3533,73.34,27.27,323.3384,89.5059,38.0106,48.8394,113.9689,48.0868,53.0009,165.4867,143.4603,81.4137,40.9141,42.4503,156.92,120.9157,130.9824
2026-01-22,247.6758,253.73,234.34,324.2954,251.41,51.6222,645.9795,971.8805,162.1325,519.5101,112.3491,58.3965,97.8712,13.2508,451.79,80.6066,329.8983,940.8773,372.9334,78.0025,93.2915,54.32,217.3947,116.1856,267.9721,215.0313,300.7292,21.6018,70.5006,441.2948,1082.1519,583.3457,107.3946,531.0557,646.4768,448.2959,255.0442,83.2534,63.7751,184.4085,140.1342,24.819,146.6655,619.2977,201.4045,94.1205,685.338,23.0274,85.0756,449.36,347.5976,93.7491,71.82,27.15,324.4119,88.6231,38.2431,49.1171,115.5795,48.2446,53.3479,164.6312,144.5278,81.2458,40.5103,42.1444,156.9498,122.1308,131.0118
2026-01-23,247.3667,259.68,239.16,318.8754,252.15,50.9037,624.2712,978.9294,162.1909,511.6038,110.1361,58.7646,98.4127,13.1058,458.0,79.1562,327.2933,905.6233,375.6152,77.9641,93.4473,45.07,216.1777,116.7541,263.0257,216.6552,294.8757,22.0582,71.4914,447.167,1059.173,580.3107,107.4625,522.9631,657.587,463.0126,254.4665,82.999,63.3659,187.2319,140.3089,24.7996,147.9236,621.2531,201.4542,95.8785,685.5865,23.0372,85.3084,449.06,349.353,93.8876,73.95,26.91,324.233,88.7997,38.2818,49.5634,116.2854,48.5208,52.6143,163.3579,144.7372,81.8778,40.6187,41.9963,156.1466,122.6388,132.3157
2026-01-26,254.7167,251.31,238.42,323.6577,248.43,51.199,633.5363,973.374,162.9497,513.7021,110.4636,58.864,98.9049,12.9898,464.7,78.9078,332.613,918.416,378.3165,78.0025,93.5837,42.49,216.801,117.4822,262.2013,217.9839,298.164,22.4195,71.1775,450.5932,1057.6404,571.3137,107.5498,525.5742,671.1628,467.3153,255.9206,83.6449,63.3172,186.0347,141.5608,25.022,147.2734,623.9866,202.4978,94.6115,689.0681,22.9005,85.7159,435.2,344.8225,94.5209,73.48,26.78,326.5292,88.682,38.3787,49.6229,117.0908,48.5504,52.9514,163.5171,145.7248,81.7494,40.5891,42.3022,156.7614,121.832,132.1882
2026-01-27,257.5689,252.03,244.68,331.5686,244.56,51.3466,636.5151,966.0165,164.4576,516.3376,109.7689,60.028,100.4996,13.4634,476.1,85.8121,333.9005,916.3069,372.2776,77.9929,93.4766,43.93,216.8109,118.2975,262.9462,220.8871,297.441,22.5336,72.1486,448.6128,1034.5121,584.3673,107.4334,518.6478,671.7717,477.5503,259.1775,85.289,61.4661,188.0799,144.3848,25.6215,146.1404,629.6432,202.9053,94.0124,691.8135,22.461,85.1823,430.9,277.2191,94.3329,75.66,26.47,323.3185,88.6526,38.0881,49.5734,116.2258,48.9942,52.5449,164.1935,147.69,82.1247,40.6187,42.8548,154.1338,122.2005,134.1391
2026-01-28,255.7439,252.74,243.01,332.0169,241.59,50.9923,640.8688,956.5582,165.3137,522.1256,108.7269,60.4359,99.4365,13.3571,494.56,84.3418,335.3576,923.2946,367.3251,77.868,93.3987,48.78,216.9989,118.0083,261.5258,224.1152,297.8965,22.0487,71.6679,447.0977,1018.8776,586.646,107.2783,519.6046,667.5392,478.5937,259.048,85.7001,60.638,191.0729,144.1131,25.0027,145.1552,631.7283,203.0346,93.4624,691.7438,23.5059,84.9883,431.46,288.3196,94.1647,76.62,26.63,325.0282,87.7404,38.1753,49.5436,116.0766,49.3691,52.535,163.2784,148.8672,81.2952,40.2248,42.7561,153.0034,121.2842,134.8743
2026-01-29,257.5789,252.18,241.73,329.5162,234.04,52.2423,662.7464,948.7028,166.5395,527.1578,110.7315,60.1275,100.1059,13.531,495.9,85.6929,337.5933,926.5569,363.9093,77.8584,93.496,48.66,217.929,117.0483,261.5954,223.692,303.4926,22.0011,72.0309,450.5636,1019.216,611.437,107.3074,541.8888,736.9954,430.7671,260.0739,86.297,60.9887,192.0606,144.2975,25.2347,147.6773,627.9473,203.5017,92.2052,690.3712,24.5411,85.0077,416.56,286.6232,93.6897,79.14,26.59,329.8195,88.9664,38.5627,49.5932,119.0991,49.8228,53.0902,164.9893,146.5129,81.1075,40.7368,42.7561,152.5176,120.7065,137.7467
2026-01-30,258.7757,236.73,239.3,330.084,233.72,52.3604,654.896,937.3973,172.0943,525.0992,111.9423,58.7944,99.1707,13.4151,444.95,83.4477,337.3438,921.9148,366.6302,77.9449,93.4376,46.47,217.5432,116.1782,257.9005,223.6527,302.9677,22.5716,73.3846,452.5143,1032.1635,622.9388,107.2007,536.9655,715.2242,427.5774,254.8649,86.023,60.2191,190.6838,149.0915,25.5634,149.5195,620.4051,201.1958,90.3097,688.3121,25.5958,84.5323,430.41,281.3671,93.9965,79.52,26.85,319.909,89.0547,43.1252,48.8691,119.3874,50.3555,52.9811,164.5715,143.5302,82.4704,40.7959,42.6772,153.4298,120.6866,138.6192
2026-02-02,269.2771,246.27,242.96,329.8947,233.02,53.1773,688.3202,965.4219,169.3023,529.3259,103.6557,58.9735,99.8204,13.3474,427.13,83.716,343.0227,932.6773,370.0852,77.9922,93.2539,48.81,219.3341,116.5596,260.4134,227.0973,305.1962,22.3434,73.8947,455.6732,1039.11,624.6871,107.1015,553.4894,705.1521,420.701,257.3249,84.4865,60.5796,185.1767,150.6151,25.7761,150.9185,624.665,202.4978,90.0543,691.7339,25.6837,84.2907,421.81,280.053,94.3824,75.33,26.99,331.8473,88.1328,43.2123,49.246,118.9798,49.3691,53.566,166.6506,144.9068,83.448,40.3331,42.0555,154.3718,121.4834,135.6782
2026-02-03,268.7485,242.11,238.62,319.1543,233.15,53.5906,700.2553,974.9529,173.2034,542.0058,103.4275,59.2918,99.8696,13.2701,454.29,85.1465,339.0504,925.4432,373.0019,77.9439,93.3419,49.25,219.5716,114.4901,261.0094,229.4101,311.8421,22.6952,75.425,459.05,998.6354,617.0848,107.1501,548.8552,690.4683,408.6176,255.4226,86.9234,59.3617,179.919,158.0392,24.9157,153.0169,615.0677,200.1521,91.3802,685.885,26.2013,84.4953,421.96,278.6704,93.8876,77.47,26.92,326.9666,87.9366,44.8009,50.2875,117.0609,50.967,53.0703,168.0532,141.7346,84.801,40.1854,42.6673,152.7952,120.5073,140.9034
2026-02-04,275.7394,200.19,232.99,306.9194,235.95,54.506,689.2269,975.3817,176.3067,564.1435,106.236,58.496,100.1945,13.3571,453.97,85.7227,332.3934,900.1238,378.9723,77.8474,93.3223,48.6,220.284,113.1836,258.7646,230.7584,314.2389,23.2752,75.8762,468.7148,1101.7969,592.0384,107.0139,551.6457,667.7988,411.5789,246.0603,88.0488,62.567,173.7834,161.2708,25.8922,154.5439,604.3231,200.4006,95.2401,682.5627,26.5821,84.281,406.01,270.5706,94.135,77.88,27.01,327.9805,89.2018,45.5371,51.4678,116.1264,52.1113,53.4966,168.5008,137.7842,85.907,40.8254,42.5095,154.7089,119.6209,144.6875
2026-02-05,275.161,192.5,222.69,309.3704,236.95,54.0729,675.7675,986.2885,174.3611,562.6219,104.1718,58.2273,98.7671,13.2604,441.88,82.7523,330.6069,877.564,374.2449,77.7605,93.8695,48.24,218.5029,111.2313,254.1062,234.0258,307.1969,23.2419,77.0141,455.2078,1015.9319,598.3442,107.5296,550.0212,669.0166,391.1882,243.152,87.305,61.0862,171.4787,162.5809,25.6118,156.2581,595.6237,198.035,94.3562,674.038,26.67,85.1965,397.21,263.3434,93.9371,76.69,27.09,327.1654,89.0743,45.6243,50.0891,115.5398,51.4997,52.8324,167.4862,135.3002,85.8379,40.599,42.5292,153.5289,117.0412,143.2072
2026-02-06,277.365,208.44,210.32,331.6982,243.03,55.6378,723.4779,998.1224,175.9468,579.9064,107.8734,59.7594,101.0115,13.3377,455.46,83.6862,322.2332,915.3509,376.9659,78.0308,93.8695,50.59,222.2035,113.9067,263.2343,236.191,319.3199,23.4273,77.5242,443.8694,1053.0923,612.488,107.588,546.8818,660.2822,398.6111,252.4745,87.5595,62.2748,184.9772,165.4534,26.3176,156.8098,608.2139,202.4084,97.6759,686.9692,26.4942,85.2549,411.11,271.2864,95.0256,76.99,27.01,329.6008,90.4768,44.8591,51.0909,115.0924,52.5255,53.7941,172.2709,140.7869,86.8452,41.3473,42.7759,156.3747,117.5193,146.1188
2026-02-09,274.1308,216.0,208.72,342.6777,244.71,55.5197,739.3383,994.5634,177.6395,582.4523,106.3154,60.1971,102.37,13.1348,467.03,80.1496,323.6903,930.0063,372.9041,78.137,93.889,50.24,222.253,114.939,265.0818,234.8624,319.0228,23.3703,76.4844,451.8905,1039.6473,626.9363,107.588,533.5173,676.0141,410.9926,256.3987,87.5693,60.8036,189.5963,161.5522,26.1532,154.9971,612.8729,202.796,97.2143,690.2817,26.4747,85.2354,417.32,270.3548,94.897,78.02,26.79,323.6366,90.8593,45.5468,51.7555,116.2059,52.9102,53.4768,172.7882,143.0015,86.3415,41.6034,42.9042,154.9964,117.081,148.2363
2026-02-10,273.1924,213.57,206.96,339.1905,242.59,54.5158,739.5873,968.2832,177.3087,590.1498,109.1238,60.2866,102.6161,13.1154,462.4,79.7423,317.9615,935.2989,381.3996,78.0598,94.2994,47.13,221.9759,114.5749,264.3666,234.577,315.2393,23.6745,75.3465,456.0198,1020.0719,618.3617,107.841,538.5601,669.5257,410.6647,254.0382,88.8904,61.4174,188.0998,162.0374,26.6947,156.7211,610.0295,202.3885,95.7901,688.4613,26.7677,86.2191,425.21,267.9229,94.9267,78.03,26.8,326.8838,92.0755,45.9052,52.4795,116.9019,52.851,53.0902,172.9971,142.2034,86.065,42.1843,43.6146,154.0148,117.8579,148.6088
2026-02-11,275.0092,213.58,204.08,341.502,236.26,53.0001,772.095,975.1724,180.772,609.3239,107.2978,61.2417,103.3053,13.3861,467.63,79.2952,310.3562,930.9623,382.3784,78.0501,94.0356,48.29,222.4608,114.176,263.1648,237.0472,307.8506,23.7601,77.1024,462.9516,1010.3289,617.517,107.7243,535.6401,667.4993,401.8208,254.1278,89.4091,60.7452,189.6063,164.153,26.8107,157.6275,611.6657,202.5575,97.3518,688.3022,27.8028,85.7613,428.27,273.5026,95.0256,78.89,26.83,327.9496,91.5655,47.4357,53.1837,116.0667,54.232,52.2871,173.9222,142.6224,87.2995,42.1449,43.9995,154.927,117.2902,152.5007
2026-02-12,261.2638,205.94,199.6,329.9546,239.35,51.6911,755.4476,995.8294,177.445,594.824,101.6015,60.5453,102.5276,13.531,451.39,79.4045,308.4001,891.5001,381.9281,78.0115,94.6121,46.48,219.8684,111.9419,257.7912,240.6788,299.7487,23.1231,77.4948,468.2494,1033.2781,626.0917,108.2303,525.674,648.653,399.3067,249.1977,89.967,59.5274,186.5036,162.2607,26.5593,158.8196,599.2251,199.5259,95.0339,677.6687,28.1251,86.9008,417.07,278.8567,94.1944,76.38,26.82,322.9094,91.4576,47.9104,52.4002,113.9788,53.2456,51.2461,171.8432,138.8716,88.0994,42.2139,44.6507,154.6791,115.6667,147.9611
2026-02-13,255.3244,207.32,198.79,323.9766,242.96,51.7206,771.298,1015.3899,178.7486,599.6075,104.6481,60.804,102.6161,13.7948,462.62,80.5469,305.1264,892.0815,382.7405,78.0694,94.9834,46.79,221.3526,111.4956,261.1882,239.5962,299.6595,23.5794,77.1809,476.31,1036.7272,640.9722,108.5903,516.6047,638.6309,398.79,250.4725,91.797,61.5051,182.3832,161.0379,26.6657,157.6965,600.5021,200.5298,92.7109,678.1461,28.0177,87.378,417.44,287.5057,95.1839,76.22,26.82,312.849,92.7718,47.4745,52.8763,113.9192,53.6106,51.2065,173.2557,139.2207,88.3957,42.8342,45.8842,156.335,115.7165,146.5006
2026-02-17,263.4099,203.08,201.15,331.3195,244.04,51.9076,761.8934,1008.9794,177.3634,597.5391,104.6382,60.5552,102.5965,13.8046,448.2,80.686,301.4336,902.8242,374.9007,78.0308,94.9736,46.18,220.8479,112.0392,261.2676,239.4781,304.1958,22.6096,78.0441,477.5182,1032.7897,638.0256,108.6974,520.1626,638.1516,394.3581,250.6418,90.7303,63.1516,184.5382,157.1366,26.4626,157.1842,599.8835,201.0168,94.2925,679.2403,28.0079,87.5241,410.63,283.4852,94.8376,75.73,26.91,318.2478,93.6545,47.397,52.2712,113.7402,53.0187,51.7518,174.1609,139.1409,87.102,43.2675,45.7658,156.0375,115.5771,144.2703
2026-02-18,263.8791,200.12,204.79,332.2859,238.93,52.5178,749.1513,993.0579,180.6248,590.0106,106.2856,60.8736,102.7146,13.531,458.28,83.1199,302.7411,920.259,375.3705,78.1274,94.7782,45.46,221.9463,112.7423,262.2112,241.1119,305.83,22.7713,77.9754,480.5483,1017.3484,638.2515,108.5903,526.1921,642.0746,397.0809,252.4745,89.2721,63.8628,187.5411,159.5336,26.4626,154.5341,604.3629,202.2593,94.6582,682.6621,27.2267,87.193,411.32,282.6125,95.0256,79.4,27.08,319.0446,92.5561,46.5446,52.5886,113.9291,54.0347,52.1384,174.1211,140.5674,86.9439,42.6865,45.006,156.335,116.5531,148.7013
2026-02-19,260.1158,203.37,204.86,332.7642,233.71,51.9371,757.6793,984.8229,181.5188,658.363,105.194,60.7244,102.4291,13.4627,459.56,80.9344,302.262,903.4255,370.5354,78.1563,94.8661,44.62,221.6099,112.3857,262.8171,243.0015,305.107,22.8093,77.4065,485.3312,1020.0,654.6544,108.6779,518.4983,643.6319,396.8518,252.2852,89.6831,63.9213,187.4613,159.7278,25.9695,156.2088,602.0484,201.8021,94.6978,680.8616,27.2267,87.2806,411.71,284.3089,95.0454,81.19,27.12,317.68,92.3599,47.1161,52.4002,114.4759,54.4293,51.7022,175.4143,139.8691,86.5786,42.5388,45.4993,155.9285,115.7763,148.9875
2026-02-20,264.1087,200.15,210.11,331.4291,232.03,52.2226,756.8922,982.2807,180.6838,658.8503,104.7772,62.0176,103.2659,13.6874,468.62,80.9741,314.3685,908.9348,374.1275,78.2143,94.8661,44.11,222.8961,113.1637,262.8271,238.6514,307.8209,23.1991,78.3188,491.6688,1006.3431,646.5511,108.5903,524.6274,654.4925,395.6267,253.7593,90.2116,63.7167,189.3769,160.0674,25.7665,158.3959,607.3759,203.1538,96.3683,685.7856,27.3243,87.0761,411.82,284.3776,95.1839,80.85,27.09,319.6921,93.0563,47.707,52.5291,116.1264,54.1334,52.0393,176.2997,140.5375,86.7958,42.8933,45.7164,155.4922,116.9814,145.3459
2026-02-23,265.7058,196.6,205.27,329.1276,230.44,50.264,753.6345,983.0284,181.6465,643.2863,103.6161,61.3312,102.8426,13.3259,481.28,79.1363,310.8852,879.4366,368.9792,78.0888,95.2081,43.63,220.7094,111.7001,258.7348,241.9484,294.8262,23.3322,79.025,493.3324,1055.2289,648.8691,108.7071,494.3503,636.1153,382.9182,248.7495,92.0515,61.4661,191.1028,163.3476,26.1629,162.7209,599.9932,201.0367,93.6895,678.7828,27.8517,87.3975,399.83,276.8661,94.798,80.9,27.09,305.3186,93.0661,48.1235,52.5291,114.6947,54.3997,50.2944,173.9122,138.1832,87.8624,42.9425,46.0618,157.1976,114.5312,148.7802
2026-02-24,271.6552,213.84,208.56,324.2954,233.39,49.6144,765.3504,995.4008,182.0689,640.9989,105.2436,62.2962,103.0296,13.873,474.61,80.7556,310.2964,889.2529,376.3101,78.0308,95.1886,46.12,222.0254,112.8645,261.5556,243.67,294.4597,23.5604,79.182,499.0858,1038.8705,652.6114,108.6779,496.3137,638.1616,387.43,251.1299,93.6369,62.4404,192.3998,164.5315,26.2402,162.8292,606.438,202.7364,95.3996,683.7165,27.6857,87.5533,409.38,268.6388,95.3818,80.76,27.11,306.0159,93.3015,48.2978,52.9259,115.4901,54.3504,50.5422,176.051,139.9789,88.6228,43.0607,46.5749,156.5333,116.2743,147.2999
2026-02-25,273.7415,210.86,210.64,331.0904,230.36,50.8742,763.7365,991.7419,180.9687,620.1839,104.2512,62.9826,104.014,14.0977,473.42,81.8881,312.2925,908.0872,367.5894,78.137,95.1104,46.88,222.6686,114.3206,262.7972,242.5717,300.4024,23.3465,78.9368,503.3141,1025.5924,635.9825,108.6487,507.6651,652.5261,398.9831,255.3529,93.079,61.7682,195.1035,164.1724,26.1919,160.9672,615.2273,204.2074,96.8033,689.4859,27.2169,87.563,417.4,278.69,95.4016,79.73,27.08,311.7633,93.0465,47.6876,52.6283,115.8281,54.1235,51.4246,174.6782,142.6623,87.9019,42.7751,46.7328,156.4937,116.6229,147.1026
2026-02-26,272.4638,203.68,207.92,320.5193,229.41,51.4746,750.1077,983.7462,180.9097,616.0568,104.7474,62.3857,103.9254,14.0782,477.48,80.2589,306.7832,915.5972,367.1196,78.0694,95.3644,45.46,223.005,113.236,264.1977,240.8897,303.2054,23.3608,78.9662,493.6493,1018.8038,630.2169,108.7168,513.0269,655.8401,400.0986,253.8689,90.0257,62.304,184.4584,162.6294,26.2016,161.3219,607.8048,203.5614,96.9515,685.6562,26.8165,87.9137,408.58,281.1023,95.7876,79.77,27.1,315.4588,93.684,47.3582,52.5688,116.0468,54.301,52.0492,175.7724,140.6672,87.7537,42.9622,46.5552,156.0871,116.583,146.5894
2026-02-27,263.7094,200.21,210.0,318.3772,227.53,49.0435,740.0457,1007.7233,183.4638,626.2504,105.2337,62.2564,103.7384,13.7655,483.75,78.1925,311.1547,847.1689,372.63,77.9439,95.7455,45.61,223.1435,112.2486,259.6486,245.7972,297.4311,23.3988,80.006,503.126,1048.6794,646.3743,108.6779,515.4587,647.0259,391.1548,251.9466,92.3934,60.5796,176.7764,164.7256,26.7333,164.7207,605.8594,203.621,96.8922,682.3637,27.3536,88.4493,402.51,287.5841,96.787,81.95,27.08,318.8853,93.8507,48.5691,52.9754,117.3692,55.1592,50.9884,176.2101,138.4226,88.8894,43.169,47.0979,158.8436,116.3938,150.4974
2026-03-02,264.2484,198.62,208.39,317.6499,229.74,49.0239,749.5001,999.7276,186.2537,627.4139,103.5367,61.182,101.6908,13.0816,490.0,77.2488,305.9249,853.7377,362.9306,77.8993,95.1703,45.5,222.7774,112.5678,262.0324,245.9258,294.7173,23.3037,78.6915,504.3737,1014.7665,668.1661,108.3098,519.2358,652.3962,396.9414,252.6836,91.349,59.8342,182.054,162.3383,26.3563,161.0855,606.6575,203.2334,95.6467,682.7517,27.3536,87.5611,403.32,289.212,96.6584,87.19,27.33,319.2538,94.0861,48.4141,52.8168,117.1902,56.264,50.8595,177.9609,139.2007,87.6056,43.2478,46.7426,157.1877,114.9595,152.1948
2026-03-03,263.2802,190.95,208.73,312.6882,224.12,49.1813,719.473,1004.7124,185.4384,615.818,102.5145,58.1179,98.5308,12.4075,468.14,76.762,302.9906,854.6096,359.1232,77.744,95.0625,43.1,219.9277,111.8671,257.4932,244.135,297.3914,23.028,77.8283,496.7884,1004.5587,659.398,108.261,522.5446,653.9136,402.2997,246.0204,91.2307,58.2454,179.6297,160.0383,25.6988,157.3517,600.1629,201.0665,95.5676,676.7337,27.9982,87.3852,392.43,283.6029,96.1933,90.2,27.46,319.5726,93.5859,49.2762,51.5174,117.2797,55.751,50.7703,174.519,137.1657,86.6477,43.0312,46.4466,155.4129,113.9038,149.8362
2026-03-04,262.0523,202.07,216.82,316.3646,227.31,49.5061,729.2263,1003.6855,182.7467,610.6664,102.2565,58.7447,99.8007,12.515,471.8,78.0832,302.5415,859.2365,361.2667,78.0157,94.8665,45.58,220.8974,112.9642,259.9962,242.7003,296.5298,22.8568,76.6119,494.3227,1000.4118,656.1001,108.3586,521.1493,666.541,403.5646,249.7056,91.2406,57.5099,182.6127,159.0775,25.7375,155.9527,609.3113,202.2096,96.0322,681.5082,28.3009,87.1116,405.94,286.2995,96.3417,91.56,27.41,319.214,93.7036,49.5959,51.4976,118.1049,55.4255,51.0578,175.0463,139.5,86.0749,43.0902,46.644,155.7203,115.9257,147.8526
2026-03-05,259.8263,199.45,218.94,331.5486,222.06,49.0239,703.4334,979.5889,186.5484,587.4448,101.6313,57.332,97.6153,12.0558,466.13,75.699,300.2959,827.7402,353.9946,77.7052,94.5725,45.95,218.2655,112.9542,255.0299,237.0904,290.7455,23.0375,75.5623,485.2817,980.1658,646.7397,107.929,522.8834,659.3938,409.0224,246.0404,89.7921,56.9018,182.912,155.9527,25.7278,151.7066,607.4755,200.4602,97.5545,677.7085,28.2911,86.7598,405.55,283.1714,95.7974,96.31,27.48,318.5466,92.762,49.5765,50.4164,117.7569,55.7116,50.7901,171.1568,139.8392,84.3467,42.6767,46.2789,152.6068,116.085,148.7802
2026-03-06,257.0013,192.43,213.21,329.2671,231.11,48.143,678.3478,995.0717,186.5877,586.5298,100.7679,57.0236,96.749,11.8702,473.51,74.8924,297.9404,813.8299,350.3145,77.3268,94.5137,43.42,215.4257,111.4682,249.1995,237.8523,286.7144,23.7239,75.5721,480.0135,987.2135,663.2982,107.5677,520.5713,643.7117,407.3094,240.5126,89.6838,55.9113,177.4049,156.1025,26.1532,151.352,598.3372,197.4585,97.8511,668.8257,27.9689,86.4374,396.73,280.9258,95.6391,108.77,27.47,316.1162,91.7518,49.5184,49.4543,116.7826,55.8004,50.1358,169.0479,136.9562,84.7121,42.2336,46.121,151.4071,113.9834,149.2243
2026-03-09,259.4171,202.68,213.49,344.481,225.0,47.4105,702.1781,1002.2499,186.0965,596.1865,100.887,58.1478,97.4479,11.9093,472.53,74.3746,305.9804,824.3419,346.0471,77.7925,94.8077,45.58,216.4152,112.8096,251.9111,240.0191,287.1503,23.6272,76.3176,478.9045,1005.2167,655.7744,108.2121,515.9669,646.2373,407.7576,246.2495,90.6592,55.4405,182.2236,158.1586,25.9212,152.9184,606.3283,199.4961,98.6221,674.6846,26.8849,87.1898,398.68,281.8152,95.6292,104.33,27.46,314.7316,91.9578,48.8694,49.5833,116.882,55.5538,49.8978,170.0427,139.4202,84.8997,42.3222,46.2295,152.9539,114.1328,148.4645
2026-03-10,260.3654,203.23,214.33,341.3227,217.76,48.0638,713.9937,994.334,183.0021,589.4636,100.5495,58.3766,97.6744,11.9581,477.86,74.6136,306.6596,826.1054,349.5609,77.6664,94.5039,46.78,215.772,112.5428,251.6528,241.1272,285.9716,22.8731,76.3961,473.2798,998.1988,643.0073,107.47,512.9771,652.9053,404.1223,247.2854,90.1961,54.9992,184.3386,157.4243,26.2596,153.6967,606.3383,199.0687,99.6106,673.6003,27.0606,86.2615,399.24,279.0185,94.9168,105.86,27.45,313.1977,91.8205,49.1212,49.4742,116.703,54.8436,49.6301,169.1275,139.4202,84.6528,42.2631,45.9434,151.8533,113.9834,146.1848
2026-03-11,260.3454,204.83,212.65,340.3164,214.1,48.0242,704.9377,989.2195,188.4051,590.7764,100.1228,58.5258,97.4676,11.8311,476.24,74.4742,308.3176,816.1483,343.3849,77.4917,94.0728,47.98,215.2872,112.5304,251.1463,240.4148,284.7732,22.3704,76.1509,478.4564,996.6936,641.2794,106.5912,502.2934,653.6939,403.2458,247.7933,90.3144,54.6265,185.6057,156.8074,26.3949,151.0466,606.2585,198.3133,100.2729,672.7548,26.5235,85.1476,407.82,281.8943,94.422,108.05,27.55,307.7491,90.8691,49.0921,49.4345,116.3252,56.2048,49.2137,168.6003,140.0886,83.5369,41.7609,45.5585,151.5558,113.6846,149.5895
2026-03-12,255.3044,197.74,209.53,334.7369,204.76,46.6484,698.0636,1000.2759,193.4936,582.6115,98.6739,56.6555,95.9418,11.7627,466.88,73.1399,303.1739,780.2432,333.9458,76.9969,93.769,45.25,212.4078,110.5307,245.743,239.4749,280.1874,21.5874,76.1313,487.2595,974.1746,644.5971,106.0151,495.626,637.0436,400.238,242.9229,90.3833,53.0868,182.7224,155.5444,25.9695,148.2684,595.8531,195.0332,99.0274,662.5391,26.7481,84.9814,395.01,273.7907,93.9965,118.39,27.68,305.2988,90.2414,49.0437,49.2758,114.6052,56.7276,48.4107,164.3726,137.5049,83.2011,41.495,45.8842,148.8886,111.0751,151.5139
2026-03-13,249.6744,193.39,207.67,320.9776,209.89,46.2426,691.3887,1005.3704,193.3463,574.3272,98.535,56.5063,94.7998,11.4013,460.84,72.0844,301.9055,774.9822,334.0443,76.8513,93.671,45.77,212.4771,109.2815,244.9285,238.9604,280.7321,21.8291,76.3881,490.7469,981.98,637.8532,105.6245,496.3037,612.6172,393.9535,242.4648,91.4179,52.9397,179.8389,156.5431,25.6988,148.4162,592.3214,193.9697,98.0092,658.789,27.0704,84.5613,391.2,278.7714,94.0756,119.89,27.89,305.9362,90.3886,49.7702,48.7898,113.7899,56.915,48.4702,163.7857,136.4674,83.685,41.6034,46.3381,148.5217,110.4177,154.0699
2026-03-16,252.3696,196.58,211.74,323.7275,213.47,46.5791,697.157,998.7007,193.3659,569.3348,97.9098,58.0781,96.5718,11.4403,460.43,72.642,305.1814,787.4261,337.5421,77.0939,94.0924,45.76,214.3274,110.5955,247.2428,240.6127,283.4261,21.9547,76.8621,494.2145,986.0073,637.0633,106.1323,506.7781,626.869,398.3358,245.7914,91.4573,53.7341,182.8022,154.4282,25.7278,149.8643,598.9657,195.7886,96.6945,665.4934,27.0802,85.216,395.56,282.1314,94.6397,115.03,27.73,308.8946,91.1437,49.3731,48.9981,114.6648,57.1123,48.8767,165.1883,138.4426,83.9221,41.9283,46.6341,149.7314,111.7524,155.1653
2026-03-17,253.7771,196.31,215.2,320.1307,210.82,46.7969,699.3687,993.1376,194.476,571.105,99.5373,58.4462,96.8376,11.665,459.27,73.7274,310.5348,799.5827,336.409,77.4432,94.259,44.06,215.3713,110.7303,248.8069,235.5865,284.1492,22.1287,76.6251,490.8761,927.4222,628.3052,106.7279,504.8646,622.0834,397.7979,247.4572,91.1716,54.0577,181.5151,153.2336,26.54,149.2338,601.8888,196.1074,96.4474,667.244,27.1974,85.4505,399.27,284.187,94.4827,118.84,27.68,307.251,91.5459,48.9372,49.1171,114.7046,57.714,49.1344,165.626,139.2007,83.6455,42.0662,46.5058,148.373,112.7285,156.7245
2026-03-18,249.4948,199.46,209.87,314.7705,205.99,46.3515,691.0201,976.9468,195.1047,567.8829,98.664,57.2624,95.1838,11.5185,444.74,73.2195,307.3088,798.0372,326.0634,77.0454,93.8278,45.03,212.769,109.0657,244.797,234.7654,284.991,21.3457,75.0349,485.4313,915.1609,634.1801,106.1518,486.8159,615.1099,390.2087,245.4734,89.6246,52.4395,179.9886,150.3354,26.4143,144.5346,593.4987,193.3184,91.5939,657.9335,26.7677,84.9717,392.78,280.9851,92.8929,121.67,27.85,297.8481,90.1924,48.0363,48.0856,113.0045,57.6351,48.5495,164.3129,137.6246,81.6112,41.3769,46.1111,145.8941,110.1289,155.5206
2026-03-19,248.5165,205.27,208.76,318.6661,201.18,46.5296,686.0687,971.8225,197.8847,564.4617,98.4457,57.3221,95.0164,11.3719,426.41,73.4784,306.7495,802.0201,323.3835,77.2977,93.818,46.18,212.5009,108.6615,246.399,235.082,285.2189,21.0363,74.6201,486.6534,914.6127,629.4703,106.6205,489.4769,606.1382,387.4499,246.0914,91.0534,52.4101,178.1528,149.5521,26.5013,142.6923,591.623,193.4479,94.7274,656.3122,27.0899,85.4895,380.3,277.1408,92.6843,117.36,27.58,298.5353,89.8295,47.9297,47.3516,112.4875,58.5524,48.5693,163.1988,138.0934,80.9495,41.2784,45.9236,145.3687,109.2623,156.0831
2026-03-20,247.5482,201.33,205.37,309.3704,195.12,46.6781,678.3278,969.3799,198.1696,556.6548,98.7533,55.3523,92.1321,11.2547,413.38,72.5026,300.6271,806.0128,316.0331,76.5796,92.9753,43.87,209.8787,106.67,241.0159,232.8756,283.8223,20.8526,73.8299,485.014,903.8467,619.5174,105.312,494.6394,593.1103,380.3287,240.7681,88.1861,51.3607,172.3061,146.9084,26.0759,142.1406,580.6888,191.137,91.4852,646.9034,27.6466,83.8675,367.96,272.3479,91.7602,121.43,27.68,300.4379,87.0441,48.4141,46.5978,111.5827,58.5031,48.6586,160.8213,134.9611,80.278,39.9688,44.0587,144.0995,107.3102,157.5732
2026-03-23,251.042,202.68,210.14,322.0004,198.41,47.0344,699.0698,962.7999,201.5882,565.9038,97.2052,57.0137,94.347,11.4892,404.04,75.4003,301.6858,823.5889,326.0339,77.0842,93.2692,44.01,211.6864,108.3121,246.2199,232.925,287.1403,20.5046,74.1855,474.9789,907.6845,608.4784,106.0053,498.6856,603.5007,381.4542,243.7587,88.9054,51.6942,175.2394,147.7309,25.8825,141.8549,587.3546,193.1889,92.7504,653.6959,28.086,84.4147,380.85,266.3691,92.1676,110.56,27.56,303.2468,87.7208,48.9953,47.3729,112.4175,59.203,49.098,162.6498,136.7869,80.6206,40.2671,44.4959,144.1343,109.901,159.0141
2026-03-24,251.1917,205.37,207.24,317.787,196.42,47.6481,713.9438,970.8654,203.1403,579.8169,95.657,56.2277,93.7859,11.5673,404.13,76.2467,290.0802,827.9977,326.0438,76.8222,92.9557,44.06,212.3717,107.1641,247.5433,232.7766,289.6065,20.611,73.7509,476.7574,900.1783,602.475,105.7905,497.2405,592.371,371.2356,244.7755,90.275,52.4591,174.8004,147.447,26.0662,141.0372,583.3389,192.5414,90.9217,651.5016,28.1935,84.0434,383.03,269.0769,91.7205,114.54,27.65,302.5695,87.1419,49.3149,48.2695,110.8416,60.4044,49.108,163.5975,135.9878,80.5511,39.94,44.8039,144.1542,109.4619,163.2083
2026-03-25,252.17,220.27,211.71,318.3062,199.61,48.2518,716.3447,971.9022,201.5293,574.8145,95.2204,57.1231,95.1542,11.4013,416.29,76.2865,290.5695,834.0613,327.6202,77.0648,93.4456,47.18,213.4146,107.8579,250.5682,237.3873,292.5977,20.7946,74.3238,489.1771,913.4265,616.3281,106.1713,501.0576,594.3392,369.5424,246.4104,89.8217,51.959,178.2725,148.5632,26.3756,141.7859,587.1747,193.3582,91.6334,655.1322,28.1349,84.8544,385.95,267.3672,92.0384,113.39,27.7,303.715,87.0725,48.7919,49.2259,111.1508,60.1363,49.1678,164.6948,136.5971,80.9483,39.9202,44.9629,145.5979,110.5098,161.1161
2026-03-26,252.4395,203.77,207.54,308.9311,194.36,47.747,700.5542,976.6777,204.1227,577.9969,94.0295,55.1832,93.1854,11.3329,400.64,75.2808,280.572,815.0386,323.6002,76.5796,92.6911,44.1,211.0706,105.3998,246.2099,236.7046,288.8736,20.843,73.7707,492.3068,894.1772,619.4186,105.3413,499.0544,547.033,364.4929,237.4684,89.8217,51.0665,170.8495,147.682,26.656,140.3082,573.1601,189.4038,90.1705,643.4324,28.2423,84.1411,372.11,264.8966,91.6211,117.26,27.81,304.3325,86.9536,49.1503,48.9071,108.5277,61.0795,48.8788,160.8742,132.3422,80.5809,39.94,45.0424,145.1001,108.6136,163.2576
2026-03-27,248.3568,201.99,199.34,300.2049,190.52,46.49,692.7934,980.8749,207.4234,563.5269,91.7172,54.9146,92.3388,11.1082,414.7,72.6719,274.0001,795.4711,316.9199,76.3855,92.7009,43.13,208.6273,103.019,241.8915,237.9017,280.1379,21.307,74.7781,487.9649,875.4763,608.0735,105.0874,482.6003,525.2332,355.33,235.026,90.0582,50.38,167.138,149.8458,26.1436,140.5939,561.9625,186.565,85.8112,632.4606,28.4181,83.6818,361.83,255.9728,90.5381,124.2,27.84,294.3618,86.2399,48.7337,48.7278,106.7623,62.1121,47.6431,158.8093,129.7653,81.2165,39.6624,45.3007,142.631,105.4698,168.7446
2026-03-30,246.1907,196.04,200.95,292.9464,189.21,46.7474,664.9282,993.5563,206.9911,552.4481,93.6028,54.4669,92.6046,10.9518,414.58,72.4528,273.1612,800.1376,318.7427,76.4729,93.3574,41.19,208.0015,102.5449,238.4188,239.9201,281.059,21.597,75.3312,496.0526,883.8398,591.0214,105.7612,492.3272,535.8834,357.5112,230.0515,90.6986,50.2525,164.7933,153.547,26.8494,142.5741,557.6672,185.7582,85.7223,630.3461,28.1056,84.7958,355.28,258.7103,91.1044,129.83,27.98,298.366,86.567,48.7241,48.9071,107.6799,61.5164,48.1912,156.2256,127.3482,81.3158,39.8607,45.6286,143.1885,105.4499,169.2183
2026-03-31,253.3379,203.43,208.27,309.0209,199.03,48.2518,705.8045,993.4068,203.2484,561.8438,95.6471,56.4963,95.6169,11.2742,430.29,74.1854,287.2037,838.1729,324.0535,77.2006,93.524,44.13,212.2227,106.4105,246.7671,241.8495,291.3497,21.742,75.1139,492.5751,916.8756,596.7679,106.4252,497.9681,571.6002,368.676,239.2428,91.5165,51.802,174.0023,152.0489,27.1491,142.2982,576.5464,191.0573,88.5592,648.6689,28.3107,84.7078,371.75,267.4067,92.1477,127.25,27.78,301.0554,87.925,48.6272,49.7839,110.5723,60.8214,49.1977,161.3331,132.7417,81.4151,40.4753,45.5988,145.9662,108.7633,167.4321
2026-04-01,255.1746,210.21,210.57,312.9946,207.32,48.7665,727.5825,993.5364,193.9259,569.2246,95.8257,56.9341,97.0739,11.411,437.82,74.7232,297.0216,852.2615,324.7136,77.3898,93.4424,48.03,213.4842,107.3363,248.3194,241.5329,292.5581,21.5294,75.1436,490.6575,951.5162,609.8509,106.5389,489.9852,578.6937,367.8792,244.4765,91.4869,43.7699,175.3492,151.4222,27.6035,141.9534,583.6686,192.0135,89.3896,653.5563,27.6466,84.6245,381.26,270.7569,92.0782,124.09,27.73,297.3401,88.2422,47.8426,50.272,110.9514,58.5478,49.2674,164.0264,134.7493,80.8987,40.5943,45.8174,147.0813,109.5816,158.6687
2026-04-02,255.4641,217.5,209.77,314.0529,208.22,48.8754,714.5316,1011.8806,195.4583,574.2217,95.8754,56.2974,96.4734,11.3329,429.41,72.2337,295.4036,855.0653,316.9002,77.5751,93.6587,50.38,214.0602,107.3188,250.0408,240.4643,291.7855,22.0321,75.7757,499.3712,932.6358,614.9359,106.99,491.7691,573.9281,371.9527,245.0846,91.7825,43.3384,176.9854,153.733,27.3811,140.9978,584.3378,192.402,89.3303,654.1448,27.6661,85.1444,360.59,273.9983,92.7637,137.92,27.86,299.6211,89.4417,47.8523,50.2222,111.4102,58.8258,49.3571,163.3681,135.828,81.3257,41.2485,46.046,146.1654,107.9349,158.5798
2026-04-06,258.3988,220.18,212.79,313.9331,212.3,49.5484,718.5366,1015.4597,195.3503,573.6033,95.5479,56.8147,96.9557,11.3426,427.65,73.12,299.6183,858.0475,321.8464,77.7116,93.4129,50.78,215.1428,107.7431,251.1055,238.4162,294.125,22.7861,76.2695,496.2613,924.1426,629.8553,106.8233,499.8018,572.4894,371.375,246.9189,91.3687,43.1814,177.2349,153.4588,26.9074,140.653,587.854,193.2686,93.6895,657.2368,27.6564,85.0071,352.82,278.05,92.8234,138.94,27.83,302.1411,89.5705,47.6101,50.0329,111.47,59.2527,49.7059,164.206,136.6171,82.0904,41.3972,45.8771,145.6377,108.8232,161.2247
2026-04-07,253.0484,221.53,213.77,333.4423,210.0,49.7662,721.7245,1010.1359,197.983,574.5109,95.0517,57.0137,96.8179,11.2547,431.81,72.4528,305.0815,856.1651,314.0823,77.7311,93.6489,52.91,215.2124,107.8005,251.6527,235.8834,296.0663,22.4091,74.9757,491.4126,928.16,619.784,106.9409,496.5927,574.5175,370.7874,248.5039,92.2949,41.8673,177.6938,150.0123,26.2016,139.2048,587.9439,192.6311,94.1146,657.526,27.3829,84.9973,346.65,304.1098,92.6147,138.08,27.75,301.3642,89.6994,47.0967,49.8934,111.5299,59.7292,49.7059,163.8768,137.2663,80.7001,41.3576,45.9764,145.9264,107.5557,161.7576
2026-04-08,258.4388,231.82,221.25,350.076,217.8,51.3498,768.6879,1027.144,189.4856,607.7448,98.4258,60.1275,100.5981,11.8995,434.53,76.416,316.9269,897.3807,331.2165,78.1893,93.8553,58.95,220.4467,110.5905,259.1751,238.7428,306.5888,22.1868,76.3387,497.2648,950.3,620.5739,107.3527,505.4028,611.8529,372.8192,258.8317,92.7875,42.2988,181.6648,151.5691,26.5593,142.7514,605.4247,198.229,96.0916,674.2729,26.7091,85.2719,343.25,302.3804,93.5189,124.58,27.53,307.7491,91.3152,46.5349,51.5572,113.5147,57.6344,51.0213,170.0217,141.5213,82.2096,42.0713,46.4832,149.0128,110.5996,154.1685
2026-04-09,260.0259,236.64,233.65,354.3492,220.06,52.1714,784.1198,1028.8989,187.0003,616.4023,99.0312,59.9683,100.3618,11.9581,437.91,76.406,318.0954,895.3694,334.5862,78.2771,93.8259,61.72,221.6584,111.1046,260.6577,238.7526,308.9382,22.4961,77.2177,500.0667,952.1841,616.0023,107.3527,502.7273,627.8082,371.5643,261.593,93.093,43.152,183.4906,154.203,26.3176,144.4853,609.5202,199.4642,95.8049,678.1628,26.211,85.0561,345.62,303.2995,93.2606,126.96,27.48,307.0817,91.9694,46.283,51.4775,113.9735,56.9195,51.1508,171.7674,141.9008,82.875,42.3588,46.8508,148.6743,112.5158,153.004
2026-04-10,260.016,245.04,238.38,370.9629,217.63,52.0031,787.6964,995.4406,185.2222,603.4359,98.4159,60.2469,100.5882,11.8507,437.13,76.0973,316.847,899.4117,332.3792,77.9651,93.6685,62.38,220.3474,111.3666,260.001,235.9328,308.4803,22.2931,76.5165,499.9176,936.5135,605.9803,107.0684,497.8255,629.2767,369.3731,262.6198,92.6988,41.7986,188.1998,153.7819,26.0275,143.0076,610.3992,198.6872,95.4886,677.7141,26.1104,84.8501,348.95,300.7498,92.1576,124.82,27.44,303.1671,92.1676,45.2683,51.7664,113.6543,56.5323,50.5928,171.099,142.4501,81.8024,42.448,46.662,146.6632,112.6655,150.5073
2026-04-13,258.7383,246.83,239.89,379.1499,222.14,52.8048,788.7623,977.874,188.3952,601.481,100.4106,60.7542,101.2084,11.88,435.36,76.5056,320.9119,882.5589,336.143,78.2576,93.875,65.18,222.1948,112.9039,263.7523,235.4381,312.2732,21.6744,75.4695,505.6009,926.6248,611.8749,107.4802,507.7289,633.9425,382.8186,265.2216,90.945,42.083,188.8783,152.6266,26.4336,141.451,616.7123,200.4603,96.3585,684.337,25.2716,85.1052,352.42,309.3178,92.9128,128.47,27.38,308.1774,92.5146,44.6587,51.9956,114.5221,56.7011,51.4797,172.3061,145.4366,80.9881,42.6463,46.0957,147.3203,113.6934,150.6356
2026-04-14,258.3689,255.07,249.02,380.1783,223.77,52.8048,791.2729,971.8425,183.7192,594.4991,101.8099,61.9182,102.0255,12.4173,445.09,79.1245,332.4976,901.2248,337.6702,78.4916,94.1798,63.81,223.2277,114.9378,267.3842,237.5555,309.7247,21.3747,74.9658,496.4401,919.597,603.8672,107.8332,512.3012,661.8765,391.5233,269.4883,89.9695,43.3482,196.0618,152.4699,26.2112,142.2391,627.9099,202.4723,97.3371,692.6755,25.2815,85.5564,364.2,310.4938,93.0718,123.85,27.32,310.1497,93.3968,44.7177,51.8163,116.2576,55.5494,51.5992,172.9246,147.7638,80.9086,43.0527,46.1752,148.1765,116.2084,147.2802
2026-04-15,265.9554,258.12,248.5,396.0931,223.93,53.7649,767.2831,981.7623,181.6465,575.1493,102.2565,61.8784,101.7006,12.4173,440.46,77.4516,336.7023,891.1785,333.9261,78.4526,93.9733,64.94,222.5027,117.0191,268.0508,236.1406,304.558,21.278,74.383,494.7411,902.182,603.3933,107.794,519.0898,670.9582,409.5603,269.1494,89.9005,44.5643,198.4165,151.6181,26.2886,141.254,636.7003,203.568,97.2085,698.1414,25.1236,85.1836,391.95,310.3554,93.34,122.59,27.29,314.6719,93.4662,44.2752,51.1886,117.0555,55.3607,51.9879,170.7599,150.121,80.5014,43.0329,45.728,147.1212,117.945,147.0532
2026-04-16,262.9308,278.26,249.7,397.8404,218.88,52.9632,769.7638,984.2148,184.8293,582.6797,103.1099,62.1271,101.4053,12.1535,440.08,77.7205,335.6037,891.6838,332.192,78.3453,93.8062,68.5,223.4164,117.0989,268.608,232.0544,308.56,21.8387,74.2546,496.0129,901.1452,599.8288,107.2939,517.6722,676.2432,418.5638,269.9768,90.4819,44.8193,197.8977,155.0744,26.3176,140.988,639.7669,203.5182,97.2283,699.857,26.0512,84.6441,388.9,312.6778,93.7872,125.84,27.37,313.8651,94.3286,45.9959,51.5572,118.5217,56.1749,51.8484,169.912,151.839,80.8689,43.4294,46.0559,145.9662,117.3961,149.9842
2026-04-17,269.7486,278.39,250.56,405.8976,223.38,53.3591,791.6714,996.8563,180.7427,588.9335,105.4818,63.3109,102.6949,12.5736,445.93,80.9766,341.2567,917.394,344.2618,78.6379,94.3175,68.5,225.6115,118.8907,274.409,231.6982,308.8984,21.7227,74.8077,489.0678,924.1127,584.7218,107.892,520.4276,687.9124,421.0836,273.6055,90.6297,45.1429,201.22,154.3792,26.6463,144.7513,648.1377,206.108,98.8495,708.3152,26.1597,85.4191,400.62,320.811,94.2542,116.04,27.36,315.7775,95.8353,45.7698,51.6867,118.791,54.626,52.247,173.0842,154.1662,81.8918,44.0936,45.8671,148.1466,120.1705,144.517
2026-04-20,272.5636,274.95,248.28,398.9985,225.08,53.3987,796.9216,994.8126,180.0158,592.983,105.4917,62.8533,102.2913,12.5736,442.09,80.1999,337.002,933.0381,345.8285,78.5696,94.229,65.7,225.7505,118.4715,275.9713,228.2452,315.5684,21.4714,74.5509,494.9498,917.0052,573.9494,107.8822,515.7854,670.2888,416.3826,272.7083,90.6592,45.5842,201.5992,153.7134,26.6076,142.3475,646.08,205.7793,97.8115,706.8988,25.8341,85.3995,392.5,319.6745,94.1349,121.32,27.32,312.7096,96.1823,45.6616,52.0354,118.4419,54.6757,52.4463,173.4732,154.3759,81.8223,44.2522,45.4597,146.7727,119.6316,145.7407
2026-04-21,265.6959,284.49,249.91,401.5345,219.16,52.9335,798.9678,1002.7584,182.6976,585.7817,103.497,61.9281,100.0468,12.4857,429.57,78.7162,331.8783,917.9885,338.8624,78.3648,93.816,66.26,224.3401,117.6055,273.1454,223.7632,311.5963,21.249,73.7805,491.661,900.1783,564.7371,107.4704,510.4943,668.2207,422.4481,270.7444,89.2699,45.496,199.4242,151.6866,26.4046,140.2097,643.6227,204.6537,96.6748,702.2708,25.538,84.9286,386.42,341.9395,93.4891,128.25,27.47,308.7253,94.4773,45.4945,51.5771,116.856,55.47,52.1174,171.0192,154.5058,81.2761,43.3997,44.6648,145.2793,118.7334,146.4118
2026-04-22,272.6834,303.46,255.36,421.9821,231.28,52.5772,807.3723,1000.6548,183.0316,578.4906,104.0229,63.0523,100.3815,12.3391,435.26,78.6664,338.8996,926.2019,334.5074,78.4916,93.9143,65.27,225.0155,119.5046,275.1056,223.7038,311.6162,21.162,73.7114,491.4424,918.5801,548.4254,107.6763,509.3062,674.0952,431.1727,275.1307,88.6787,44.7996,202.0382,150.5802,25.9115,140.7318,654.3909,206.357,98.375,709.3825,25.6367,85.0954,387.51,349.3611,93.4891,129.4,27.48,310.0699,93.6942,45.2093,51.6369,117.5741,56.1352,52.0277,170.6202,157.9017,81.5442,43.0825,44.5853,145.7373,118.6935,147.5368
2026-04-23,272.9429,305.33,255.08,419.2764,234.15,51.9338,833.6934,1011.3024,184.289,590.4197,102.8618,62.0276,99.6629,12.1926,431.04,78.1885,338.4702,922.6946,335.1577,78.3648,93.7669,66.78,225.9491,118.0522,274.1503,228.2056,310.2922,21.2393,75.3411,504.7961,914.7622,523.1087,107.3821,501.5393,658.5397,414.072,275.0211,94.837,43.917,199.1847,152.4503,25.7858,143.5494,650.7049,205.082,98.3947,706.6296,26.2584,84.909,373.72,350.3889,93.7077,134.72,27.53,307.6694,94.6557,46.4285,51.617,117.0854,56.572,51.6192,173.6428,155.6544,82.9048,43.5781,45.7976,145.5979,117.5058,148.5533
2026-04-24,270.5771,347.81,263.99,422.092,232.44,51.5181,829.2516,1008.0822,181.9412,561.1855,101.8198,63.4104,100.1846,12.0949,433.25,77.7205,343.9733,918.3452,330.9505,78.4721,93.9537,82.54,226.108,119.572,275.2747,225.089,306.8975,21.2103,75.6868,507.0217,881.1783,506.9748,107.4606,503.3263,674.405,422.9062,280.0255,93.8812,43.8287,207.795,152.1957,26.1049,147.082,663.1512,206.5861,97.5348,712.1055,25.8538,85.0659,376.3,350.7447,93.4792,132.4,27.48,308.2073,94.4674,45.6026,51.7266,115.2402,56.4628,51.2405,172.0467,160.0292,82.6565,43.4493,45.887,143.5469,118.454,146.9545
2026-04-27,267.1333,334.63,261.12,417.5392,231.33,52.0922,827.2553,994.9821,181.5188,566.2224,101.5717,63.3109,99.8007,12.2024,429.89,77.6308,349.9059,929.1444,327.4133,78.5014,93.7374,84.99,226.1279,119.7717,275.7623,222.9519,310.2324,21.191,74.5114,507.4688,865.5377,506.876,107.1566,505.5825,677.9916,423.1054,279.8759,93.4378,44.2701,216.116,150.8837,25.9018,147.3004,663.5009,206.3769,96.7637,713.3323,25.1828,84.6441,378.67,350.5174,92.9724,134.72,27.45,308.4364,93.9519,46.3105,51.5871,115.5095,56.3635,51.6291,172.0866,160.3788,81.7726,43.1122,45.8969,142.8301,117.6056,146.244
2026-04-28,270.2278,323.21,259.7,399.1982,230.72,52.1219,816.3556,990.9842,185.0356,562.4023,100.6984,62.6643,99.3872,12.1144,421.91,78.6167,349.3466,917.9885,324.2209,78.3941,93.6489,84.52,225.5419,118.8608,272.5483,225.3759,310.0533,21.7227,77.3856,507.0118,871.2496,505.8294,107.2057,506.7705,670.7184,427.5175,275.3501,95.0932,44.1622,212.6839,153.028,25.6021,148.0647,656.8282,205.102,96.1607,709.8612,25.7157,84.7324,376.02,362.4553,93.1811,139.6,27.53,308.0877,94.8143,46.4482,51.2085,115.4497,57.2968,51.669,170.5604,157.662,82.5075,43.5286,45.9565,143.2084,116.7773,148.5829
2026-04-29,269.6887,337.11,263.04,404.8093,224.11,52.3396,808.55,995.64,188.8275,558.5723,100.5297,62.3658,98.3733,11.9581,417.41,76.2965,349.5065,897.2321,318.0629,78.1308,93.2064,94.75,225.532,118.5888,270.7274,224.9406,307.8631,21.6744,77.8992,501.4676,848.5313,503.3807,106.6076,524.351,668.5004,422.7468,276.8454,92.7875,43.5345,208.7728,152.0489,25.3894,145.3748,660.8438,204.9525,104.2862,709.7515,25.4098,84.0751,372.8,366.3785,93.2804,150.63,27.61,333.5476,94.0709,45.8288,50.7702,114.9909,58.6073,51.7388,169.5129,158.9205,82.3486,43.2609,45.3902,142.2128,116.6076,152.6389
2026-04-30,270.8666,354.49,265.06,416.7704,229.03,52.9137,888.4618,1011.4519,189.8982,588.345,102.9611,63.6591,100.7261,11.8018,423.66,76.5654,384.3232,915.2342,323.9648,78.3746,93.3834,94.48,229.6837,119.0579,276.5882,227.4141,311.8253,21.9064,77.7906,497.9206,931.6589,511.4377,106.7252,502.0784,611.3434,406.1342,283.0959,96.443,43.5051,199.1149,155.1821,25.8148,146.0001,667.007,206.4367,104.1181,716.8133,25.7847,83.9966,381.63,366.1216,94.0356,147.09,27.36,328.5472,95.4884,47.2249,51.2783,116.2077,59.2229,51.948,174.1515,159.31,83.729,44.0143,46.5527,145.349,118.1146,152.3034
2026-05-01,279.641,360.54,268.26,420.6143,227.38,52.6959,888.0226,1010.0941,187.2655,575.7676,102.2962,63.7984,100.5095,11.6064,423.18,75.4501,385.2122,915.1747,319.1171,78.4716,93.4544,99.62,229.2963,119.8366,277.8916,224.7823,311.0687,21.742,77.6128,504.657,960.2985,506.3034,106.8975,494.6308,608.1863,412.7673,284.2024,95.5267,43.5443,197.9974,154.1246,25.4571,146.1688,673.41,206.3471,104.6816,718.7982,25.7749,84.2969,390.82,364.4416,93.976,142.8,27.41,326.7444,95.2207,47.3036,51.1587,116.4171,58.4286,51.7388,172.5355,161.6772,83.59,43.935,46.2546,144.5226,118.3941,150.7441
2026-05-04,276.3369,341.54,272.05,415.8419,221.3,51.6567,873.1602,1011.1823,188.8864,576.8947,100.5396,63.7685,99.1313,11.2352,414.71,75.3804,382.7752,894.9236,307.8257,78.2168,93.1092,95.78,228.0449,119.607,276.4986,221.824,306.2703,21.6744,77.2276,490.3793,964.884,511.6155,106.553,503.8953,609.8448,411.9506,283.4049,94.1078,42.2596,198.0273,151.3635,25.4281,142.3573,672.1414,205.2912,103.7623,716.165,25.7551,83.6569,392.51,366.3884,93.7574,147.61,27.48,325.569,94.626,46.7727,50.4613,115.7987,58.9648,51.3999,170.5604,161.857,82.9643,43.6971,46.0758,144.0945,117.4859,151.6718
2026-05-05,283.6738,355.26,273.55,426.6847,224.38,52.5772,902.915,1014.8065,189.2401,574.3015,99.7159,65.0618,100.4504,11.4208,418.27,75.8285,387.9488,910.3992,310.7816,78.3344,93.2473,108.15,230.4584,120.1959,281.1553,223.1597,308.0124,21.7904,77.514,497.076,985.7581,502.5118,106.9467,496.2481,604.3998,409.7196,290.1937,94.8665,42.2301,196.0519,151.8041,25.5731,143.8263,680.8618,206.6857,103.7326,721.9102,25.5578,84.1197,389.37,359.5894,93.8567,144.17,27.5,320.7679,94.9233,46.5465,51.338,115.33,59.0243,51.4099,171.9869,165.4327,83.4808,43.7863,46.0758,144.662,117.8352,152.8462
2026-05-06,286.9978,421.39,274.99,424.7677,229.93,53.0523,925.2136,994.1694,181.8921,590.1105,107.2383,67.141,103.1773,11.8897,430.96,78.3677,397.5469,928.6887,318.2993,78.5696,93.7109,113.01,232.8918,122.2223,285.3742,222.2395,313.4878,22.3028,78.2548,498.6459,983.9438,507.7746,107.4782,491.0668,612.3125,412.2892,298.2485,93.9896,43.0343,207.356,152.7049,25.6505,146.8041,695.0062,209.2157,105.2154,731.9443,25.2321,84.7597,398.73,362.9593,93.3897,133.95,27.35,317.5505,96.2417,46.6448,52.2148,117.0455,56.5919,51.659,176.4359,169.8275,83.6595,44.3514,45.42,144.7616,119.6316,146.7374
2026-05-07,286.9279,408.46,271.17,411.9081,231.03,52.211,894.0315,1010.4535,179.279,579.0391,107.8337,66.2457,101.2872,11.8995,431.68,78.0789,397.4969,917.3148,317.8954,78.2756,93.4249,109.62,230.4485,122.5218,280.8568,220.1519,304.8965,22.8538,77.4646,490.6774,971.8919,505.9479,107.0353,500.1017,616.2388,419.0717,292.995,91.95,43.5541,211.0177,153.028,25.6021,144.9777,694.1771,208.638,103.0604,729.7001,24.9262,84.3363,411.79,365.3903,93.6779,134.97,27.41,320.0208,95.5478,46.3007,51.2085,117.0754,55.5494,51.3701,173.573,169.4879,83.4013,44.0143,44.8337,144.0845,119.6416,144.6551
2026-05-08,292.7975,455.19,272.68,429.3205,237.36,50.7857,895.7882,1007.1887,178.4146,573.3539,107.1986,67.5887,102.3405,12.0363,433.77,78.4673,400.3034,927.8267,312.7817,78.55,93.6715,124.92,232.3157,123.3203,282.7574,218.9745,300.7452,23.1632,77.4548,489.9918,945.4653,500.1223,107.4881,494.6508,609.0655,413.4445,300.8604,91.7332,43.2893,214.7092,151.3929,25.2385,145.3351,710.4492,209.6042,103.7227,735.7246,24.8276,84.7597,428.35,375.5099,93.4295,133.59,27.34,317.5406,95.7758,46.4285,51.3978,116.6366,55.3012,51.0611,172.7749,175.311,83.5999,44.0242,44.4363,142.86,119.961,142.6715
2026-05-11,292.4278,458.79,268.99,427.753,238.21,50.0334,925.0739,997.8834,181.4795,587.218,103.9237,67.5389,102.1239,11.7725,434.65,74.9721,388.1585,936.1293,306.8206,78.3932,93.3558,129.44,233.0408,123.3004,283.9115,219.0833,298.6546,22.4864,77.6918,501.1596,963.947,505.7899,107.2223,496.9769,598.3055,410.9944,305.7053,93.4477,41.573,218.9396,146.2916,25.3662,142.2977,712.507,209.7437,104.5234,737.4003,24.5414,84.2477,445.0,379.9174,93.499,138.66,27.35,322.5907,95.8452,46.4384,52.0653,115.2801,56.7607,51.0013,174.6104,177.6682,82.7955,44.1828,44.8536,142.4119,119.1326,147.7144
2026-05-12,294.546,448.29,265.82,418.6374,236.87,50.2611,910.451,1020.2579,182.6681,587.6668,105.3527,65.4797,101.5333,11.8615,432.93,76.1173,386.8701,937.1597,305.8945,78.2854,93.0401,120.61,232.6236,123.1307,281.1653,221.8833,303.5127,22.5928,79.0449,500.633,986.7549,514.4296,106.8581,498.9735,602.4417,406.1242,302.2959,93.2013,41.5338,220.2765,148.6807,25.4252,142.8437,706.4636,209.5644,105.3538,736.2831,24.8966,83.6864,433.45,391.7268,93.8865,144.3,27.45,325.8147,95.8452,47.1266,51.9458,115.5594,57.1578,51.3999,173.9221,174.9913,83.8581,44.1927,44.9033,145.2096,118.0548,148.652
2026-05-13,298.6125,445.5,270.13,416.1314,240.6,49.3307,900.6292,1031.4401,182.7173,579.1489,104.1023,66.8625,102.2125,13.4246,430.5,75.4899,402.1212,946.5917,298.1008,78.3246,93.0401,120.29,233.1004,124.089,281.2648,227.978,298.9035,22.4091,79.2721,509.9627,1012.5535,513.3829,106.9172,489.8189,616.059,403.5745,304.4492,93.4575,41.524,225.315,146.1545,25.5137,141.1861,713.9255,210.1421,104.731,740.4025,24.4131,83.4993,445.27,396.4407,93.7077,142.04,27.51,319.716,95.0522,46.4187,51.8661,116.457,57.2174,50.812,173.1939,176.6394,84.1362,43.826,44.3866,146.0658,118.4839,149.5796
2026-05-14,297.953,449.7,267.22,439.0951,229.21,49.3406,918.516,1039.5972,183.3459,573.1544,104.6184,67.0316,101.8483,14.3249,427.21,77.4217,400.5731,960.0067,299.8744,78.2658,92.981,115.93,233.5771,125.6662,283.0359,228.354,298.565,22.5348,79.4598,508.363,1003.532,513.847,106.8483,489.1201,617.8574,407.7775,306.2934,94.2753,41.2102,235.2024,145.567,25.3073,141.6526,718.9998,211.5366,105.1758,746.2475,24.3243,83.6175,443.3,394.3951,94.5721,143.0,27.62,321.9219,94.4872,46.2712,51.4775,116.8061,57.6542,51.111,174.0817,179.2862,84.3944,43.5286,44.6151,145.9862,118.434,150.7737
2026-05-15,299.9713,424.1,264.14,424.5181,220.49,49.2614,886.6652,1047.2849,187.7272,560.3776,101.9389,64.7335,100.1354,13.2564,417.29,74.5439,396.2884,939.7059,293.1349,77.8835,92.2411,108.77,230.6074,124.1489,276.22,224.3074,296.4744,22.1577,79.8252,502.8586,1003.482,509.5025,106.1691,493.373,613.6613,420.2171,297.3414,91.9894,41.0729,224.8062,146.0076,24.8945,140.521,708.1518,209.6241,106.2099,737.2706,23.7125,82.3768,422.24,389.2167,94.0952,148.23,27.77,325.146,93.0895,45.5928,50.1126,115.7788,59.0144,50.9216,170.9793,176.0501,84.0568,42.8545,43.5916,144.4629,116.2983,156.904
2026-05-18,297.5833,420.99,264.86,420.0452,220.61,50.172,862.3503,1074.7612,192.6586,563.0306,103.1199,64.634,101.0608,12.8904,418.43,72.7914,396.4482,937.6154,295.4011,77.962,92.2017,108.17,231.0941,123.8793,274.5981,226.4939,299.3813,22.5735,80.2005,507.5781,986.6761,521.6474,105.9722,504.9436,610.644,421.8306,293.4037,87.7328,41.7496,221.813,145.9489,24.8945,141.3349,705.1051,210.0923,105.9911,736.752,24.1072,82.2783,409.99,386.5287,95.3869,149.29,27.7,332.0232,94.1799,45.9762,50.0329,116.6765,60.1462,51.5594,170.3309,174.1523,85.3081,43.37,43.6612,145.0802,116.0887,159.4575
2026-05-19,298.7124,414.05,259.34,410.4204,215.01,50.1819,858.5573,1092.5829,195.5435,556.6273,101.5122,63.9277,100.3323,12.9201,411.5,72.3233,387.1797,920.1582,297.9924,77.7757,91.8466,110.8,230.1505,122.8512,271.6429,227.5625,294.3739,22.5058,80.9117,502.8189,1019.9484,519.9886,105.4407,498.8638,602.052,415.7353,291.6791,88.7379,41.6025,220.1069,147.2316,25.2188,140.253,700.7599,208.7376,105.7724,731.8446,24.6499,81.7466,404.11,384.6609,95.1782,152.96,27.79,329.2982,94.4475,46.9398,48.8573,115.5494,60.8512,50.9216,168.3259,173.0337,85.4968,43.5583,44.0587,146.6731,114.8012,161.5042
2026-05-20,301.9896,447.58,265.01,417.0999,222.2,50.7065,870.9443,1072.3052,189.6747,559.0111,103.2886,65.1215,102.0058,13.0784,417.4,75.8185,388.4282,973.045,306.0127,78.2756,92.468,118.96,232.2164,124.4384,278.4787,226.8897,300.6257,22.7475,80.5462,503.3753,1017.412,515.9996,106.2577,497.2065,604.4998,419.3605,298.6573,86.9741,43.3384,222.9604,146.1741,25.3466,141.3846,712.3672,211.3972,105.8917,739.3453,24.6006,82.623,417.26,378.7908,95.2875,144.27,27.73,330.1367,95.647,47.0185,49.5348,115.7987,59.3718,51.4797,170.311,176.929,84.9307,44.044,44.2276,146.484,117.7055,155.2746
2026-05-21,304.7272,449.59,268.46,413.9149,219.61,50.9638,864.3466,1048.7825,189.3574,529.9763,102.7924,65.6886,102.5669,13.5235,416.99,76.884,387.1797,979.0391,309.1656,78.3148,92.5272,118.5,233.1103,124.4583,281.0857,229.2742,301.6411,22.7571,80.1709,511.2047,1040.1595,516.197,106.4742,498.7839,606.8176,418.3025,301.2193,88.3733,43.5345,219.0094,145.7433,25.5038,142.3374,713.7256,211.9052,103.5352,740.8115,25.0052,82.9282,417.85,377.9805,95.4266,142.54,27.73,330.506,95.8254,47.4609,49.8337,115.7987,58.7066,51.5494,170.1115,178.3873,84.0766,44.1134,44.7145,147.4995,118.4639,154.2909
2026-05-22,308.5539,467.51,266.32,413.4856,219.02,51.2707,878.2607,1026.6078,189.7738,527.782,102.2168,65.5393,102.3602,14.77,413.82,78.4573,382.4955,987.52,308.4661,78.3246,92.6061,119.84,234.7193,124.7777,283.7026,231.8565,305.006,22.9988,80.4771,514.2549,1063.4761,526.5152,106.6711,497.7057,609.6949,417.7835,302.6548,87.25,43.8091,214.8389,147.4274,25.4547,143.3698,716.7523,213.5387,102.5211,743.724,24.9262,83.3812,426.01,383.9,96.2613,140.92,27.77,328.2702,95.9245,47.5396,50.1027,115.1604,59.064,51.7587,171.3484,180.1752,84.2157,44.1729,45.0623,149.2318,118.943,153.9233
2026-05-26,308.0643,503.89,265.29,421.3432,218.9,51.6666,906.8677,1001.338,183.112,527.7521,102.4946,68.0463,103.4923,15.1559,414.0,79.4531,388.3982,985.3304,305.9733,78.5893,93.0007,123.52,236.6859,125.4366,289.0658,229.0503,305.3643,23.0568,79.4697,511.6617,1063.2164,526.1796,107.0747,492.1849,611.773,415.2483,313.0722,86.3632,44.0739,214.37,142.6395,25.4056,141.9007,729.4784,214.9432,100.8407,748.6613,24.6894,83.7947,433.59,372.4265,95.8738,137.0,27.75,325.8746,96.3706,47.6772,50.8001,115.2502,57.4358,51.669,173.8722,184.9195,83.0537,44.3216,45.0424,147.8579,119.2124,148.8462
2026-05-27,310.5822,495.54,271.85,421.1934,224.3,50.5778,908.2451,1002.0967,180.8219,528.0214,103.3878,68.0364,103.1379,15.7099,408.49,83.7648,388.3482,987.2623,313.1758,78.5402,93.0401,121.77,236.3184,125.4865,288.9265,230.1549,297.9378,23.5692,80.6154,504.6073,1081.3705,524.4417,107.2223,494.2115,634.6718,411.8946,312.3545,86.3632,45.0939,212.1152,144.6564,25.7594,146.3972,728.6493,214.3954,101.5168,748.5316,24.5611,83.9917,440.36,379.4925,95.4266,131.03,27.75,327.0025,96.0732,47.4314,50.9893,115.9583,56.5819,51.2405,173.8722,184.2103,83.9972,44.2423,44.8536,148.1367,121.3083,146.9485
2026-05-28,312.2407,518.09,274.0,425.9059,228.78,50.2512,886.0263,993.6202,181.4465,537.6066,102.9412,68.2552,103.0591,16.4716,412.77,83.9939,389.6467,999.0524,316.4864,78.6383,93.2572,120.89,236.4178,126.894,290.5783,229.6673,295.3993,23.6562,79.4203,498.7552,1125.1876,530.4352,107.5471,492.9237,634.7017,426.1877,313.6703,85.9691,46.4571,213.7614,143.2367,25.6906,144.8289,734.7925,215.0328,100.1745,752.6609,24.5513,84.4249,442.1,378.0299,95.7148,130.78,27.7,324.3474,95.7065,47.2053,51.1687,116.3673,56.5422,51.091,173.3734,186.6275,83.8482,44.0242,44.3468,150.2175,121.8173,146.0145
2026-05-29,311.7911,516.1,270.64,446.064,231.15,51.0727,874.2482,954.8019,180.8814,540.7783,101.0557,68.2453,103.1674,17.2531,417.12,82.8885,379.8688,1016.0837,312.4763,78.7167,93.3657,114.68,236.3482,127.6227,288.9862,224.2241,297.9677,23.2115,78.0375,494.4927,1103.4188,523.7604,107.6456,493.1533,631.9243,449.394,314.8268,85.7326,45.339,210.6585,141.1806,25.7299,142.4963,737.4995,214.6444,98.5936,754.5361,24.4723,84.4446,435.79,375.836,95.9831,129.09,27.66,325.7548,94.8639,47.0086,50.9595,115.3898,55.887,51.3999,172.7051,190.7925,82.3387,43.6079,44.1382,148.8137,120.6296,144.3255
2026-06-01,306.0461,510.13,261.26,459.2432,224.3,50.9836,863.7576,944.6082,184.2223,541.0277,102.0679,69.7176,102.813,16.4518,411.26,82.3309,375.9037,1043.4695,306.1211,78.6566,93.2043,109.33,235.8516,128.5411,287.5434,222.4131,295.2499,22.8441,77.6721,494.2145,1080.6514,513.325,107.6288,494.4212,599.9139,459.6547,315.9433,82.4318,45.4479,223.8483,138.5663,25.1893,139.2406,741.9247,215.1225,95.9588,756.5908,24.2256,84.4901,415.88,375.3913,96.3308,135.5,27.76,322.1715,93.2679,46.93,50.7303,115.31,56.8897,51.2505,171.9769,195.5269,81.4648,42.8941,42.8265,147.1908,117.955,148.419
2026-06-02,314.9284,521.54,256.52,480.8091,217.7,51.9437,908.1253,952.7552,185.9274,577.7525,100.6389,70.4339,103.384,15.977,411.95,81.3849,361.4017,1059.3915,306.9389,78.7157,93.2736,107.93,237.699,128.0619,290.2101,221.7961,299.6103,22.5541,77.4449,492.7242,1062.6273,510.2738,107.6189,476.8806,597.0766,440.4808,325.015,84.4222,43.271,222.3118,139.0363,25.1107,139.7766,745.3409,214.9332,94.9645,757.6182,24.3144,84.668,423.74,373.4741,96.311,137.27,27.76,316.7316,93.6942,47.0676,51.3281,113.2753,57.545,51.2804,173.7625,197.974,81.2661,43.1122,43.6215,145.7572,117.3561,148.5978
2026-06-03,309.9926,542.52,250.02,478.4727,210.58,51.8645,924.465,960.3032,188.0687,586.7691,98.6342,69.5584,102.498,15.5417,407.87,81.355,358.5452,1035.9463,308.3676,78.4989,93.0361,112.71,237.6792,126.4049,286.2399,222.1444,299.5008,22.0031,77.7906,504.3092,1077.2363,508.8825,107.3225,470.7608,622.4031,426.537,328.4742,83.3383,43.3501,214.2603,139.565,24.9043,139.1512,743.3931,214.7838,95.3423,752.3019,23.2388,84.3319,423.7,372.5649,95.6452,140.86,27.86,311.8207,93.5851,45.8681,51.4377,111.7892,58.2896,50.6924,173.6228,195.9963,81.5939,43.132,43.4327,146.9021,116.4979,151.5487
2026-06-04,310.9618,523.2,253.79,418.248,217.42,53.6164,938.7385,970.8065,186.7205,590.2202,98.5846,68.7427,103.3151,15.1756,411.27,82.8686,371.7289,1087.2849,307.6826,78.6467,93.1549,111.78,239.3974,126.6045,290.5583,227.0502,309.4958,21.7227,75.8745,505.7844,1123.6598,515.8593,107.5497,480.9538,626.9889,427.2457,324.8554,84.4222,43.1621,218.4156,139.1831,25.2483,139.7369,739.797,216.4771,93.6023,755.1446,22.4691,84.5197,418.45,391.8058,96.0427,136.74,27.84,319.5863,95.2604,44.1179,51.4277,112.8165,58.3293,52.0078,175.7277,192.9399,81.4747,44.0143,43.6612,151.4122,117.0268,151.0618
2026-06-05,307.0752,466.38,246.03,385.1205,215.45,53.5568,902.6056,970.3273,185.6895,581.9317,98.9518,64.256,100.667,14.7404,396.24,81.9405,368.0734,1033.6178,308.5065,78.2527,92.66,99.17,234.8186,122.4719,280.2498,231.6276,310.9691,22.2247,78.5017,506.2329,1129.801,520.5403,106.8778,490.2581,592.4509,415.8871,305.5159,85.1993,42.5289,204.8708,140.4199,25.5923,145.4542,704.286,212.3036,94.7457,735.6548,22.4494,84.0848,391.0,394.7706,95.0292,133.02,28.02,322.97,95.9444,44.6095,50.4414,111.3802,57.2571,52.1174,173.7525,180.0853,82.865,44.3117,44.0686,152.3382,114.6316,148.9555
2026-06-08,301.2802,490.33,245.22,395.9733,215.92,53.3578,913.9445,973.2027,187.6028,572.1769,98.1182,65.41,101.2773,14.8393,397.27,83.5971,363.0766,1039.907,307.4444,78.361,92.561,110.27,235.6629,122.7613,282.6976,231.0206,309.7148,22.9826,78.561,500.2725,1147.5056,516.873,106.7691,484.8572,584.848,410.9663,314.099,83.383,42.7762,208.4068,139.193,25.1795,144.0249,715.2839,212.9909,94.2784,737.3204,22.2027,83.6498,408.95,401.787,94.6218,135.15,28.03,319.0772,94.6359,44.6784,49.7739,110.8017,57.9123,51.7886,173.2039,183.9606,82.4976,43.6475,43.2439,151.9797,115.1605,150.7737
2026-06-09,290.2996,475.51,244.19,391.5403,214.51,54.1438,913.0063,967.0525,185.1442,575.8375,98.5747,65.4797,101.297,14.7898,390.78,83.5871,364.026,1026.9802,318.9793,78.4398,92.8183,107.92,236.5568,121.803,283.6031,235.8369,311.2976,23.0613,80.3388,513.8976,1143.0421,526.8712,107.115,494.4112,584.0487,402.652,310.6598,84.1969,44.1813,207.9573,141.2708,25.2581,147.5684,707.053,213.2797,96.8536,735.1561,22.4099,84.1441,396.68,408.1414,94.9696,131.3,28.01,324.4472,96.8167,45.0127,50.5809,111.1907,56.9791,52.2769,175.169,180.5547,83.5205,44.5794,43.7009,153.8913,115.6396,147.952
2026-06-10,291.3287,452.4,238.0,371.512,209.0,54.2631,854.5746,981.809,188.1579,558.6021,97.8602,64.3257,99.9877,14.1468,374.58,79.2361,356.1511,996.4099,316.587,78.2921,92.7293,107.04,233.6467,119.4772,280.6479,237.3196,307.7536,23.6716,82.5611,507.4887,1134.7439,521.7926,106.868,488.2615,570.4513,396.6133,303.9707,84.4847,43.4986,200.196,142.7946,25.1599,147.9456,692.9285,211.4968,98.1959,723.5659,22.9033,83.9068,381.59,402.6666,94.6119,134.3,28.05,322.3611,96.8266,46.1631,49.4152,110.722,57.8329,52.0477,169.2436,176.4196,84.9009,44.5992,43.7208,152.1789,113.2643,149.651
2026-06-11,295.3752,488.45,241.51,384.9607,221.63,54.88,895.9679,974.1412,184.2124,567.1699,99.577,67.151,103.0985,14.5524,386.32,80.6831,357.5402,1030.5925,323.6251,78.7551,93.3726,116.96,238.1559,121.3539,288.9663,237.1603,312.0841,23.8389,81.5142,513.7482,1159.2887,545.3071,107.777,485.6958,567.9036,389.6066,318.0168,84.2068,45.4776,204.641,142.2108,25.7201,147.2408,716.3328,215.0527,101.6958,735.8643,22.6961,84.9942,399.15,400.779,95.0292,128.83,27.95,318.4584,96.7572,46.1532,51.0292,111.8291,56.711,52.4363,174.7201,182.9918,84.6824,44.5298,43.7705,153.4134,116.0687,145.6569
2026-06-12,290.8792,511.57,238.55,381.4663,219.05,55.7356,908.8839,980.7906,185.6002,575.9871,99.2793,67.529,103.384,14.681,386.54,81.3318,359.4489,1057.5704,325.9877,78.7551,93.2142,124.57,240.49,121.3938,291.4937,239.6879,319.2817,24.0062,81.6031,521.8514,1131.3788,537.0085,107.7078,489.16,566.455,390.0058,323.39,85.3482,44.4584,204.9607,142.7451,25.7594,148.5014,720.5482,216.0588,102.4515,739.844,23.2684,84.7866,406.43,403.7141,95.4366,125.43,27.95,321.7922,97.6493,47.3036,51.9856,111.3603,57.1379,53.1538,175.7476,184.5799,85.2286,44.966,44.2475,153.1346,116.3681,146.0642
2026-06-15,296.1646,547.26,246.02,393.3175,228.95,55.5864,932.2007,977.8953,178.8392,573.9822,100.9167,69.75,104.08,14.6118,396.55,83.8965,369.1128,1070.925,327.4073,78.8536,93.3132,127.86,242.8922,124.2482,293.8725,234.5034,317.9676,23.6125,80.4301,519.7683,1127.734,527.0997,107.688,489.8189,593.48,399.0089,332.9587,85.4772,44.7256,212.2125,144.7041,25.553,149.3451,743.1833,218.729,101.0098,752.8904,22.9823,84.7372,411.15,408.5245,96.0246,121.21,27.97,323.2195,96.9653,46.281,52.3044,111.8989,55.1523,53.373,178.2415,191.5616,84.891,44.5992,44.4561,152.2187,118.3342,140.0134
2026-06-16,298.9821,507.29,246.0,376.1147,227.49,56.5515,943.7094,985.1138,178.5517,583.7769,100.5098,68.64,104.31,14.2556,397.63,82.3397,373.0103,1085.3544,334.6241,78.8438,93.5508,117.05,242.0752,123.2391,291.3191,234.0258,329.6549,23.4255,79.8038,516.4692,1120.8938,532.6554,107.8165,500.491,600.21,393.09,325.394,85.5864,44.5672,207.1782,144.5755,25.5923,151.3601,729.0588,217.2921,101.0992,748.402,22.854,85.2018,404.66,405.1552,95.596,115.47,27.93,332.5023,97.2032,45.9467,52.5236,112.0286,54.9636,54.1603,179.4086,186.218,85.0002,44.7082,44.7741,152.2685,118.2244,140.9473
2026-06-17,295.695,512.48,237.5,392.2791,225.63,56.243,954.1499,964.0573,176.0436,586.9487,100.093,68.56,103.78,13.8104,388.6,79.4158,363.5563,1093.7831,325.0844,78.5482,93.0559,121.1,239.5046,121.4907,289.1249,233.0506,331.9645,22.8349,79.4559,514.1567,1110.4088,529.0477,107.4707,492.1649,567.58,378.198,327.6095,85.0901,43.7262,204.4212,140.0934,25.4744,149.4444,721.7169,213.9892,99.2499,739.056,22.1435,85.3402,396.38,397.0849,94.3302,114.23,28.18,329.7674,94.7747,45.0717,51.8262,108.9166,54.2786,53.8613,179.1592,185.5787,83.1034,43.588,44.1779,150.0482,115.2603,139.8345
2026-06-18,297.7532,537.37,244.39,410.7,222.72,55.9147,983.9946,949.9397,172.1278,587.7167,103.1,70.79,104.41,13.9094,387.12,79.1264,367.7936,1091.2157,331.8346,78.8241,93.3924,133.99,241.298,123.0793,294.82,227.2691,323.7615,22.4609,78.9191,510.469,1096.9979,507.8091,107.7671,488.9703,577.22,378.6871,337.8389,86.1025,44.7256,210.4545,140.5189,24.7766,149.2657,739.807,215.4262,100.0751,746.74,21.7192,85.7554,400.49,398.5062,93.9315,114.87,28.3,326.6332,94.7251,44.6095,51.617,109.166,53.385,53.383,180.466,191.212,82.726,43.479,44.476,148.744,116.927,136.9234
2026-06-22,296.7541,551.63,232.79,392.13,220.83,57.0788,1020.3871,949.8398,173.5454,597.0425,101.671,71.21,104.58,13.9588,384.59,80.264,349.4554,1100.9778,324.2307,78.7551,93.0361,140.94,242.6431,121.6506,297.4033,230.1549,329.9934,21.6833,79.0583,515.014,1100.5029,490.5657,107.4806,483.2799,563.85,366.6498,344.5254,85.4375,42.7366,208.4168,139.2227,24.6488,146.5857,737.95,215.3663,99.578,744.39,21.808,85.103,405.05,404.1912,93.9714,112.69,28.36,325.9944,95.7461,44.5997,51.62,106.86,54.06,53.7,181.8,192.15,82.18,44.02,44.72,150.06,114.94,137.5792
2026-06-23,294.0464,519.85,234.11,380.15,216.71,57.616,982.4175,956.1598,174.4575,590.4097,102.7427,67.17,102.46,13.85,377.32,78.7871,345.9077,1089.106,322.0765,78.6861,93.1549,132.28,240.0725,119.7023,294.5507,237.9067,332.6415,22.1164,79.8336,510.5786,1105.4958,500.5739,107.609,487.2532,562.2,373.2374,329.0965,85.7849,41.9352,199.8164,140.5485,24.295,149.7422,713.65,212.5523,100.4728,733.58,22.5086,85.2117,381.61,406.7454,94.2405,111.26,28.45,327.8709,97.005,45.9467,50.87,107.27,54.46,53.88,178.15,184.19,83.72,44.64,45.07,152.18,113.76,138.831
2026-06-24,292.8274,519.74,234.27,382.07,220.25,57.437,992.6086,959.5644,169.9667,599.1969,100.3511,67.25,102.26,13.6917,365.92,78.7871,345.0682,1071.6615,340.3518,78.6664,93.7586,131.65,240.1223,119.5624,295.9171,239.8172,331.9546,22.579,80.1219,514.0372,1115.6613,488.6178,108.103,493.5826,557.67,364.7733,327.7492,86.966,41.381,198.7776,140.7662,23.6267,150.9134,710.62,212.732,102.9387,733.24,22.0744,86.3782,375.53,403.3165,94.5495,106.29,28.53,331.614,97.01,44.9143,51.16,106.54,53.57,53.72,180.21,183.05,84.44,44.51,45.54,153.35,115.07,136.0193
2026-06-25,274.9129,532.57,227.01,378.91,218.12,57.8946,1055.0527,940.7443,170.7498,629.1293,97.3044,67.96,103.15,13.9588,369.46,78.3679,343.4892,1059.8989,342.4762,78.696,93.818,132.87,243.5199,117.9938,298.1313,243.6782,333.6171,23.1007,79.943,520.5657,1126.0763,501.9155,108.192,488.1018,542.87,352.167,338.6173,87.0454,40.4707,195.5212,138.0453,23.263,147.3997,716.38,212.7918,102.5708,734.3,22.1238,86.3485,375.12,412.987,94.5794,109.31,28.48,329.9071,97.19,45.2978,51.84,105.58,54.09,53.45,184.12,184.57,83.94,44.59,45.85,155.63,113.35,136.6651
2026-06-26,283.5355,521.58,232.69,365.02,217.25,57.5862,995.623,951.028,169.58,611.6546,98.0388,67.19,102.54,13.9786,373.63,77.9388,337.1733,1014.6407,346.308,78.6467,94.0555,128.32,241.8759,118.933,299.049,253.4102,327.5743,23.3271,82.1399,517.9144,1206.3912,504.2809,108.192,498.1849,550.25,372.2692,325.0846,87.899,40.3223,192.3148,139.8955,23.8724,147.9158,706.52,213.201,104.0026,728.99,22.4198,86.3584,379.71,425.2714,95.6758,105.48,28.46,335.6065,98.67,45.7599,51.6,106.18,53.84,53.57,181.2,181.11,84.71,45.24,46.2,160.34,114.37,135.6616
2026-06-29,281.4972,539.49,240.14,372.45,214.69,57.5862,1031.2769,945.1772,167.0125,625.01,97.88,67.43,103.45,13.8698,368.58,77.1804,353.4228,1015.2378,348.2437,78.8241,94.0852,131.72,241.866,121.8704,298.1912,257.2413,327.9128,23.8094,82.1597,509.3825,1228.1702,498.9837,108.3896,508.7871,562.6,367.8775,335.324,87.9983,41.0446,194.7521,137.2142,23.951,147.35,724.08,216.8232,103.4656,741.0,21.5317,86.4474,411.84,417.2508,95.8452,107.08,28.37,341.0165,98.15,43.3608,50.66,107.88,53.58,53.72,182.76,185.41,84.37,44.92,46.02,160.74,117.12,135.1847
2026-06-30,289.1107,580.91,238.34,377.75,216.47,56.6908,1062.9282,933.985,164.3259,634.33,96.25,68.41,103.88,13.7511,368.38,76.9209,357.1404,1006.4409,350.1,78.7847,93.6002,139.63,241.5471,124.0584,299.6674,252.7236,325.862,23.2483,80.7879,517.2366,1197.7137,506.3282,107.7671,512.7405,563.29,372.3191,342.1402,87.1149,40.6191,199.8663,133.9688,23.666,145.5534,736.4,218.9585,101.6063,746.77,20.4265,85.4292,420.6,413.0864,96.1442,106.44,28.41,342.4538,96.43,41.6303,50.83,107.13,53.11,53.61,185.23,190.52,83.07,44.03,45.34,158.66,117.28,135.8404
2026-07-01,294.1263,540.88,241.7,369.34,218.58,58.0638,989.5742,923.2021,164.2565,627.63,95.71,66.48,103.02,13.4939,370.6,75.3641,360.978,1014.6407,348.2735,78.7738,93.3728,127.02,242.9919,122.9094,298.5403,252.7335,332.5718,24.6165,80.8078,531.7987,1190.0347,518.6122,107.541,521.5657,612.91,383.558,327.4398,85.7254,42.608,197.3592,139.668,23.4694,146.3376,725.17,218.3997,102.7995,745.76,20.2094,84.8517,425.3,423.9296,96.5728,103.27,28.49,350.429,96.82,41.2862,51.02,109.74,52.81,54.78,183.36,185.62,83.3,44.18,44.77,159.54,118.09,135.4032
2026-07-02,308.364,517.82,242.67,360.45,226.49,58.4319,961.7459,950.1593,167.7361,621.27,99.5,65.7,104.37,13.2169,378.13,75.8432,359.6788,1016.0239,355.2818,78.8925,93.4622,120.35,245.9112,121.0511,296.8048,261.7491,332.97,24.9708,83.6409,544.8458,1212.173,542.5541,107.7195,538.4873,582.9,389.7563,315.8931,87.6806,43.6272,194.6122,142.6956,23.9019,150.2881,712.6,217.9607,103.6744,744.78,20.3081,84.8418,393.45,422.7568,97.5696,103.98,28.34,361.4585,98.02,41.8466,52.01,109.6,53.22,55.62,183.91,180.59,84.99,44.68,45.76,163.74,117.12,136.208
2026-07-06,312.3906,552.05,244.16,373.9,234.54,59.5959,968.124,948.7416,166.6457,635.24,97.41,67.57,105.46,13.6818,382.13,77.6893,366.2246,1050.1469,348.0849,79.0509,93.5218,122.2,246.3396,122.8894,298.1214,258.0573,337.72,24.4294,82.4679,538.7458,1198.3429,534.6928,107.7492,532.2078,600.29,386.0133,321.0627,86.7874,42.8851,195.3314,141.7754,23.3122,148.2037,722.82,218.0206,101.5268,751.28,20.3081,84.7823,419.77,415.4319,97.5696,104.35,28.32,356.5876,97.24,41.3648,51.98,110.21,53.13,56.14,185.56,183.57,84.1,44.29,45.3,161.96,118.01,135.5622
2026-07-07,310.3923,516.11,245.98,370.78,231.68,59.5561,938.3792,945.996,172.5045,603.61,97.48,65.72,104.16,13.4147,377.49,75.8731,366.7942,1037.8967,342.6847,78.942,93.0451,110.39,246.8378,121.2409,295.4184,265.9284,339.22,24.9019,83.5514,536.4633,1233.7921,532.0889,106.9659,530.7303,615.58,388.1094,311.8114,87.8097,42.7564,196.7099,143.4476,23.6562,151.6182,709.43,217.2722,103.0182,747.71,20.8113,83.8893,402.9,425.5695,98.0281,108.92,28.4,351.5469,98.4,41.8761,51.51,111.02,54.64,56.05,182.38,179.18,84.86,44.89,45.7,164.44,117.39,140.7784
2026-07-08,313.12,517.41,243.62,388.69,224.95,58.0041,946.3245,951.617,174.4476,596.74,96.7,66.23,103.36,13.3554,374.45,76.0827,361.6875,1024.6218,333.7505,78.843,92.8565,110.24,244.307,121.6905,292.7155,262.1073,330.62,24.5279,82.9053,525.938,1214.0902,524.7145,106.7577,518.99,603.12,382.6197,314.2165,86.7874,42.4398,203.8918,141.0037,23.6365,147.3004,711.44,216.4539,103.2767,745.4,20.8409,83.7008,394.06,422.9954,97.3304,112.21,28.36,346.8856,96.8,41.7385,50.16,109.46,55.6,54.97,180.42,181.4,84.39,44.15,45.36,162.3,115.3,140.222
2026-07-09,315.9475,546.72,247.04,401.11,223.11,58.9492,936.6524,911.5208,172.5442,592.9,96.17,66.78,103.92,13.4642,378.18,76.4918,358.6595,1050.8235,336.2521,78.9321,93.0551,112.54,245.4827,123.1892,296.4657,257.8284,335.47,24.2916,82.1399,523.8349,1215.2086,515.0742,106.7974,523.2,631.48,383.6378,320.5537,86.4499,42.331,202.5533,136.4028,23.8331,145.7619,723.28,218.0305,105.8022,751.71,20.762,83.8298,406.55,429.0381,97.2805,109.01,28.36,347.5544,97.09,41.532,50.26,110.51,54.82,55.54,181.11,185.35,83.2,44.23,45.13,162.17,116.85,136.5757
2026-07-10,315.0483,557.89,245.34,399.97,222.28,59.3671,950.6464,914.7955,174.8738,586.86,95.62,66.9,104.33,13.85,377.01,77.6893,356.9506,1050.0374,340.7886,78.8925,92.9756,109.84,245.9411,123.8386,295.2189,255.7188,336.47,24.459,82.9948,528.051,1186.8792,520.0036,106.5495,526.74,669.21,384.3764,321.1226,87.3035,43.9043,210.7242,135.9279,23.7544,145.9505,725.51,219.218,105.4045,754.95,21.13,83.8099,407.76,422.0214,97.44,108.7,28.39,348.3229,97.32,42.12,50.89,111.64,55.08,55.71,181.92,185.78,84.12,44.45,45.41,160.84,117.24,137.9865
2026-07-13,317.0366,534.39,247.31,384.05,215.51,59.198,929.7452,924.9594,180.6237,585.64,96.0,64.5,103.24,13.7016,367.13,76.5617,352.2836,1040.8125,334.6439,78.7045,92.638,103.12,246.7182,121.4807,292.7155,256.5049,334.53,24.833,83.7503,522.3398,1180.1788,517.4792,106.0537,537.7,656.73,390.2553,313.997,87.7204,43.3007,203.3025,137.0262,24.0591,147.2706,711.74,218.1802,106.7269,749.17,21.55,83.3139,394.76,426.464,97.4998,117.79,28.5,357.0866,97.83,42.68,50.58,111.59,56.74,56.07,180.37,181.28,84.59,44.7,45.72,161.41,116.04,143.5803
2026-07-14,314.5887,548.13,247.49,389.11,217.11,60.3123,931.6118,920.2868,180.1875,584.4,95.87,65.67,103.96,13.7906,372.15,76.7114,359.2791,1134.444,335.2693,78.8628,92.8962,107.76,245.4728,123.1192,293.7428,252.6042,342.89,24.6854,82.5872,520.8248,1150.8909,511.8242,106.3016,538.02,661.04,384.2067,319.1166,88.8717,42.4101,211.5633,134.0183,23.8331,144.9976,719.69,218.769,105.5636,751.83,21.28,83.423,396.18,422.5879,96.5629,120.17,28.39,355.3598,97.57,42.47,50.64,111.45,56.95,56.18,180.45,183.62,83.42,44.48,45.69,158.29,115.9,144.1566
2026-07-15,327.2178,529.14,254.96,394.28,218.12,61.2774,912.607,915.0851,180.0289,589.48,97.15,65.57,104.65,14.0281,372.35,77.4798,370.6818,1146.4551,338.9423,78.9915,93.1246,102.99,246.3795,123.4689,294.9995,245.8077,346.91,25.0495,81.9609,512.4624,1154.975,511.2975,106.6685,535.21,681.31,394.8866,312.0409,88.435,42.3211,212.2625,133.9688,24.3933,146.953,717.74,219.3278,104.5096,754.81,21.43,83.5817,394.46,415.9587,95.7755,121.38,28.25,354.4815,97.86,42.83,50.5,113.38,56.5,56.56,180.06,181.58,83.47,44.56,45.22,158.29,117.0,143.5803
2026-07-16,332.9728,500.94,249.89,374.45,214.34,61.1779,875.5458,944.069,182.2693,598.97,99.71,64.19,103.81,14.038,364.96,77.5596,354.2323,1090.121,345.4741,78.9816,93.065,96.98,248.5515,121.091,294.82,248.7432,343.15,25.8173,84.4163,519.0307,1167.4971,510.3633,106.5891,551.54,664.54,400.3463,302.7995,88.6831,44.1022,207.1682,137.9562,24.7078,150.3774,705.94,220.1859,107.751,750.72,21.98,83.552,391.06,420.789,96.812,119.3,28.34,364.4629,100.07,43.88,50.89,112.65,57.02,56.75,180.15,177.52,85.81,45.46,45.47,161.8,117.34,145.011
2026-07-17,333.4524,495.76,247.23,370.83,214.03,60.959,878.65,939.3765,185.7589,597.24,97.67,63.29,103.33,14.0775,368.41,75.913,346.5472,1060.0283,336.3911,78.8331,93.1842,95.04,247.1267,119.2727,293.274,251.7981,341.1,25.4728,81.0762,511.5354,1177.4227,505.6425,106.6487,543.6,646.01,393.08,301.4822,88.1372,43.3007,202.5833,135.6706,24.6193,148.8687,695.33,217.4019,104.8875,743.29,21.81,83.8595,380.84,423.4824,96.2838,123.96,28.33,357.8951,100.02,43.59,50.53,110.65,57.68,56.26,179.41,175.59,85.19,45.42,45.17,161.09,115.44,146.412
2026-07-20,326.3086,503.57,249.99,378.16,209.48,60.1133,864.3,934.3145,188.0687,586.0,96.41,63.56,102.57,13.8401,367.6,75.6436,351.7639,1049.8881,330.6037,78.8628,92.8863,97.06,246.0606,119.3626,291.5486,247.5989,338.87,25.4531,81.6329,510.3693,1145.2589,506.4078,106.2421,547.44,645.85,401.5341,302.0311,87.3432,43.0137,203.0528,134.0282,24.3245,148.025,696.06,216.4739,104.2114,742.09,21.95,83.2345,369.57,418.9702,96.1841,125.51,28.39,359.9014,99.48,43.5,50.03,110.8,57.94,56.04,178.12,175.71,84.86,45.23,44.94,159.25,114.61,147.4055
2026-07-21,327.4576,544.43,247.55,386.5,204.8,60.9092,889.97,927.7449,189.4169,586.88,96.14,65.34,104.06,14.1171,374.81,79.3559,346.927,1080.2693,329.1742,78.8331,92.6579,105.45,246.5389,121.2209,295.7675,249.3801,345.23,25.3842,81.4838,503.3723,1173.7281,503.9728,105.9447,538.3,643.81,397.0026,313.8473,87.2737,42.5091,207.0583,133.5731,24.5112,147.0026,708.97,217.6613,103.8534,748.28,22.26,83.0063,378.93,433.6796,96.234,128.85,28.48,355.1602,99.52,43.78,50.1,110.03,58.5,56.11,178.66,180.78,84.06,45.2,44.92,160.25,114.87,150.734
2026-07-22,325.6092,552.33,244.85,396.81,208.65,61.3072,889.31,925.838,191.3104,607.33,95.87,64.99,104.25,14.2655,379.12,81.9605,341.8702,1092.8477,329.0253,78.7045,92.4493,102.62,246.6186,120.8113,293.0247,254.3754,348.21,25.5515,81.7124,507.0004,1161.3458,511.1981,105.7662,531.98,627.17,389.6066,313.6077,88.7427,41.7669,211.823,134.2162,24.3933,148.025,705.35,216.873,103.3861,747.41,23.04,82.788,374.01,428.6704,95.9349,131.68,28.45,352.7647,99.02,44.29,50.82,109.2,59.2,56.05,178.85,180.27,84.38,45.01,45.93,159.43,114.02,153.4563
2026-07-23,321.3828,539.69,233.66,392.47,209.23,60.9689,894.54,924.59,192.7379,610.02,92.83,64.6,102.9,13.9984,371.52,80.5035,317.4859,1069.4821,322.3346,78.4175,92.2011,100.23,245.2835,118.4834,291.3291,257.9976,349.9,24.9609,80.6885,504.6581,1184.1731,565.0948,105.3597,530.29,606.1,380.863,313.3483,89.1198,40.5597,208.5267,133.5236,24.58,145.881,691.96,215.5359,102.6205,738.18,22.96,82.5201,319.69,420.9679,95.7954,139.49,28.56,350.948,98.69,43.82,50.29,105.38,59.38,55.83,181.94,178.45,83.21,44.95,46.19,161.44,108.76,155.8806
2026-07-24,332.733,521.95,232.11,381.92,209.52,61.735,888.73,935.03,193.1047,628.16,94.85,63.33,103.41,14.216,371.9,82.4695,319.5346,1056.0579,330.5442,78.4175,92.3798,92.32,247.336,117.5442,290.4115,262.1073,353.21,25.2661,81.7621,510.5985,1194.3186,579.0186,105.3299,539.66,595.19,380.9828,305.7736,89.1099,41.2623,206.6088,135.1957,24.54,147.41,684.23,216.3442,102.6603,738.93,24.13,82.5995,313.03,418.1651,96.6326,136.69,28.58,355.0804,100.81,46.38,51.26,106.3,59.62,56.31,182.66,175.88,84.13,45.95,46.29,162.57,109.41,155.9303
2026-07-27,336.6197,494.95,231.39,383.22,211.5,61.8146,873.28,951.58,188.3562,625.02,96.65,63.62,103.91,14.5227,374.63,86.8604,326.3502,1043.1212,333.6314,78.457,92.6281,91.67,248.8305,117.0247,292.147,264.6448,356.2,25.8074,83.5713,505.3558,1195.8164,576.4346,105.6076,551.71,593.87,388.3689,301.7217,88.167,41.6977,196.2904,138.3124,24.67,148.63,682.12,216.7932,103.058,739.09,24.42,83.0956,309.22,415.0841,97.2307,124.76,28.6,361.8578,100.54,47.32,51.39,107.66,58.36,56.88,183.2,174.3,85.36,45.76,45.68,163.4,110.84,153.7743
2026-07-28,339.7869,454.62,230.86,380.91,221.56,62.3021,840.85,966.58,185.9571,639.84,98.89,62.36,103.89,14.7997,369.37,90.1136,333.4956,1028.3037,341.9501,78.6055,92.9061,86.3,251.1221,116.3753,292.6058,265.421,357.31,26.8704,87.7464,509.5021,1218.9133,577.7366,105.9248,562.75,593.41,392.6109,291.7318,88.6136,42.5981,196.7898,141.35,25.25,148.88,675.49,217.9906,102.5111,740.86,24.66,83.5817,307.44,426.1659,98.2374,120.49,28.58,365.9102,100.95,48.19,52.34,109.67,57.57,57.6,182.49,171.09,87.06,46.01,45.52,167.26,112.48,152.0554
2026-07-29,337.8986,429.56,226.65,370.32,214.01,60.76,782.71,974.03,190.2001,610.95,98.48,61.07,103.37,15.1163,371.08,89.2155,336.4937,975.9701,335.7954,78.4274,92.5189,81.88,248.6113,113.9475,287.8183,264.2268,344.71,27.1854,88.5516,509.4922,1208.2886,565.701,105.32,563.32,585.61,389.8062,282.5404,87.7998,42.7663,189.7976,141.9832,25.15,146.1,661.73,215.516,103.5452,729.46,23.94,82.2026,298.32,417.9962,98.0281,129.31,28.42,368.0463,100.66,47.22,51.74,109.51,58.65,56.68,176.66,166.57,87.36,45.96,44.91,166.24,111.61,155.7415
2026-07-30,333.1427,485.39,235.5,387.84,220.9,61.4166,809.14,954.17,190.6462,599.47,96.16,63.59,106.24,14.7008,377.16,88.2176,333.4457,1019.8651,330.9114,78.655,92.5586,91.13,249.797,117.3244,291.8278,254.5645,350.85,25.9649,87.9651,506.9705,1153.3173,570.5808,105.5084,577.35,539.03,450.2524,298.1689,87.2737,41.8461,194.822,138.7181,24.91,143.96,683.55,218.4496,105.2454,741.69,23.21,82.153,308.85,418.8907,97.5197,127.48,28.14,365.5908,99.49,46.11,51.64,106.58,58.96,57.0,178.39,175.73,85.47,45.3,44.66,163.52,112.39,155.9601
2026-07-31,308.6438,476.15,271.58,389.28,216.14,61.6355,814.81,951.89,195.1271,592.67,96.19,64.09,105.58,14.5227,371.54,88.6766,355.9012,1013.4167,329.5316,78.6649,92.3004,90.2,250.9029,118.2136,290.4414,255.0919,351.79,25.4432,87.0704,476.8098,1147.196,579.1578,105.3497,573.1,556.71,463.8468,298.9872,86.2712,41.2722,200.5256,138.0849,25.01,144.49,687.99,218.8488,104.6488,747.03,23.25,81.6073,311.21,411.8639,97.6094,129.17,28.17,365.4511,98.95,46.81,50.43,108.24,59.55,56.94,179.84,175.35,85.05,45.07,44.35,162.55,116.09,154.44
2026-08-03,303.1586,484.64,284.02,392.23,233.49,62.1628,830.03,954.08,191.5087,605.06,98.14,64.32,106.02,14.2754,371.71,87.4991,373.2701,1022.0544,337.5326,78.8777,92.4877,91.0,253.3141,120.7614,295.4484,253.1614,352.64,26.0043,86.3448,478.8829,1119.7554,582.6859,105.6664,570.97,590.24,486.7337,301.1728,85.904,42.1924,206.409,138.1541,25.03,144.97,700.07,221.2636,102.7796,757.67,23.59,81.8763,322.08,412.818,97.9483,122.12,28.17,364.9919,99.07,47.36,51.01,111.34,58.79,57.38,183.16,178.04,84.86,45.18,44.36,162.24,118.21,154.0624
2026-08-04,309.1134,518.58,277.42,418.16,237.16,62.5807,876.54,947.85,188.7527,617.37,98.18,66.0,107.32,14.0874,374.16,88.1277,377.4074,1047.848,345.6925,79.1164,92.9162,100.86,255.6954,124.1883,300.924,253.6789,357.52,26.2208,86.0465,483.0493,1114.0836,585.7073,106.3137,571.1,587.94,491.884,312.7195,86.5492,41.0941,211.7031,137.6297,25.41,148.01,723.85,224.347,104.3704,771.33,23.38,82.5039,327.35,405.0558,99.3736,115.78,28.16,368.9047,98.92,46.88,52.0,112.04,58.52,57.88,186.4,186.9,85.37,45.17,44.11,162.1,118.29,152.9695
2026-08-05,310.732,482.05,272.65,418.28,240.19,62.9289,871.08,941.99,184.7972,612.0,101.76,65.72,107.43,13.9786,389.64,88.976,362.1972,1055.2119,350.5567,79.0866,92.976,101.06,255.1972,123.7786,298.9891,256.3258,359.24,25.3251,86.3149,489.4382,1168.186,574.0494,106.2938,570.48,588.77,486.5441,309.3563,85.2688,42.0044,218.975,137.3131,25.81,146.8,717.3,224.347,105.3946,769.79,23.06,82.6832,321.55,410.224,99.3637,114.88,28.09,367.8566,98.92,46.47,52.64,110.87,57.31,58.0,186.35,185.91,85.33,45.2,43.66,164.16,118.64,150.6545
2026-08-06,312.1408,489.28,272.26,420.57,232.19,62.6802,856.96,949.15,187.5928,614.84,104.68,65.02,107.36,13.6423,389.67,86.7606,357.5202,1027.5474,346.9631,79.0269,92.6172,99.81,255.1873,123.389,297.4731,255.7188,356.3,24.5672,86.3348,488.5013,1190.2344,579.2671,105.9154,575.95,589.9,498.9207,307.55,83.9686,41.5591,218.7452,136.9767,26.2,146.97,714.65,224.4866,104.5594,768.56,23.71,82.205,319.53,401.4977,99.6727,118.87,28.19,369.7831,98.04,46.99,52.17,111.18,58.16,57.81,184.76,185.33,85.11,44.81,43.38,164.45,118.1,153.8438
2026-08-07,313.06,483.36,274.48,427.76,234.42,62.8493,842.19,947.82,184.9459,620.83,104.91,65.64,108.55,13.8302,398.47,87.3993,354.0724,1034.5432,353.0185,79.1761,92.8365,101.65,256.622,124.488,300.7744,257.9677,357.52,24.9216,86.5336,488.3717,1184.0133,584.3358,106.1046,562.95,592.1,499.0505,308.6977,84.0182,41.2623,223.7097,137.5506,26.76,145.79,723.03,225.2051,104.977,773.26,23.79,82.4441,328.58,404.5887,100.2906,117.98,28.07,361.8278,98.43,47.06,52.86,111.25,57.5,57.6,185.18,187.97,85.12,44.98,43.61,165.68,119.86,152.0554
2026-08-10,308.26,469.56,278.09,422.4,232.79,63.5358,837.58,952.75,193.2237,609.28,103.18,65.17,108.01,13.85,402.54,87.7785,357.2903,1029.468,348.2139,79.0468,92.4279,97.52,257.3693,124.0584,299.1986,260.5251,359.79,24.5377,86.3547,490.8436,1230.1771,599.4522,105.517,563.17,594.92,505.1091,306.7017,84.0678,41.668,217.3068,136.2742,27.05,146.44,720.87,225.255,104.0523,773.03,24.05,81.7467,330.88,406.2385,100.4999,125.92,28.14,360.65,97.11,47.03,53.18,111.83,60.18,57.81,184.6,186.32,84.95,44.4,43.13,168.44,119.67,158.762
2026-08-11,304.91,474.32,272.27,416.08,233.24,63.6751,843.37,944.32,194.9586,617.95,103.53,65.43,108.09,13.98,400.96,89.1656,343.5791,1029.3685,351.8869,79.0766,92.5375,97.71,256.9807,123.4889,300.2059,258.525,362.04,24.2621,85.967,488.9199,1213.2814,594.0954,105.5469,561.44,599.12,502.8633,307.7196,85.1001,40.8863,217.2569,136.947,26.62,145.21,718.45,224.6663,106.0508,770.56,24.5,81.8763,332.81,399.7286,100.4003,127.61,28.14,362.82,96.38,47.27,53.24,111.27,60.93,57.8,185.7,186.09,84.69,44.08,43.63,168.01,119.24,158.7719
2026-08-12,302.25,482.93,267.28,416.05,231.2,64.481,855.6,949.58,194.8991,619.77,103.22,66.46,108.5,13.83,404.92,86.5809,343.3193,1032.1549,340.9177,79.1761,92.6272,100.95,256.8312,124.3082,301.9214,259.5797,365.18,24.144,86.1957,477.8563,1218.5339,602.9904,105.6764,559.73,578.85,491.5047,314.0968,85.1398,40.0848,223.8395,137.2339,26.31,144.08,723.7,224.9656,107.8703,772.49,24.25,81.7966,327.51,403.1078,100.4401,127.3,28.2,359.42,97.31,46.98,52.58,110.27,61.03,57.92,185.88,188.86,85.08,44.49,43.84,168.44,117.89,158.7222
2026-08-13,305.26,483.01,265.13,417.82,230.33,63.7647,854.6,961.85,195.9896,612.38,104.8,66.68,108.69,13.89,398.96,86.2117,346.1375,1037.5485,339.2003,79.3551,92.966,104.56,257.7579,125.5471,302.7094,260.7938,363.11,24.9806,86.9014,476.6304,1207.27,594.3339,106.1046,567.04,594.97,495.9464,315.3941,85.368,40.7972,225.0482,139.1337,26.8,144.26,732.07,226.6919,107.93,777.88,24.58,82.2747,339.96,396.6178,101.0382,125.03,28.18,365.45,98.58,48.22,52.31,112.55,61.06,58.26,185.79,190.77,86.0,45.12,44.04,168.38,118.45,157.5896
2026-08-14,305.93,514.39,262.65,392.99,231.67,64.1626,856.57,961.1,198.2697,608.85,106.85,66.61,108.64,14.37,401.48,86.5909,345.6778,1034.3541,336.3811,79.2755,92.7069,102.5,257.6284,125.1774,304.2953,259.0723,362.84,25.1086,87.1897,481.1555,1180.16,604.9383,105.6764,569.29,589.85,494.4691,316.5717,85.5467,40.3025,224.9083,139.3018,26.79,144.55,731.07,225.3548,107.69,776.34,24.89,81.7268,342.27,399.2715,100.799,126.6,28.11,364.15,98.83,48.48,52.54,112.95,61.91,58.16,186.51,190.01,86.09,45.27,44.31,167.37,118.2,159.07
2026-08-17,305.59,506.0,261.31,392.43,225.95,63.5657,881.65,953.5,200.9463,599.92,103.5,67.32,108.45,14.05,405.49,84.1959,343.779,1046.1863,335.4083,79.1761,92.5076,103.49,255.6854,124.9676,303.2679,261.0824,360.96,24.3605,86.4641,472.7731,1183.16,590.0901,105.2581,562.26,568.97,479.4474,321.422,85.5765,38.6797,224.7585,136.7788,26.87,143.12,729.87,224.1474,107.92,772.67,24.68,81.0395,339.3,393.1989,100.0714,130.29,28.1,358.84,97.98,48.06,52.24,110.82,62.58,57.58,186.32,190.32,84.68,44.83,44.18,167.05,116.75,161.46
2026-08-18,310.03,484.39,259.45,380.0,223.06,63.904,840.87,961.35,203.96,588.72,103.95,65.34,107.27,13.93,398.55,83.5372,343.9789,1035.3989,335.0211,79.0965,92.5973,96.69,255.7951,122.9594,299.4479,269.7794,363.25,24.4294,88.2931,477.1387,1225.73,603.4376,105.3975,574.31,543.67,480.725,311.1826,85.5765,39.6395,219.4944,138.6488,27.25,143.45,717.51,223.6185,106.01,767.45,24.9,81.3483,336.87,391.5192,100.1909,130.66,28.14,364.25,97.62,48.54,51.78,110.48,63.68,57.84,183.57,185.62,85.58,44.63,44.02,169.73,116.36,165.56
2026-08-19,316.83,466.42,265.84,362.48,222.2,62.8493,816.15,956.99,205.76,580.63,106.93,66.11,107.66,14.5,413.84,84.7847,344.4986,1016.6708,341.7813,79.2755,93.0457,92.8,257.8276,122.5597,300.934,272.0682,357.26,25.2759,89.8141,479.5508,1280.34,585.5284,106.1245,573.72,546.03,483.4,305.2646,85.2688,40.6191,217.3168,141.0729,28.24,144.38,716.08,223.868,104.98,769.06,25.12,82.7031,351.12,386.2317,100.9584,130.91,27.88,365.54,98.61,49.36,52.52,111.32,63.58,57.48,181.95,183.64,86.54,44.99,44.02,175.68,118.59,164.77
2026-08-20,311.3,469.46,260.11,364.03,215.1,61.546,815.39,933.51,205.77,620.94,107.32,66.62,107.35,13.99,415.26,85.9722,340.4512,997.0668,332.0431,79.1264,92.6671,92.13,255.2371,121.7105,296.8946,266.0578,351.55,25.1676,89.9632,479.7102,1244.4,567.967,105.6166,573.85,545.83,481.15,304.4961,84.3954,39.7879,216.6076,140.5782,27.79,142.97,710.93,221.8224,103.99,762.6,25.15,82.0257,345.13,382.4948,100.3405,134.54,27.91,365.73,98.6,49.19,52.42,110.68,63.75,56.95,179.77,183.1,85.32,45.08,43.77,172.39,116.68,166.15
2026-08-21,309.35,473.25,258.63,368.45,214.2,61.3769,827.9,947.74,205.27,647.47,107.78,67.12,108.24,14.41,423.36,87.7485,344.5985,1034.2148,333.1549,79.1761,92.4877,90.07,256.353,122.28,299.1786,268.9137,351.58,25.1775,90.5596,485.9696,1255.4,560.1057,105.4772,580.63,549.9,483.24,304.556,83.0257,40.3322,214.48,141.9634,28.07,144.68,713.44,222.7404,107.08,765.72,25.29,81.7368,362.86,387.7225,100.8986,134.64,27.9,371.04,98.5,49.45,53.54,111.4,63.64,57.48,180.25,183.31,85.99,45.08,42.77,174.62,118.02,165.11
2026-08-24,310.34,456.75,262.07,358.76,210.46,62.0136,811.02,971.4,203.09,648.64,110.61,66.11,108.03,13.93,426.69,86.8005,347.8364,1031.2295,334.9616,79.2656,92.677,87.26,257.3793,120.9312,297.1938,271.7,356.39,25.2661,91.4443,488.4215,1246.9301,560.6721,105.7361,599.86,559.02,487.31,299.9852,83.4723,40.3223,208.247,143.1409,27.97,146.6,706.32,223.3192,107.49,763.47,25.69,82.2448,348.95,396.3196,101.2375,132.21,27.96,382.41,99.1,50.15,53.58,112.32,63.11,58.22,179.0,180.05,87.45,45.33,43.22,174.7,118.3,164.05
2026-08-25,309.9,479.18,261.06,356.74,211.08,62.1131,811.29,960.01,199.89,630.66,111.25,67.25,108.81,13.95,428.07,85.6329,346.7371,1053.7192,335.4083,79.4844,93.1752,87.48,257.3294,121.7205,298.4505,273.14,356.69,24.9216,91.0964,485.6008,1233.66,553.099,106.4133,599.37,570.05,491.71,301.7916,83.5914,39.0656,212.8119,140.7662,28.57,145.4,710.72,223.5886,105.76,765.91,25.77,83.1514,350.25,394.1629,101.1677,126.15,27.94,384.14,99.25,50.25,53.58,113.18,62.06,58.31,178.4,181.74,86.52,45.36,43.31,175.29,117.95,160.64
2026-08-26,313.45,480.93,260.28,355.59,212.09,61.9141,821.93,956.12,200.21,634.54,109.63,67.17,108.27,13.9,421.32,86.1518,341.7803,1035.389,332.4005,79.4645,92.9859,88.24,257.5187,121.6406,298.1513,270.0,356.5,24.3999,89.5457,488.7206,1189.41,562.143,106.3336,598.47,576.14,496.37,303.3883,83.5914,38.1849,209.4257,140.6871,28.3,145.0,711.37,223.3391,108.49,766.08,25.87,82.982,345.82,398.5559,101.2176,127.35,28.02,383.9,98.61,50.19,53.67,112.61,62.43,58.26,180.34,182.84,86.27,45.09,43.51,173.54,117.16,158.19
2026-08-27,314.58,476.67,256.26,371.54,209.89,60.8595,817.0,934.66,199.77,622.66,106.82,67.61,108.02,13.95,422.6,86.0021,340.4312,1035.797,326.2061,79.4347,92.8962,92.09,256.6419,123.7786,299.029,265.77,354.22,24.7346,88.5317,483.7569,1176.1,562.4114,106.2838,591.73,571.1,505.06,303.6179,82.847,38.0365,227.7252,138.2432,28.02,143.14,721.11,224.1174,107.26,771.1,25.43,82.8127,354.81,392.6323,101.6462,130.01,28.02,379.66,97.65,49.43,53.23,111.41,62.29,57.88,178.8,188.61,85.08,44.66,43.18,171.58,115.88,156.44
2026-08-28,319.7,465.58,266.43,368.79,209.82,62.0037,800.25,945.47,201.86,630.33,108.1,67.14,107.72,13.88,408.89,86.092,346.3674,1028.9506,327.7745,79.3054,92.5176,89.47,257.3892,122.6397,294.9796,268.04,357.62,25.2956,89.1282,487.9033,1174.61,560.3839,105.9054,595.3,578.02,513.53,299.107,81.84,39.1843,217.3068,139.5789,27.96,143.78,716.43,223.1395,107.85,769.35,26.01,82.5636,348.75,390.5452,101.407,129.7,28.18,381.6,97.24,50.1,53.18,112.99,62.68,58.1,177.14,185.69,85.45,44.48,42.73,171.16,117.21,156.71
2026-08-31,316.85,470.72,259.77,370.34,207.78,61.6256,797.47,943.89,206.14,654.91,107.55,67.02,107.45,13.94,408.42,86.1419,339.132,1020.9,325.4318,79.375,92.408,89.51,255.9744,122.5997,293.1643,265.85,356.02,25.2661,88.144,487.973,1156.73,557.78,105.766,589.31,572.34,507.29,299.7556,82.34,38.65,220.5332,138.8566,28.46,145.12,716.76,222.1417,106.25,767.05,25.89,82.205,367.95,387.0269,101.1877,133.7,28.12,379.37,96.44,50.02,52.69,111.46,63.96,57.71,175.13,186.5,84.98,44.11,42.23,170.54,116.59,160.95
2026-09-01,325.13,459.61,254.92,369.68,205.66,61.6753,779.16,939.96,211.05,676.08,106.22,66.77,106.49,13.84,396.75,85.4533,334.8048,1002.56,317.4308,79.1,92.1,88.97,255.0179,121.101,289.8131,271.19,354.95,25.4629,87.478,485.1623,1160.0,544.5,105.22,581.1,578.54,501.02,295.9234,82.93,38.12,217.197,138.3124,28.55,146.21,707.64,220.5152,106.15,761.78,26.0,81.87,356.09,393.8747,100.789,141.0,28.21,372.67,96.3,50.3,52.07,110.88,64.77,57.2,172.73,183.64,85.25,44.04,42.56,171.67,114.59,164.55
2026-09-02,324.96,457.06,254.98,367.24,208.87,62.2822,792.28,928.48,211.78,698.37,107.98,67.15,107.06,14.14,402.78,84.6949,336.9034,1004.42,316.18,79.11,92.18,90.05,256.1438,121.7005,293.2441,275.21,356.22,25.8468,87.7166,485.85,1160.08,531.55,105.35,588.14,592.85,496.82,296.4424,83.1,38.24,224.1592,139.0347,29.02,147.64,709.24,220.9243,106.72,765.16,25.95,81.95,357.01,397.2141,100.6495,141.15,28.17,378.4,95.78,50.22,52.95,112.42,65.1,57.66,172.78,183.6,85.53,43.73,42.67,172.95,114.86,164.15
2026-09-03,328.21,456.16,258.9,357.16,210.51,62.72,800.14,925.41,211.32,694.41,107.16,67.47,108.21,14.41,410.22,87.04,342.26,1037.9301,318.07,79.21,92.28,91.67,258.4354,123.319,294.4211,278.43,362.06,25.02,88.2832,482.19,1159.6,532.95,105.5,585.71,610.68,510.12,298.8176,84.06,38.77,228.1947,138.54,28.81,146.92,717.67,222.9799,105.82,773.17,26.19,82.07,376.37,398.4863,101.4767,142.09,28.01,378.75,96.66,50.59,52.62,113.38,64.62,58.56,174.56,185.97,85.26,44.25,43.03,173.26,116.46,162.21
2026-09-04,319.97,477.57,258.51,357.9,212.25,62.68,813.94,915.74,208.6,693.53,105.31,68.7,108.35,14.62,406.77,87.76,338.46,1038.61,321.05,79.16,92.25,95.8,256.6918,123.2991,295.2389,275.23,358.64,24.85,87.5476,477.57,1149.36,525.28,105.48,579.21,616.77,499.7,304.2466,83.43,38.4,230.1025,137.63,28.45,146.44,718.96,222.1018,104.47,770.19,25.68,82.21,354.08,394.7096,100.47,141.96,28.08,375.07,96.02,50.14,52.44,112.03,64.06,58.1,175.27,187.28,84.58,43.93,43.08,171.45,114.91,159.47
2026-09-08,316.22,505.74,256.97,368.56,210.73,62.39,822.48,910.18,209.8,680.73,105.06,68.83,107.76,14.0,399.72,85.79,338.36,1036.53,313.7,79.12,92.16,104.47,254.5994,122.9094,293.9024,269.12,353.51,24.9,87.8359,468.38,1123.91,536.15,105.48,570.89,613.48,493.95,308.0689,83.83,38.1,225.4777,138.45,27.79,145.58,718.36,220.3156,102.01,765.96,25.6,82.2,368.16,398.3869,99.5929,146.03,27.99,368.64,95.93,50.41,51.94,111.52,64.77,57.3,174.42,187.87,84.02,43.9,43.45,167.13,113.99,160.66
2026-09-09,315.34,521.1,252.4,364.38,206.42,62.67,815.56,902.6,213.81,677.21,104.18,68.48,106.56,13.45,403.35,83.76,330.65,1028.78,310.45,78.98,91.9,106.24,253.1348,122.3499,289.8829,267.08,354.71,24.61,87.0307,466.65,1124.21,524.46,105.31,567.5,653.69,491.65,308.6677,82.65,37.35,223.42,136.69,27.78,142.64,716.31,219.0883,100.04,762.4,25.15,81.73,367.81,390.6545,99.1245,149.97,27.98,367.39,94.94,49.74,51.39,110.83,65.31,57.06,171.79,187.87,83.05,43.41,42.94,166.58,112.46,164.23
2026-09-10,326.57,503.6,251.89,360.83,204.8,62.56,805.0,902.38,212.76,677.94,105.82,67.0,105.66,13.88,396.36,86.12,332.6,1019.77,305.69,78.62,91.18,100.32,252.4074,121.2109,286.9506,266.35,353.56,24.39,87.309,461.62,1123.0,530.12,104.36,565.37,644.38,492.44,302.54,82.44,36.62,218.36,136.65,27.65,142.97,708.69,217.9507,99.22,757.83,25.55,80.78,363.56,385.9037,98.6759,158.38,28.03,367.21,94.12,49.97,50.76,111.5,64.93,56.87,170.55,185.22,83.09,43.05,42.52,165.66,111.96,165.23
2026-09-11,332.27,516.13,256.78,361.99,210.45,62.69,818.57,904.77,214.06,675.74,106.55,67.84,106.7,13.97,398.77,85.62,338.5,1029.1801,308.74,78.6,91.01,102.94,254.6492,122.1601,288.1375,265.58,356.23,24.6,87.7663,466.22,1115.7,524.19,104.32,569.19,648.03,495.63,306.4222,82.31,36.8,218.29,136.32,27.72,145.27,714.88,219.7269,98.74,764.29,26.06,80.87,365.44,376.77,99.2839,154.9,28.07,370.45,94.8,50.61,50.95,112.6,65.14,57.25,172.37,187.67,83.38,43.42,42.39,165.36,112.96,165.99
2026-09-14,333.08,493.41,253.54,344.72,210.27,59.47,784.0,918.91,212.17,681.46,108.59,65.99,105.85,13.86,392.84,87.16,349.39,988.45,310.87,78.53,90.93,97.19,254.44,121.151,287.16,266.32,350.13,24.27,88.82,464.41,1138.28,529.38,104.3,574.42,665.6,505.41,299.097,81.63,37.05,210.96,136.34,27.72,146.13,709.18,219.677,99.07,760.88,26.51,80.93,358.97,383.55,99.872,156.66,28.17,375.28,94.33,51.29,50.49,115.07,64.53,57.03,169.93,184.28,84.42,43.12,41.82,167.75,112.85,165.08
2026-09-15,331.34,504.2,248.42,339.27,209.69,59.52,783.54,901.35,217.77,684.04,106.42,65.76,105.4,13.5,394.15,85.37,344.98,976.67,305.48,78.38,90.82,97.14,253.49,120.45,285.14,267.2,352.49,24.73,88.71,462.96,1136.11,533.46,104.28,573.27,670.24,497.12,299.51,81.07,36.22,212.17,135.5,27.55,146.67,704.54,218.68,96.58,757.39,26.72,80.71,356.58,375.93,99.18,161.86,28.22,375.62,94.1,51.45,50.73,114.03,65.93,56.85,168.85,183.74,83.73,43.07,41.32,167.66,110.88,169.32
